RoutingID,RoutingType,DesNetwork,DesMsgID,DesMsgName,DesSigName,DesSigStartbit,DesSigLength,DesMuxedValue,SrcNetwork,SrcMsgID,SrcMsgName,SrcSigName,SrcSigStartbit,SrcSigLength,SrcMuxedValue,SigConversionID
BOD0950708_PWT0950708,Msg,Body_CAN,0x95,IDB_FUNCTION,CHKSM_IDB_FUNCTION,7,8,,PT_CAN,0x95,IDB_FUNCTION,CHKSM_IDB_FUNCTION,7,8,,SCF0
BOD0951104_PWT0951104,Msg,Body_CAN,0x95,IDB_FUNCTION,ALV_IDB_FUNCTION,11,4,,PT_CAN,0x95,IDB_FUNCTION,ALV_IDB_FUNCTION,11,4,,SCF0
BOD0951302_PWT0951302,Msg,Body_CAN,0x95,IDB_FUNCTION,STAT_ABS,13,2,,PT_CAN,0x95,IDB_FUNCTION,STAT_ABS,13,2,,SCF0
BOD0951502_PWT0951502,Msg,Body_CAN,0x95,IDB_FUNCTION,ABS_Active,15,2,,PT_CAN,0x95,IDB_FUNCTION,ABS_Active,15,2,,SCF0
BOD0951702_PWT0951702,Msg,Body_CAN,0x95,IDB_FUNCTION,AYC_Active,17,2,,PT_CAN,0x95,IDB_FUNCTION,AYC_Active,17,2,,SCF0
BOD0951902_PWT0951902,Msg,Body_CAN,0x95,IDB_FUNCTION,ASR_Active,19,2,,PT_CAN,0x95,IDB_FUNCTION,ASR_Active,19,2,,SCF0
BOD0952102_PWT0952102,Msg,Body_CAN,0x95,IDB_FUNCTION,STAT_DSC,21,2,,PT_CAN,0x95,IDB_FUNCTION,STAT_DSC,21,2,,SCF0
BOD0952302_PWT0952302,Msg,Body_CAN,0x95,IDB_FUNCTION,DSC_Active,23,2,,PT_CAN,0x95,IDB_FUNCTION,DSC_Active,23,2,,SCF0
BOD0952502_PWT0952502,Msg,Body_CAN,0x95,IDB_FUNCTION,HBA_ActiveSignal,25,2,,PT_CAN,0x95,IDB_FUNCTION,HBA_ActiveSignal,25,2,,SCF0
BOD0952702_PWT0952702,Msg,Body_CAN,0x95,IDB_FUNCTION,ARM_ActiveSignal,27,2,,PT_CAN,0x95,IDB_FUNCTION,ARM_ActiveSignal,27,2,,SCF0
BOD0952902_PWT0952902,Msg,Body_CAN,0x95,IDB_FUNCTION,STAT_AutoHazardBlinking,29,2,,PT_CAN,0x95,IDB_FUNCTION,STAT_AutoHazardBlinking,29,2,,SCF0
BOD0953102_PWT0953102,Msg,Body_CAN,0x95,IDB_FUNCTION,MSR_Active,31,2,,PT_CAN,0x95,IDB_FUNCTION,MSR_Active,31,2,,SCF0
BOD0953302_PWT0953302,Msg,Body_CAN,0x95,IDB_FUNCTION,HSA_ActiveSignal,33,2,,PT_CAN,0x95,IDB_FUNCTION,HSA_ActiveSignal,33,2,,SCF0
BOD0953502_PWT0953502,Msg,Body_CAN,0x95,IDB_FUNCTION,EPBi_ECD_ActiveSignal,35,2,,PT_CAN,0x95,IDB_FUNCTION,EPBi_ECD_ActiveSignal,35,2,,SCF0
BOD0953702_PWT0953702,Msg,Body_CAN,0x95,IDB_FUNCTION,TSM_Active,37,2,,PT_CAN,0x95,IDB_FUNCTION,TSM_Active,37,2,,SCF0
BOD0954102_PWT0954102,Msg,Body_CAN,0x95,IDB_FUNCTION,HAS_Available,41,2,,PT_CAN,0x95,IDB_FUNCTION,HAS_Available,41,2,,SCF0
BOD0954302_PWT0954302,Msg,Body_CAN,0x95,IDB_FUNCTION,STAT_EBD,43,2,,PT_CAN,0x95,IDB_FUNCTION,STAT_EBD,43,2,,SCF0
BOD0954502_PWT0954502,Msg,Body_CAN,0x95,IDB_FUNCTION,EBD_Active,45,2,,PT_CAN,0x95,IDB_FUNCTION,EBD_Active,45,2,,SCF0
BOD0955504_PWT0955504,Msg,Body_CAN,0x95,IDB_FUNCTION,ST_BRG_MSA,55,4,,PT_CAN,0x95,IDB_FUNCTION,ST_BRG_MSA,55,4,,SCF0
BOD0D90708_PWT0D90708,Msg,Body_CAN,0xd9,VCU_HV_DrvSys_status,CRC_VCU_HV_DrvSys_status,7,8,,PT_CAN,0xd9,VCU_HV_DrvSys_status,CRC_VCU_HV_DrvSys_status,7,8,,SCF0
BOD0D91104_PWT0D91104,Msg,Body_CAN,0xd9,VCU_HV_DrvSys_status,ALIV_VCU_HV_DrvSys_status,11,4,,PT_CAN,0xd9,VCU_HV_DrvSys_status,ALIV_VCU_HV_DrvSys_status,11,4,,SCF0
BOD0D91403_PWT0D91403,Msg,Body_CAN,0xd9,VCU_HV_DrvSys_status,VCU_HVsystem_status,14,3,,PT_CAN,0xd9,VCU_HV_DrvSys_status,VCU_HVsystem_status,14,3,,SCF0
BOD0D92312_PWT0D92312,Msg,Body_CAN,0xd9,VCU_HV_DrvSys_status,VCU_ACPD_Percent,23,12,,PT_CAN,0xd9,VCU_HV_DrvSys_status,VCU_ACPD_Percent,23,12,,SCF0
BOD0D92701_PWT0D92701,Msg,Body_CAN,0xd9,VCU_HV_DrvSys_status,VCU_ACPD_Percent_Valid,27,1,,PT_CAN,0xd9,VCU_HV_DrvSys_status,VCU_ACPD_Percent_Valid,27,1,,SCF0
BOD0D93403_PWT0D93403,Msg,Body_CAN,0xd9,VCU_HV_DrvSys_status,VCU_ACTGear,34,3,,PT_CAN,0xd9,VCU_HV_DrvSys_status,VCU_ACTGear,34,3,,SCF0
BOD0D93501_PWT0D93501,Msg,Body_CAN,0xd9,VCU_HV_DrvSys_status,VCU_ACTGearValid,35,1,,PT_CAN,0xd9,VCU_HV_DrvSys_status,VCU_ACTGearValid,35,1,,SCF0
BOD0D93803_PWT0D93803,Msg,Body_CAN,0xd9,VCU_HV_DrvSys_status,VCU_ACT_DriveMode,38,3,,PT_CAN,0xd9,VCU_HV_DrvSys_status,VCU_ACT_DriveMode,38,3,,SCF0
BOD0D93901_PWT0D93901,Msg,Body_CAN,0xd9,VCU_HV_DrvSys_status,VCU_ACT_DriveMode_Valid,39,1,,PT_CAN,0xd9,VCU_HV_DrvSys_status,VCU_ACT_DriveMode_Valid,39,1,,SCF0
BOD0D94303_PWT0D94303,Msg,Body_CAN,0xd9,VCU_HV_DrvSys_status,VCU_HV_DRVsystem_status,43,3,,PT_CAN,0xd9,VCU_HV_DrvSys_status,VCU_HV_DRVsystem_status,43,3,,SCF0
BOD0D94502_PWT0D94502,Msg,Body_CAN,0xd9,VCU_HV_DrvSys_status,VCU_Recu_BrakeLight_ON_Req,45,2,,PT_CAN,0xd9,VCU_HV_DrvSys_status,VCU_Recu_BrakeLight_ON_Req,45,2,,SCF0
BOD1000708_INF1000708,Msg,Body_CAN,0x100,MHU_Vehicle_Info,CHKSM_MHU_VEH_INFO,7,8,,Info_CAN,0x100,MHU_Vehicle_Info,CHKSM_MHU_VEH_INFO,7,8,,SCF0
BOD1001104_INF1001104,Msg,Body_CAN,0x100,MHU_Vehicle_Info,ALV_MHU_VEH_INFO,11,4,,Info_CAN,0x100,MHU_Vehicle_Info,ALV_MHU_VEH_INFO,11,4,,SCF0
BOD1002304_INF1002304,Msg,Body_CAN,0x100,MHU_Vehicle_Info,MHU_UserProfileId,23,4,,Info_CAN,0x100,MHU_Vehicle_Info,MHU_UserProfileId,23,4,,SCF0
BOD1004703_INF1004703,Msg,Body_CAN,0x100,MHU_Vehicle_Info,MHU_Connectivity_Status,47,3,,Info_CAN,0x100,MHU_Vehicle_Info,MHU_Connectivity_Status,47,3,,SCF0
BOD10D0302_INF10D0302,Msg,Body_CAN,0x10d,MHU_BCM_DoorsCtrl,MHU_APM_ReqWindow,3,2,,Info_CAN,0x10d,MHU_BCM_DoorsCtrl,MHU_APM_ReqWindow,3,2,,SCF0
BOD10D0502_INF10D0502,Msg,Body_CAN,0x10d,MHU_BCM_DoorsCtrl,MHU_BCM_RemoteDoorCtrl,5,2,,Info_CAN,0x10d,MHU_BCM_DoorsCtrl,MHU_BCM_RemoteDoorCtrl,5,2,,SCF0
BOD10D0702_INF10D0702,Msg,Body_CAN,0x10d,MHU_BCM_DoorsCtrl,MHU_BCM_reqTrunk,7,2,,Info_CAN,0x10d,MHU_BCM_DoorsCtrl,MHU_BCM_reqTrunk,7,2,,SCF0
BOD10D0902_INF10D0902,Msg,Body_CAN,0x10d,MHU_BCM_DoorsCtrl,MHU_BCM_reqFrunk,9,2,,Info_CAN,0x10d,MHU_BCM_DoorsCtrl,MHU_BCM_reqFrunk,9,2,,SCF0
BOD10D2308_INF10D2308,Msg,Body_CAN,0x10d,MHU_BCM_DoorsCtrl,MHU_BCM_ReqSunroof,23,8,,Info_CAN,0x10d,MHU_BCM_DoorsCtrl,MHU_BCM_ReqSunroof,23,8,,SCF0
BOD10D5516_INF10D5516,Msg,Body_CAN,0x10d,MHU_BCM_DoorsCtrl,TBOX_AuthCode_0x10D,55,16,,Info_CAN,0x10d,MHU_BCM_DoorsCtrl,TBOX_AuthCode_0x10D,55,16,,SCF0
BOD10F0302_INF10F0302,Msg,Body_CAN,0x10f,MHU_BCM_HornLightControl,MHU_SetHornOnOff,3,2,,Info_CAN,0x10f,MHU_BCM_HornLightControl,MHU_SetHornOnOff,3,2,,SCF0
BOD10F0502_INF10F0502,Msg,Body_CAN,0x10f,MHU_BCM_HornLightControl,MHU_SetLowBeam,5,2,,Info_CAN,0x10f,MHU_BCM_HornLightControl,MHU_SetLowBeam,5,2,,SCF0
BOD10F0702_INF10F0702,Msg,Body_CAN,0x10f,MHU_BCM_HornLightControl,MHU_SetHighBeam,7,2,,Info_CAN,0x10f,MHU_BCM_HornLightControl,MHU_SetHighBeam,7,2,,SCF0
BOD10F5516_INF10F5516,Msg,Body_CAN,0x10f,MHU_BCM_HornLightControl,TBOX_AuthCode_0x10F,55,16,,Info_CAN,0x10f,MHU_BCM_HornLightControl,TBOX_AuthCode_0x10F,55,16,,SCF0
BOD11A0502_INF11A0502,Msg,Body_CAN,0x11a,MHU_ServiceMode_Setting,MHU_SET_WiperServicePositionMod,5,2,,Info_CAN,0x11a,MHU_ServiceMode_Setting,MHU_SET_WiperServicePositionMod,5,2,,SCF0
BOD11A0702_INF11A0702,Msg,Body_CAN,0x11a,MHU_ServiceMode_Setting,MHU_Read_KeyFobOnCenterConsole,7,2,,Info_CAN,0x11a,MHU_ServiceMode_Setting,MHU_Read_KeyFobOnCenterConsole,7,2,,SCF0
BOD11B0703_INF11B0703,Msg,Body_CAN,0x11b,MHU_BCM_RemoteClampCtrl,TBOX_STAT_TerminalReq,7,3,,Info_CAN,0x11b,MHU_BCM_RemoteClampCtrl,TBOX_STAT_TerminalReq,7,3,,SCF0
BOD11B5516_INF11B5516,Msg,Body_CAN,0x11b,MHU_BCM_RemoteClampCtrl,TBOX_AuthCode_0x11B,55,16,,Info_CAN,0x11b,MHU_BCM_RemoteClampCtrl,TBOX_AuthCode_0x11B,55,16,,SCF0
BOD11C0703_INF11C0703,Msg,Body_CAN,0x11c,MHU_BCM_FOTAClampCtrl,TBOX_FOTA_STAT_TerminalReq,7,3,,Info_CAN,0x11c,MHU_BCM_FOTAClampCtrl,TBOX_FOTA_STAT_TerminalReq,7,3,,SCF0
BOD11F1302_INF11F1302,Msg,Body_CAN,0x11F,MHU_BCM_Ctrl,MHU_DrvInhibitSts,13,2,,Info_CAN,0x11F,MHU_BCM_Ctrl,MHU_DrvInhibitSts,13,2,,SCF0
BOD11F5516_INF11F5516,Msg,Body_CAN,0x11F,MHU_BCM_Ctrl,TBOX_AuthCode_0x11F,55,16,,Info_CAN,0x11F,MHU_BCM_Ctrl,TBOX_AuthCode_0x11F,55,16,,SCF0
BOD1670716_PWT1670716,Msg,Body_CAN,0x167,VCU_TWV1_Frm,TWV1_N_Position,7,16,,PT_CAN,0x167,VCU_TWV1_Frm,TWV1_N_Position,7,16,,SCF0
BOD1672316_PWT1672316,Msg,Body_CAN,0x167,VCU_TWV1_Frm,TWV1_St_Feedback,23,16,,PT_CAN,0x167,VCU_TWV1_Frm,TWV1_St_Feedback,23,16,,SCF0
BOD1673901_PWT1673901,Msg,Body_CAN,0x167,VCU_TWV1_Frm,TWV1_Frm_Error,39,1,,PT_CAN,0x167,VCU_TWV1_Frm,TWV1_Frm_Error,39,1,,SCF0
BOD1780708_CHA1780708,Msg,Body_CAN,0x178,YSS_LongAcc,CHKSM_YSS_LongAcc,7,8,,Chassis_CAN,0x178,YSS_LongAcc,CHKSM_YSS_LongAcc,7,8,,SCF0
BOD1781104_CHA1781104,Msg,Body_CAN,0x178,YSS_LongAcc,ALV_YSS_LongAcc,11,4,,Chassis_CAN,0x178,YSS_LongAcc,ALV_YSS_LongAcc,11,4,,SCF0
BOD1781504_CHA1781504,Msg,Body_CAN,0x178,YSS_LongAcc,YSS_LONG_ACCUNFILTERED_QUAL,15,4,,Chassis_CAN,0x178,YSS_LongAcc,YSS_LONG_ACCUNFILTERED_QUAL,15,4,,SCF0
BOD1782316_CHA1782316,Msg,Body_CAN,0x178,YSS_LongAcc,YSS_LONG_ACC_UNFILTERED,23,16,,Chassis_CAN,0x178,YSS_LongAcc,YSS_LONG_ACC_UNFILTERED,23,16,,SCF0
BOD1783504_CHA1783504,Msg,Body_CAN,0x178,YSS_LongAcc,YSS_LONG_ACC_QUAL,35,4,,Chassis_CAN,0x178,YSS_LongAcc,YSS_LONG_ACC_QUAL,35,4,,SCF0
BOD1784716_CHA1784716,Msg,Body_CAN,0x178,YSS_LongAcc,YSS_LONG_ACC,47,16,,Chassis_CAN,0x178,YSS_LongAcc,YSS_LONG_ACC,47,16,,SCF0
BOD17D1104_CHA17D1104,Msg,Body_CAN,0x17d,YSS_YawRate,ALV_YSS_YawRate,11,4,,Chassis_CAN,0x17d,YSS_YawRate,ALV_YSS_YawRate,11,4,,SCF0
BOD17D2316_CHA17D2316,Msg,Body_CAN,0x17d,YSS_YawRate,YSS_YAW_RATE_UNFILTERED,23,16,,Chassis_CAN,0x17d,YSS_YawRate,YSS_YAW_RATE_UNFILTERED,23,16,,SCF0
BOD17D3504_CHA17D3504,Msg,Body_CAN,0x17d,YSS_YawRate,YSS_YAW_RATE_QUAL,35,4,,Chassis_CAN,0x17d,YSS_YawRate,YSS_YAW_RATE_QUAL,35,4,,SCF0
BOD17D3904_CHA17D3904,Msg,Body_CAN,0x17d,YSS_YawRate,YSS_SC_STATUS,39,4,,Chassis_CAN,0x17d,YSS_YawRate,YSS_SC_STATUS,39,4,,SCF0
BOD17D4716_CHA17D4716,Msg,Body_CAN,0x17d,YSS_YawRate,YSS_YAW_RATE,47,16,,Chassis_CAN,0x17d,YSS_YawRate,YSS_YAW_RATE,47,16,,SCF0
BOD17D6308_CHA17D6308,Msg,Body_CAN,0x17d,YSS_YawRate,YSS_TEMPERATURE,63,8,,Chassis_CAN,0x17d,YSS_YawRate,YSS_TEMPERATURE,63,8,,SCF0
BOD17E0708_CHA17E0708,Msg,Body_CAN,0x17e,SAS_Sensor,CHKSM_SAS_Sensor,7,8,,Chassis_CAN,0x17e,SAS_Sensor,CHKSM_SAS_Sensor,7,8,,SCF0
BOD17E1104_CHA17E1104,Msg,Body_CAN,0x17e,SAS_Sensor,ALV_SAS_Sensor,11,4,,Chassis_CAN,0x17e,SAS_Sensor,ALV_SAS_Sensor,11,4,,SCF0
BOD17E1302_CHA17E1302,Msg,Body_CAN,0x17e,SAS_Sensor,SAS_SASStsSnsr,13,2,,Chassis_CAN,0x17e,SAS_Sensor,SAS_SASStsSnsr,13,2,,SCF0
BOD17E2114_CHA17E2114,Msg,Body_CAN,0x17e,SAS_Sensor,SAS_SteerWhlRotSpd,21,14,,Chassis_CAN,0x17e,SAS_Sensor,SAS_SteerWhlRotSpd,21,14,,SCF0
BOD17E2302_CHA17E2302,Msg,Body_CAN,0x17e,SAS_Sensor,SAS_SteerWhlRotSpdStatus,23,2,,Chassis_CAN,0x17e,SAS_Sensor,SAS_SteerWhlRotSpdStatus,23,2,,SCF0
BOD17E3302_CHA17E3302,Msg,Body_CAN,0x17e,SAS_Sensor,SAS_SASFailure,33,2,,Chassis_CAN,0x17e,SAS_Sensor,SAS_SASFailure,33,2,,SCF0
BOD17E3502_CHA17E3502,Msg,Body_CAN,0x17e,SAS_Sensor,SAS_Calibrated,35,2,,Chassis_CAN,0x17e,SAS_Sensor,SAS_Calibrated,35,2,,SCF0
BOD17E3902_CHA17E3902,Msg,Body_CAN,0x17e,SAS_Sensor,SAS_SteerWheelAngleValid,39,2,,Chassis_CAN,0x17e,SAS_Sensor,SAS_SteerWheelAngleValid,39,2,,SCF0
BOD17E4716_CHA17E4716,Msg,Body_CAN,0x17e,SAS_Sensor,SAS_SteerWheelAngle,47,16,,Chassis_CAN,0x17e,SAS_Sensor,SAS_SteerWheelAngle,47,16,,SCF0
BOD1A10708_PWT1A10708,Msg,Body_CAN,0x1a1,IDB_V_VEH,CHSKM_V_VEH,7,8,,PT_CAN,0x1a1,IDB_V_VEH,CHSKM_V_VEH,7,8,,SCF0
BOD1A11104_PWT1A11104,Msg,Body_CAN,0x1a1,IDB_V_VEH,ALIV_V_VEH,11,4,,PT_CAN,0x1a1,IDB_V_VEH,ALIV_V_VEH,11,4,,SCF0
BOD1A12316_PWT1A12316,Msg,Body_CAN,0x1a1,IDB_V_VEH,V_VEH_COG,23,16,,PT_CAN,0x1a1,IDB_V_VEH,V_VEH_COG,23,16,,SCF0
BOD1A13503_PWT1A13503,Msg,Body_CAN,0x1a1,IDB_V_VEH,DVCO_VEH,35,3,,PT_CAN,0x1a1,IDB_V_VEH,DVCO_VEH,35,3,,SCF0
BOD1A13904_PWT1A13904,Msg,Body_CAN,0x1a1,IDB_V_VEH,QU_V_VEH_COG,39,4,,PT_CAN,0x1a1,IDB_V_VEH,QU_V_VEH_COG,39,4,,SCF0
BOD1F80708_PWT1F80708,Msg,Body_CAN,0x1f8,EDS_OutPut_FR,CHKSM_EDS_OutPut_FR,7,8,,PT_CAN,0x1f8,EDS_OutPut_FR,CHKSM_EDS_OutPut_FR,7,8,,SCF0
BOD1F81104_PWT1F81104,Msg,Body_CAN,0x1f8,EDS_OutPut_FR,ALV_EDS_OutPut_FR,11,4,,PT_CAN,0x1f8,EDS_OutPut_FR,ALV_EDS_OutPut_FR,11,4,,SCF0
BOD1F81504_PWT1F81504,Msg,Body_CAN,0x1f8,EDS_OutPut_FR,EDS_Work_STS_FR,15,4,,PT_CAN,0x1f8,EDS_OutPut_FR,EDS_Work_STS_FR,15,4,,SCF0
BOD1F82316_PWT1F82316,Msg,Body_CAN,0x1f8,EDS_OutPut_FR,EDS_Spd_FR,23,16,,PT_CAN,0x1f8,EDS_OutPut_FR,EDS_Spd_FR,23,16,,SCF0
BOD1F83302_PWT1F83302,Msg,Body_CAN,0x1f8,EDS_OutPut_FR,EDS_output_trqValid_FR,33,2,,PT_CAN,0x1f8,EDS_OutPut_FR,EDS_output_trqValid_FR,33,2,,SCF0
BOD1F83502_PWT1F83502,Msg,Body_CAN,0x1f8,EDS_OutPut_FR,EDS_MotorDriveSts_FR,35,2,,PT_CAN,0x1f8,EDS_OutPut_FR,EDS_MotorDriveSts_FR,35,2,,SCF0
BOD1F83702_PWT1F83702,Msg,Body_CAN,0x1f8,EDS_OutPut_FR,EDS_powoff_req_FR,37,2,,PT_CAN,0x1f8,EDS_OutPut_FR,EDS_powoff_req_FR,37,2,,SCF0
BOD1F83902_PWT1F83902,Msg,Body_CAN,0x1f8,EDS_OutPut_FR,EDS_SpdValid_FR,39,2,,PT_CAN,0x1f8,EDS_OutPut_FR,EDS_SpdValid_FR,39,2,,SCF0
BOD1F84716_PWT1F84716,Msg,Body_CAN,0x1f8,EDS_OutPut_FR,EDS_output_trq_FR,47,16,,PT_CAN,0x1f8,EDS_OutPut_FR,EDS_output_trq_FR,47,16,,SCF0
BOD1F86302_PWT1F86302,Msg,Body_CAN,0x1f8,EDS_OutPut_FR,EDS_VCU_6SO_flag_FWD,63,2,,PT_CAN,0x1f8,EDS_OutPut_FR,EDS_VCU_6SO_flag_FWD,63,2,,SCF0
BOD1F90708_PWT1F90708,Msg,Body_CAN,0x1f9,EDS_OutPut_RR,CHKSM_EDS_OutPut_RR,7,8,,PT_CAN,0x1f9,EDS_OutPut_RR,CHKSM_EDS_OutPut_RR,7,8,,SCF0
BOD1F91104_PWT1F91104,Msg,Body_CAN,0x1f9,EDS_OutPut_RR,ALV_EDS_OutPut_RR,11,4,,PT_CAN,0x1f9,EDS_OutPut_RR,ALV_EDS_OutPut_RR,11,4,,SCF0
BOD1F91504_PWT1F91504,Msg,Body_CAN,0x1f9,EDS_OutPut_RR,EDS_Work_STS_RR,15,4,,PT_CAN,0x1f9,EDS_OutPut_RR,EDS_Work_STS_RR,15,4,,SCF0
BOD1F92316_PWT1F92316,Msg,Body_CAN,0x1f9,EDS_OutPut_RR,EDS_Spd_RR,23,16,,PT_CAN,0x1f9,EDS_OutPut_RR,EDS_Spd_RR,23,16,,SCF0
BOD1F93302_PWT1F93302,Msg,Body_CAN,0x1f9,EDS_OutPut_RR,EDS_output_trqValid_RR,33,2,,PT_CAN,0x1f9,EDS_OutPut_RR,EDS_output_trqValid_RR,33,2,,SCF0
BOD1F93502_PWT1F93502,Msg,Body_CAN,0x1f9,EDS_OutPut_RR,EDS_MotorDriveSts_RR,35,2,,PT_CAN,0x1f9,EDS_OutPut_RR,EDS_MotorDriveSts_RR,35,2,,SCF0
BOD1F93702_PWT1F93702,Msg,Body_CAN,0x1f9,EDS_OutPut_RR,EDS_powoff_req_RR,37,2,,PT_CAN,0x1f9,EDS_OutPut_RR,EDS_powoff_req_RR,37,2,,SCF0
BOD1F93902_PWT1F93902,Msg,Body_CAN,0x1f9,EDS_OutPut_RR,EDS_SpdValid_RR,39,2,,PT_CAN,0x1f9,EDS_OutPut_RR,EDS_SpdValid_RR,39,2,,SCF0
BOD1F94716_PWT1F94716,Msg,Body_CAN,0x1f9,EDS_OutPut_RR,EDS_output_trq_RR,47,16,,PT_CAN,0x1f9,EDS_OutPut_RR,EDS_output_trq_RR,47,16,,SCF0
BOD1F96302_PWT1F96302,Msg,Body_CAN,0x1f9,EDS_OutPut_RR,EDS_VCU_6SO_flag_RWD,63,2,,PT_CAN,0x1f9,EDS_OutPut_RR,EDS_VCU_6SO_flag_RWD,63,2,,SCF0
BOD20C0708_INF20C0708,Msg,Body_CAN,0x20c,IC_ODO,CHKSM_IC_ODO,7,8,,Info_CAN,0x20c,IC_ODO,CHKSM_IC_ODO,7,8,,SCF0
BOD20C1104_INF20C1104,Msg,Body_CAN,0x20c,IC_ODO,ALIV_IC_ODO,11,4,,Info_CAN,0x20c,IC_ODO,ALIV_IC_ODO,11,4,,SCF0
BOD20C2320_INF20C2320,Msg,Body_CAN,0x20c,IC_ODO,MHU_Odometer_IC,23,20,,Info_CAN,0x20c,IC_ODO,MHU_Odometer_IC,23,20,,SCF0
BOD20D0708_CHA20D0708,Msg,Body_CAN,0x20d,IDB_STATUS,CHKSM_IDB_STATUS,7,8,,Chassis_CAN,0x20d,IDB_STATUS,CHKSM_IDB_STATUS,7,8,,SCF0
BOD20D1104_CHA20D1104,Msg,Body_CAN,0x20d,IDB_STATUS,ALV_IDB_STATUS,11,4,,Chassis_CAN,0x20d,IDB_STATUS,ALV_IDB_STATUS,11,4,,SCF0
BOD20D1302_CHA20D1302,Msg,Body_CAN,0x20d,IDB_STATUS,ESPTransRequestType,13,2,,Chassis_CAN,0x20d,IDB_STATUS,ESPTransRequestType,13,2,,SCF0
BOD20D1401_CHA20D1401,Msg,Body_CAN,0x20d,IDB_STATUS,ABSFault,14,1,,Chassis_CAN,0x20d,IDB_STATUS,ABSFault,14,1,,SCF0
BOD20D1501_CHA20D1501,Msg,Body_CAN,0x20d,IDB_STATUS,ABSActive,15,1,,Chassis_CAN,0x20d,IDB_STATUS,ABSActive,15,1,,SCF0
BOD20D2313_CHA20D2313,Msg,Body_CAN,0x20d,IDB_STATUS,VehicleSpd,23,13,,Chassis_CAN,0x20d,IDB_STATUS,VehicleSpd,23,13,,SCF0
BOD20D2501_CHA20D2501,Msg,Body_CAN,0x20d,IDB_STATUS,MCPressureSts,25,1,,Chassis_CAN,0x20d,IDB_STATUS,MCPressureSts,25,1,,SCF0
BOD20D2601_CHA20D2601,Msg,Body_CAN,0x20d,IDB_STATUS,VehicleSpdSts,26,1,,Chassis_CAN,0x20d,IDB_STATUS,VehicleSpdSts,26,1,,SCF0
BOD20D3908_CHA20D3908,Msg,Body_CAN,0x20d,IDB_STATUS,MCPressure,39,8,,Chassis_CAN,0x20d,IDB_STATUS,MCPressure,39,8,,SCF0
BOD20D4202_CHA20D4202,Msg,Body_CAN,0x20d,IDB_STATUS,BRAKE_LightonRequestEPBi,42,2,,Chassis_CAN,0x20d,IDB_STATUS,BRAKE_LightonRequestEPBi,42,2,,SCF0
BOD20D4301_CHA20D4301,Msg,Body_CAN,0x20d,IDB_STATUS,VDCActive,43,1,,Chassis_CAN,0x20d,IDB_STATUS,VDCActive,43,1,,SCF0
BOD20D4401_CHA20D4401,Msg,Body_CAN,0x20d,IDB_STATUS,TCSActive,44,1,,Chassis_CAN,0x20d,IDB_STATUS,TCSActive,44,1,,SCF0
BOD20D4501_CHA20D4501,Msg,Body_CAN,0x20d,IDB_STATUS,TCSAvailable,45,1,,Chassis_CAN,0x20d,IDB_STATUS,TCSAvailable,45,1,,SCF0
BOD20D4601_CHA20D4601,Msg,Body_CAN,0x20d,IDB_STATUS,IDBActive,46,1,,Chassis_CAN,0x20d,IDB_STATUS,IDBActive,46,1,,SCF0
BOD20D4701_CHA20D4701,Msg,Body_CAN,0x20d,IDB_STATUS,IDBFault,47,1,,Chassis_CAN,0x20d,IDB_STATUS,IDBFault,47,1,,SCF0
BOD20D5504_CHA20D5504,Msg,Body_CAN,0x20d,IDB_STATUS,IDB_Power_Stage,55,4,,Chassis_CAN,0x20d,IDB_STATUS,IDB_Power_Stage,55,4,,SCF0
BOD2100708_CHA2100708,Msg,Body_CAN,0x210,RCU_STATUS,CHKSM_RCU_Status,7,8,,Chassis_CAN,0x210,RCU_STATUS,CHKSM_RCU_Status,7,8,,SCF0
BOD2101104_CHA2101104,Msg,Body_CAN,0x210,RCU_STATUS,ALV_RCU_Status,11,4,,Chassis_CAN,0x210,RCU_STATUS,ALV_RCU_Status,11,4,,SCF0
BOD2101201_CHA2101201,Msg,Body_CAN,0x210,RCU_STATUS,RCU_DAA_NoOpDoorOpen_1,12,1,,Chassis_CAN,0x210,RCU_STATUS,RCU_DAA_NoOpDoorOpen_1,12,1,,SCF0
BOD2101502_CHA2101502,Msg,Body_CAN,0x210,RCU_STATUS,RCU_EPBParkingStatus,15,2,,Chassis_CAN,0x210,RCU_STATUS,RCU_EPBParkingStatus,15,2,,SCF0
BOD2101701_CHA2101701,Msg,Body_CAN,0x210,RCU_STATUS,EPB_Swch_Mafnc,17,1,,Chassis_CAN,0x210,RCU_STATUS,EPB_Swch_Mafnc,17,1,,SCF0
BOD2101801_CHA2101801,Msg,Body_CAN,0x210,RCU_STATUS,RCU_ParkBrkApplied_1,18,1,,Chassis_CAN,0x210,RCU_STATUS,RCU_ParkBrkApplied_1,18,1,,SCF0
BOD2101901_CHA2101901,Msg,Body_CAN,0x210,RCU_STATUS,RCU_ReleaseEPB_Wo_PressBrk_1,19,1,,Chassis_CAN,0x210,RCU_STATUS,RCU_ReleaseEPB_Wo_PressBrk_1,19,1,,SCF0
BOD2102001_CHA2102001,Msg,Body_CAN,0x210,RCU_STATUS,RCU_BrkForceNotEnough_1,20,1,,Chassis_CAN,0x210,RCU_STATUS,RCU_BrkForceNotEnough_1,20,1,,SCF0
BOD2102101_CHA2102101,Msg,Body_CAN,0x210,RCU_STATUS,RCU_ParkOnSteepInclination_1,21,1,,Chassis_CAN,0x210,RCU_STATUS,RCU_ParkOnSteepInclination_1,21,1,,SCF0
BOD2102201_CHA2102201,Msg,Body_CAN,0x210,RCU_STATUS,RCU_ECD_RWU_active_1,22,1,,Chassis_CAN,0x210,RCU_STATUS,RCU_ECD_RWU_active_1,22,1,,SCF0
BOD2102301_CHA2102301,Msg,Body_CAN,0x210,RCU_STATUS,RCU_EHandBrk_fault_1,23,1,,Chassis_CAN,0x210,RCU_STATUS,RCU_EHandBrk_fault_1,23,1,,SCF0
BOD2103102_CHA2103102,Msg,Body_CAN,0x210,RCU_STATUS,RCU_BRAKE_LightonRequestEPBi,31,2,,Chassis_CAN,0x210,RCU_STATUS,RCU_BRAKE_LightonRequestEPBi,31,2,,SCF0
BOD2150708_BAT2150708,Msg,Body_CAN,0x215,BMS_Sts,Checksum_0x215,7,8,,BA_CAN,0x215,BMS_Sts,Checksum_0x215,7,8,,SCF0
BOD2151104_BAT2151104,Msg,Body_CAN,0x215,BMS_Sts,Rolling_Counter_0x215,11,4,,BA_CAN,0x215,BMS_Sts,Rolling_Counter_0x215,11,4,,SCF0
BOD2151201_BAT2151201,Msg,Body_CAN,0x215,BMS_Sts,BMS_BatBalance_ERR,12,1,,BA_CAN,0x215,BMS_Sts,BMS_BatBalance_ERR,12,1,,SCF0
BOD2151301_BAT2151301,Msg,Body_CAN,0x215,BMS_Sts,BMS_Balance_STS,13,1,,BA_CAN,0x215,BMS_Sts,BMS_Balance_STS,13,1,,SCF0
BOD2151401_BAT2151401,Msg,Body_CAN,0x215,BMS_Sts,BMS_IGN_Sts,14,1,,BA_CAN,0x215,BMS_Sts,BMS_IGN_Sts,14,1,,SCF0
BOD2151501_BAT2151501,Msg,Body_CAN,0x215,BMS_Sts,BMS_HWCrash_Sts,15,1,,BA_CAN,0x215,BMS_Sts,BMS_HWCrash_Sts,15,1,,SCF0
BOD2151702_BAT2151702,Msg,Body_CAN,0x215,BMS_Sts,BMS_HVIL_STS,17,2,,BA_CAN,0x215,BMS_Sts,BMS_HVIL_STS,17,2,,SCF0
BOD2151902_BAT2151902,Msg,Body_CAN,0x215,BMS_Sts,BMS_HVOnOff_STS,19,2,,BA_CAN,0x215,BMS_Sts,BMS_HVOnOff_STS,19,2,,SCF0
BOD2152304_BAT2152304,Msg,Body_CAN,0x215,BMS_Sts,BMS_ERR_LEV,23,4,,BA_CAN,0x215,BMS_Sts,BMS_ERR_LEV,23,4,,SCF0
BOD2152510_BAT2152510,Msg,Body_CAN,0x215,BMS_Sts,BMS_SocActual_EST,25,10,,BA_CAN,0x215,BMS_Sts,BMS_SocActual_EST,25,10,,SCF0
BOD2152904_BAT2152904,Msg,Body_CAN,0x215,BMS_Sts,BMS_Sys_STS,29,4,,BA_CAN,0x215,BMS_Sts,BMS_Sys_STS,29,4,,SCF0
BOD2153102_BAT2153102,Msg,Body_CAN,0x215,BMS_Sts,BMS_ISU_Status,31,2,,BA_CAN,0x215,BMS_Sts,BMS_ISU_Status,31,2,,SCF0
BOD2154708_BAT2154708,Msg,Body_CAN,0x215,BMS_Sts,BMS_SOH,47,8,,BA_CAN,0x215,BMS_Sts,BMS_SOH,47,8,,SCF0
BOD2155508_BAT2155508,Msg,Body_CAN,0x215,BMS_Sts,BMS_SOE,55,8,,BA_CAN,0x215,BMS_Sts,BMS_SOE,55,8,,SCF0
BOD2156308_BAT2156308,Msg,Body_CAN,0x215,BMS_Sts,BMS_HV_Sts,63,8,,BA_CAN,0x215,BMS_Sts,BMS_HV_Sts,63,8,,SCF0
BOD2190708_BAT2190708,Msg,Body_CAN,0x219,VCU_PTControl,CHSKM_VCU_PTControl,7,8,,BA_CAN,0x219,VCU_PTControl,CHSKM_VCU_PTControl,7,8,,SCF0
BOD2191104_BAT2191104,Msg,Body_CAN,0x219,VCU_PTControl,ALV_VCU_PTControl,11,4,,BA_CAN,0x219,VCU_PTControl,ALV_VCU_PTControl,11,4,,SCF0
BOD2195401_BAT2195401,Msg,Body_CAN,0x219,VCU_PTControl,VCU_ChargeAllow,54,1,,BA_CAN,0x219,VCU_PTControl,VCU_ChargeAllow,54,1,,SCF0
BOD2200102_INF2200102,Msg,Body_CAN,0x220,MHU_CCUR_ClimateSetting,MHU_SET_CCUR_AirCondition,1,2,,Info_CAN,0x220,MHU_CCUR_ClimateSetting,MHU_SET_CCUR_AirCondition,1,2,,SCF0
BOD2200302_INF2200302,Msg,Body_CAN,0x220,MHU_CCUR_ClimateSetting,MHU_SET_CCUR_AutoAC,3,2,,Info_CAN,0x220,MHU_CCUR_ClimateSetting,MHU_SET_CCUR_AutoAC,3,2,,SCF0
BOD2200502_INF2200502,Msg,Body_CAN,0x220,MHU_CCUR_ClimateSetting,MHU_SET_CCUR_RearLock,5,2,,Info_CAN,0x220,MHU_CCUR_ClimateSetting,MHU_SET_CCUR_RearLock,5,2,,SCF0
BOD2200702_INF2200702,Msg,Body_CAN,0x220,MHU_CCUR_ClimateSetting,MHU_SET_CCUR_MaxAc,7,2,,Info_CAN,0x220,MHU_CCUR_ClimateSetting,MHU_SET_CCUR_MaxAc,7,2,,SCF0
BOD2201104_INF2201104,Msg,Body_CAN,0x220,MHU_CCUR_ClimateSetting,MHU_SET_CCUR_FanSpeed,11,4,,Info_CAN,0x220,MHU_CCUR_ClimateSetting,MHU_SET_CCUR_FanSpeed,11,4,,SCF0
BOD2201302_INF2201302,Msg,Body_CAN,0x220,MHU_CCUR_ClimateSetting,MHU_SET_CCUR_Recirculation,13,2,,Info_CAN,0x220,MHU_CCUR_ClimateSetting,MHU_SET_CCUR_Recirculation,13,2,,SCF0
BOD2201502_INF2201502,Msg,Body_CAN,0x220,MHU_CCUR_ClimateSetting,MHU_SET_CCUR_Ion,15,2,,Info_CAN,0x220,MHU_CCUR_ClimateSetting,MHU_SET_CCUR_Ion,15,2,,SCF0
BOD2201803_INF2201803,Msg,Body_CAN,0x220,MHU_CCUR_ClimateSetting,MHU_SET_CCUR_FlapPosition,18,3,,Info_CAN,0x220,MHU_CCUR_ClimateSetting,MHU_SET_CCUR_FlapPosition,18,3,,SCF0
BOD2202002_INF2202002,Msg,Body_CAN,0x220,MHU_CCUR_ClimateSetting,MHU_SET_CCUR_SyncClimateZone,20,2,,Info_CAN,0x220,MHU_CCUR_ClimateSetting,MHU_SET_CCUR_SyncClimateZone,20,2,,SCF0
BOD2203108_INF2203108,Msg,Body_CAN,0x220,MHU_CCUR_ClimateSetting,MHU_SET_CCUR_TempRear,31,8,,Info_CAN,0x220,MHU_CCUR_ClimateSetting,MHU_SET_CCUR_TempRear,31,8,,SCF0
BOD2204702_INF2204702,Msg,Body_CAN,0x220,MHU_CCUR_ClimateSetting,MHU_SET_CCUR_FrontDefrost,47,2,,Info_CAN,0x220,MHU_CCUR_ClimateSetting,MHU_SET_CCUR_FrontDefrost,47,2,,SCF0
BOD2240708_BAT2200708,Msg,Body_CAN,0x224,VCU_BMS_Thermal_FB,CHSKM_VCU_BMS_Thermal_FB,7,8,,BA_CAN,0x220,VCU_BMS_Thermal_FB,CHSKM_VCU_BMS_Thermal_FB,7,8,,SCF0
BOD2241104_BAT2201104,Msg,Body_CAN,0x224,VCU_BMS_Thermal_FB,ALIV_VCU_BMS_Thermal_FB,11,4,,BA_CAN,0x220,VCU_BMS_Thermal_FB,ALIV_VCU_BMS_Thermal_FB,11,4,,SCF0
BOD2241201_BAT2201201,Msg,Body_CAN,0x224,VCU_BMS_Thermal_FB,VCU_BMS_PTCOnOff_Sts,12,1,,BA_CAN,0x220,VCU_BMS_Thermal_FB,VCU_BMS_PTCOnOff_Sts,12,1,,SCF0
BOD2241301_BAT2201301,Msg,Body_CAN,0x224,VCU_BMS_Thermal_FB,VCU_BMS_ValveOnOff_Sts,13,1,,BA_CAN,0x220,VCU_BMS_Thermal_FB,VCU_BMS_ValveOnOff_Sts,13,1,,SCF0
BOD2241803_BAT2201803,Msg,Body_CAN,0x224,VCU_BMS_Thermal_FB,VCU_BMS_PumpFB,18,3,,BA_CAN,0x220,VCU_BMS_Thermal_FB,VCU_BMS_PumpFB,18,3,,SCF0
BOD2310001_XL201D0401,Sig,Body_CAN,0x231,DoorFLStatus,NDoorFLHomeSignal,0,1,,XGW_LIN2,0x1D,DoorFLStatus,NDoorFLHomeSignal,4,1,,SCF0
BOD2310101_XL201D0501,Sig,Body_CAN,0x231,DoorFLStatus,NDoorFLSecondarySignal,1,1,,XGW_LIN2,0x1D,DoorFLStatus,NDoorFLSecondarySignal,5,1,,SCF0
BOD2310201_XL201D0601,Sig,Body_CAN,0x231,DoorFLStatus,NDoorFLPrimarySignal,2,1,,XGW_LIN2,0x1D,DoorFLStatus,NDoorFLPrimarySignal,6,1,,SCF0
BOD2310301_XL201D0701,Sig,Body_CAN,0x231,DoorFLStatus,NDoorFLClawSignal,3,1,,XGW_LIN2,0x1D,DoorFLStatus,NDoorFLClawSignal,7,1,,SCF0
BOD2310704_XL201D0004,Sig,Body_CAN,0x231,DoorFLStatus,NDoorFLClawStatus,7,4,,XGW_LIN2,0x1D,DoorFLStatus,NDoorFLClawStatus,0,4,,SCF0
BOD2311001_XL201D1501,Sig,Body_CAN,0x231,DoorFLStatus,BDLFLResponseError,10,1,,XGW_LIN2,0x1D,DoorFLStatus,BDLFLResponseError,15,1,,SCF0
BOD2312308_XL201D3208,Sig,Body_CAN,0x231,DoorFLStatus,NDoorFLCounter,23,8,,XGW_LIN2,0x1D,DoorFLStatus,NDoorFLCounter,32,8,,SCF0
BOD2312603_XL201D1603,Sig,Body_CAN,0x231,DoorFLStatus,NDoorFLOutsideHandleFailure,26,3,,XGW_LIN2,0x1D,DoorFLStatus,NDoorFLOutsideHandleFailure,16,3,,SCF0
BOD2313907_XL201D0807,Sig,Body_CAN,0x231,DoorFLStatus,NDoorFLOutsideHandleStatus,39,7,,XGW_LIN2,0x1D,DoorFLStatus,NDoorFLOutsideHandleStatus,8,7,,SCF0
BOD2315506_XL201D1906,Sig,Body_CAN,0x231,DoorFLStatus,NDoorLatchFLFailure,55,6,,XGW_LIN2,0x1D,DoorFLStatus,NDoorLatchFLFailure,19,6,,SCF0
BOD2390001_XL202A0401,Sig,Body_CAN,0x239,DoorRRStatus,NDoorRRHomeSignal,0,1,,XGW_LIN2,0x2A,DoorRRStatus,NDoorRRHomeSignal,4,1,,SCF0
BOD2390101_XL202A0501,Sig,Body_CAN,0x239,DoorRRStatus,NDoorRRSecondarySignal,1,1,,XGW_LIN2,0x2A,DoorRRStatus,NDoorRRSecondarySignal,5,1,,SCF0
BOD2390201_XL202A0601,Sig,Body_CAN,0x239,DoorRRStatus,NDoorRRPrimarySignal,2,1,,XGW_LIN2,0x2A,DoorRRStatus,NDoorRRPrimarySignal,6,1,,SCF0
BOD2390301_XL202A0701,Sig,Body_CAN,0x239,DoorRRStatus,NDoorRRClawSignal,3,1,,XGW_LIN2,0x2A,DoorRRStatus,NDoorRRClawSignal,7,1,,SCF0
BOD2390704_XL202A0004,Sig,Body_CAN,0x239,DoorRRStatus,NDoorRRClawStatus,7,4,,XGW_LIN2,0x2A,DoorRRStatus,NDoorRRClawStatus,0,4,,SCF0
BOD2391001_XL202A1501,Sig,Body_CAN,0x239,DoorRRStatus,BDLRRResponseError,10,1,,XGW_LIN2,0x2A,DoorRRStatus,BDLRRResponseError,15,1,,SCF0
BOD2392308_XL202A3208,Sig,Body_CAN,0x239,DoorRRStatus,NDoorRRCounter,23,8,,XGW_LIN2,0x2A,DoorRRStatus,NDoorRRCounter,32,8,,SCF0
BOD2392603_XL202A1603,Sig,Body_CAN,0x239,DoorRRStatus,NDoorRROutsideHandleFailure,26,3,,XGW_LIN2,0x2A,DoorRRStatus,NDoorRROutsideHandleFailure,16,3,,SCF0
BOD2393907_XL202A0807,Sig,Body_CAN,0x239,DoorRRStatus,NDoorRROutsideHandleStatus,39,7,,XGW_LIN2,0x2A,DoorRRStatus,NDoorRROutsideHandleStatus,8,7,,SCF0
BOD2395506_XL202A1906,Sig,Body_CAN,0x239,DoorRRStatus,NDoorLatchRRFailure,55,6,,XGW_LIN2,0x2A,DoorRRStatus,NDoorLatchRRFailure,19,6,,SCF0
BOD2480001_XL201F0401,Sig,Body_CAN,0x248,DoorFRStatus,NDoorFRHomeSignal,0,1,,XGW_LIN2,0x1F,DoorFRStatus,NDoorFRHomeSignal,4,1,,SCF0
BOD2480101_XL201F0501,Sig,Body_CAN,0x248,DoorFRStatus,NDoorFRSecondarySignal,1,1,,XGW_LIN2,0x1F,DoorFRStatus,NDoorFRSecondarySignal,5,1,,SCF0
BOD2480201_XL201F0601,Sig,Body_CAN,0x248,DoorFRStatus,NDoorFRPrimarySignal,2,1,,XGW_LIN2,0x1F,DoorFRStatus,NDoorFRPrimarySignal,6,1,,SCF0
BOD2480301_XL201F0701,Sig,Body_CAN,0x248,DoorFRStatus,NDoorFRClawSignal,3,1,,XGW_LIN2,0x1F,DoorFRStatus,NDoorFRClawSignal,7,1,,SCF0
BOD2480704_XL201F0004,Sig,Body_CAN,0x248,DoorFRStatus,NDoorFRClawStatus,7,4,,XGW_LIN2,0x1F,DoorFRStatus,NDoorFRClawStatus,0,4,,SCF0
BOD2481001_XL201F1501,Sig,Body_CAN,0x248,DoorFRStatus,BDLFRResponseError,10,1,,XGW_LIN2,0x1F,DoorFRStatus,BDLFRResponseError,15,1,,SCF0
BOD2482308_XL201F3208,Sig,Body_CAN,0x248,DoorFRStatus,NDoorFRCounter,23,8,,XGW_LIN2,0x1F,DoorFRStatus,NDoorFRCounter,32,8,,SCF0
BOD2482603_XL201F1603,Sig,Body_CAN,0x248,DoorFRStatus,NDoorFROutsideHandleFailure,26,3,,XGW_LIN2,0x1F,DoorFRStatus,NDoorFROutsideHandleFailure,16,3,,SCF0
BOD2483907_XL201F0807,Sig,Body_CAN,0x248,DoorFRStatus,NDoorFROutsideHandleStatus,39,7,,XGW_LIN2,0x1F,DoorFRStatus,NDoorFROutsideHandleStatus,8,7,,SCF0
BOD2485506_XL201F1906,Sig,Body_CAN,0x248,DoorFRStatus,NDoorLatchFRFailure,55,6,,XGW_LIN2,0x1F,DoorFRStatus,NDoorLatchFRFailure,19,6,,SCF0
BOD2500708_BAT2480708,Msg,Body_CAN,0x250,BMS_VCU_THMReq,CHSKM_BMS_VCU_THMReq,7,8,,BA_CAN,0x248,BMS_VCU_THMReq,CHSKM_BMS_VCU_THMReq,7,8,,SCF0
BOD2501104_BAT2481104,Msg,Body_CAN,0x250,BMS_VCU_THMReq,ALV_BMS_VCU_THMReq,11,4,,BA_CAN,0x248,BMS_VCU_THMReq,ALV_BMS_VCU_THMReq,11,4,,SCF0
BOD2502308_BAT2482308,Msg,Body_CAN,0x250,BMS_VCU_THMReq,BMS_FlowRate_Req,23,8,,BA_CAN,0x248,BMS_VCU_THMReq,BMS_FlowRate_Req,23,8,,SCF0
BOD2503112_BAT2483112,Msg,Body_CAN,0x250,BMS_VCU_THMReq,BMS_CoolPwrDemand,31,12,,BA_CAN,0x248,BMS_VCU_THMReq,BMS_CoolPwrDemand,31,12,,SCF0
BOD2503512_BAT2483512,Msg,Body_CAN,0x250,BMS_VCU_THMReq,BMS_HeatPwrDemand,35,12,,BA_CAN,0x248,BMS_VCU_THMReq,BMS_HeatPwrDemand,35,12,,SCF0
BOD2504801_BAT2484801,Msg,Body_CAN,0x250,BMS_VCU_THMReq,BMS_VCU_PTCOnOff_Req,48,1,,BA_CAN,0x248,BMS_VCU_THMReq,BMS_VCU_PTCOnOff_Req,48,1,,SCF0
BOD2504901_BAT2484901,Msg,Body_CAN,0x250,BMS_VCU_THMReq,BMS_VCU_ValveOnOff_Req,49,1,,BA_CAN,0x248,BMS_VCU_THMReq,BMS_VCU_ValveOnOff_Req,49,1,,SCF0
BOD2505102_BAT2485102,Msg,Body_CAN,0x250,BMS_VCU_THMReq,BMS_PreHeatCoolReq,51,2,,BA_CAN,0x248,BMS_VCU_THMReq,BMS_PreHeatCoolReq,51,2,,SCF0
BOD2540708_CHA2540708,Msg,Body_CAN,0x254,IDB_AVL_RPM_WHL_REAR,CRC_AVL_RPM_WHL_REAR,7,8,,Chassis_CAN,0x254,IDB_AVL_RPM_WHL_REAR,CRC_AVL_RPM_WHL_REAR,7,8,,SCF0
BOD2541104_CHA2541104,Msg,Body_CAN,0x254,IDB_AVL_RPM_WHL_REAR,ALIV_AVL_RPM_WHL_REAR,11,4,,Chassis_CAN,0x254,IDB_AVL_RPM_WHL_REAR,ALIV_AVL_RPM_WHL_REAR,11,4,,SCF0
BOD2542316_CHA2542316,Msg,Body_CAN,0x254,IDB_AVL_RPM_WHL_REAR,AVL_RPM_WHL_RLH,23,16,,Chassis_CAN,0x254,IDB_AVL_RPM_WHL_REAR,AVL_RPM_WHL_RLH,23,16,,SCF0
BOD2543916_CHA2543916,Msg,Body_CAN,0x254,IDB_AVL_RPM_WHL_REAR,AVL_RPM_WHL_RRH,39,16,,Chassis_CAN,0x254,IDB_AVL_RPM_WHL_REAR,AVL_RPM_WHL_RRH,39,16,,SCF0
BOD2545504_CHA2545504,Msg,Body_CAN,0x254,IDB_AVL_RPM_WHL_REAR,QU_AVL_RPM_WHL_RLH,55,4,,Chassis_CAN,0x254,IDB_AVL_RPM_WHL_REAR,QU_AVL_RPM_WHL_RLH,55,4,,SCF0
BOD2546304_CHA2546304,Msg,Body_CAN,0x254,IDB_AVL_RPM_WHL_REAR,QU_AVL_RPM_WHL_RRH,63,4,,Chassis_CAN,0x254,IDB_AVL_RPM_WHL_REAR,QU_AVL_RPM_WHL_RRH,63,4,,SCF0
BOD2550708_CHA2550708,Msg,Body_CAN,0x255,IDB_AVL_RPM_WHL_FRONT,CRC_AVL_RPM_WHL_FRONT,7,8,,Chassis_CAN,0x255,IDB_AVL_RPM_WHL_FRONT,CRC_AVL_RPM_WHL_FRONT,7,8,,SCF0
BOD2551104_CHA2551104,Msg,Body_CAN,0x255,IDB_AVL_RPM_WHL_FRONT,ALIV_AVL_RPM_WHL_FRONT,11,4,,Chassis_CAN,0x255,IDB_AVL_RPM_WHL_FRONT,ALIV_AVL_RPM_WHL_FRONT,11,4,,SCF0
BOD2552316_CHA2552316,Msg,Body_CAN,0x255,IDB_AVL_RPM_WHL_FRONT,AVL_RPM_WHL_FLH,23,16,,Chassis_CAN,0x255,IDB_AVL_RPM_WHL_FRONT,AVL_RPM_WHL_FLH,23,16,,SCF0
BOD2553916_CHA2553916,Msg,Body_CAN,0x255,IDB_AVL_RPM_WHL_FRONT,AVL_RPM_WHL_FRH,39,16,,Chassis_CAN,0x255,IDB_AVL_RPM_WHL_FRONT,AVL_RPM_WHL_FRH,39,16,,SCF0
BOD2555504_CHA2555504,Msg,Body_CAN,0x255,IDB_AVL_RPM_WHL_FRONT,QU_AVL_RPM_WHL_FLH,55,4,,Chassis_CAN,0x255,IDB_AVL_RPM_WHL_FRONT,QU_AVL_RPM_WHL_FLH,55,4,,SCF0
BOD2556304_CHA2556304,Msg,Body_CAN,0x255,IDB_AVL_RPM_WHL_FRONT,QU_AVL_RPM_WHL_FRH,63,4,,Chassis_CAN,0x255,IDB_AVL_RPM_WHL_FRONT,QU_AVL_RPM_WHL_FRH,63,4,,SCF0
BOD2810001_XL20030401,Sig,Body_CAN,0x281,DoorRLStatus,NDoorRLHomeSignal,0,1,,XGW_LIN2,0x3,DoorRLStatus,NDoorRLHomeSignal,4,1,,SCF0
BOD2810101_XL20030501,Sig,Body_CAN,0x281,DoorRLStatus,NDoorRLSecondarySignal,1,1,,XGW_LIN2,0x3,DoorRLStatus,NDoorRLSecondarySignal,5,1,,SCF0
BOD2810201_XL20030601,Sig,Body_CAN,0x281,DoorRLStatus,NDoorRLPrimarySignal,2,1,,XGW_LIN2,0x3,DoorRLStatus,NDoorRLPrimarySignal,6,1,,SCF0
BOD2810301_XL20030701,Sig,Body_CAN,0x281,DoorRLStatus,NDoorRLClawSignal,3,1,,XGW_LIN2,0x3,DoorRLStatus,NDoorRLClawSignal,7,1,,SCF0
BOD2810704_XL20030004,Sig,Body_CAN,0x281,DoorRLStatus,NDoorRLClawStatus,7,4,,XGW_LIN2,0x3,DoorRLStatus,NDoorRLClawStatus,0,4,,SCF0
BOD2811001_XL20031501,Sig,Body_CAN,0x281,DoorRLStatus,BDLRLResponseError,10,1,,XGW_LIN2,0x3,DoorRLStatus,BDLRLResponseError,15,1,,SCF0
BOD2812308_XL20033208,Sig,Body_CAN,0x281,DoorRLStatus,NDoorRLCounter,23,8,,XGW_LIN2,0x3,DoorRLStatus,NDoorRLCounter,32,8,,SCF0
BOD2812603_XL20031603,Sig,Body_CAN,0x281,DoorRLStatus,NDoorRLOutsideHandleFailure,26,3,,XGW_LIN2,0x3,DoorRLStatus,NDoorRLOutsideHandleFailure,16,3,,SCF0
BOD2813907_XL20030807,Sig,Body_CAN,0x281,DoorRLStatus,NDoorRLOutsideHandleStatus,39,7,,XGW_LIN2,0x3,DoorRLStatus,NDoorRLOutsideHandleStatus,8,7,,SCF0
BOD2815506_XL20031906,Sig,Body_CAN,0x281,DoorRLStatus,NDoorLatchRLFailure,55,6,,XGW_LIN2,0x3,DoorRLStatus,NDoorLatchRLFailure,19,6,,SCF0
BOD2890708_CHA2890708,Msg,Body_CAN,0x289,IDB_ACC_LONG_LAT_YAW,CHKSM_IDB_ZF2,7,8,,Chassis_CAN,0x289,IDB_ACC_LONG_LAT_YAW,CHKSM_IDB_ZF2,7,8,,SCF0
BOD2891104_CHA2891104,Msg,Body_CAN,0x289,IDB_ACC_LONG_LAT_YAW,ALIVE_IDB_ZF2,11,4,,Chassis_CAN,0x289,IDB_ACC_LONG_LAT_YAW,ALIVE_IDB_ZF2,11,4,,SCF0
BOD2891503_CHA2891503,Msg,Body_CAN,0x289,IDB_ACC_LONG_LAT_YAW,AxOutStatus,15,3,,Chassis_CAN,0x289,IDB_ACC_LONG_LAT_YAW,AxOutStatus,15,3,,SCF0
BOD2891904_CHA2891904,Msg,Body_CAN,0x289,IDB_ACC_LONG_LAT_YAW,QU_VYAW_VEH,19,4,,Chassis_CAN,0x289,IDB_ACC_LONG_LAT_YAW,QU_VYAW_VEH,19,4,,SCF0
BOD2892303_CHA2892303,Msg,Body_CAN,0x289,IDB_ACC_LONG_LAT_YAW,AyOutStatus,23,3,,Chassis_CAN,0x289,IDB_ACC_LONG_LAT_YAW,AyOutStatus,23,3,,SCF0
BOD2893112_CHA2893112,Msg,Body_CAN,0x289,IDB_ACC_LONG_LAT_YAW,AcceleratorY,31,12,,Chassis_CAN,0x289,IDB_ACC_LONG_LAT_YAW,AcceleratorY,31,12,,SCF0
BOD2893512_CHA2893512,Msg,Body_CAN,0x289,IDB_ACC_LONG_LAT_YAW,AcceleratorX,35,12,,Chassis_CAN,0x289,IDB_ACC_LONG_LAT_YAW,AcceleratorX,35,12,,SCF0
BOD2895516_CHA2895516,Msg,Body_CAN,0x289,IDB_ACC_LONG_LAT_YAW,VYAW_VEH,55,16,,Chassis_CAN,0x289,IDB_ACC_LONG_LAT_YAW,VYAW_VEH,55,16,,SCF0
BOD2A10703_INF2210703,Msg,Body_CAN,0x2a1,SeatMassage_Input,DrvSeatMsgStrLvl,7,3,,Info_CAN,0x221,SeatMassage_Input,DrvSeatMsgStrLvl,7,3,,SCF0
BOD2A11503_INF2211503,Msg,Body_CAN,0x2a1,SeatMassage_Input,PassSeatMsgStrLvl,15,3,,Info_CAN,0x221,SeatMassage_Input,PassSeatMsgStrLvl,15,3,,SCF0
BOD2A12303_INF2212303,Msg,Body_CAN,0x2a1,SeatMassage_Input,RearDrvSeatMsgStrLvl,23,3,,Info_CAN,0x221,SeatMassage_Input,RearDrvSeatMsgStrLvl,23,3,,SCF0
BOD2A13103_INF2213103,Msg,Body_CAN,0x2a1,SeatMassage_Input,RearPassSeatMsgStrLvl,31,3,,Info_CAN,0x221,SeatMassage_Input,RearPassSeatMsgStrLvl,31,3,,SCF0
BOD2A13903_INF2213903,Msg,Body_CAN,0x2a1,SeatMassage_Input,DrvSeatMsgMode,39,3,,Info_CAN,0x221,SeatMassage_Input,DrvSeatMsgMode,39,3,,SCF0
BOD2A14703_INF2214703,Msg,Body_CAN,0x2a1,SeatMassage_Input,PassSeatMsgMode,47,3,,Info_CAN,0x221,SeatMassage_Input,PassSeatMsgMode,47,3,,SCF0
BOD2A15503_INF2215503,Msg,Body_CAN,0x2a1,SeatMassage_Input,RearDrvSeatMsgMode,55,3,,Info_CAN,0x221,SeatMassage_Input,RearDrvSeatMsgMode,55,3,,SCF0
BOD2A16303_INF2216303,Msg,Body_CAN,0x2a1,SeatMassage_Input,RearPassSeatMsgMode,63,3,,Info_CAN,0x221,SeatMassage_Input,RearPassSeatMsgMode,63,3,,SCF0
BOD2CA0708_INF2CA0708,Msg,Body_CAN,0x2ca,IC_SENSOR,CHKSM_IC_SENSOR,7,8,,Info_CAN,0x2ca,IC_SENSOR,CHKSM_IC_SENSOR,7,8,,SCF0
BOD2CA1104_INF2CA1104,Msg,Body_CAN,0x2ca,IC_SENSOR,ALV_IC_SENSOR,11,4,,Info_CAN,0x2ca,IC_SENSOR,ALV_IC_SENSOR,11,4,,SCF0
BOD2CA2308_INF2CA2308,Msg,Body_CAN,0x2ca,IC_SENSOR,MHU_STAT_AmbientTempRaw,23,8,,Info_CAN,0x2ca,IC_SENSOR,MHU_STAT_AmbientTempRaw,23,8,,SCF0
BOD2CA3108_INF2CA3108,Msg,Body_CAN,0x2ca,IC_SENSOR,MHU_STAT_FuelLevel,31,8,,Info_CAN,0x2ca,IC_SENSOR,MHU_STAT_FuelLevel,31,8,,SCF0
BOD2CA3908_INF2CA3908,Msg,Body_CAN,0x2ca,IC_SENSOR,MHU_STAT_AmbientTemp,39,8,,Info_CAN,0x2ca,IC_SENSOR,MHU_STAT_AmbientTemp,39,8,,SCF0
BOD2CA4702_INF2CA4702,Msg,Body_CAN,0x2ca,IC_SENSOR,MHU_STAT_CoolantLevelStatus,47,2,,Info_CAN,0x2ca,IC_SENSOR,MHU_STAT_CoolantLevelStatus,47,2,,SCF0
BOD2F10102_INF2F10102,Msg,Body_CAN,0x2f1,IC_STAT_AIRBAG,MHU_STAT_AirbagWarnLamp,1,2,,Info_CAN,0x2f1,IC_STAT_AIRBAG,MHU_STAT_AirbagWarnLamp,1,2,,SCF0
BOD2F80708_INF2F80708,Msg,Body_CAN,0x2f8,MHU_DATE_TIME,DISP_HR,7,8,,Info_CAN,0x2f8,MHU_DATE_TIME,DISP_HR,7,8,,SCF0
BOD2F81508_INF2F81508,Msg,Body_CAN,0x2f8,MHU_DATE_TIME,DISP_MN,15,8,,Info_CAN,0x2f8,MHU_DATE_TIME,DISP_MN,15,8,,SCF0
BOD2F82308_INF2F82308,Msg,Body_CAN,0x2f8,MHU_DATE_TIME,DISP_SEC,23,8,,Info_CAN,0x2f8,MHU_DATE_TIME,DISP_SEC,23,8,,SCF0
BOD2F83108_INF2F83108,Msg,Body_CAN,0x2f8,MHU_DATE_TIME,DISP_DATE_DAY,31,8,,Info_CAN,0x2f8,MHU_DATE_TIME,DISP_DATE_DAY,31,8,,SCF0
BOD2F83504_INF2F83504,Msg,Body_CAN,0x2f8,MHU_DATE_TIME,DISP_DATE_MON,35,4,,Info_CAN,0x2f8,MHU_DATE_TIME,DISP_DATE_MON,35,4,,SCF0
BOD2F83904_INF2F83904,Msg,Body_CAN,0x2f8,MHU_DATE_TIME,DISP_DATE_WDAY,39,4,,Info_CAN,0x2f8,MHU_DATE_TIME,DISP_DATE_WDAY,39,4,,SCF0
BOD2F84716_INF2F84716,Msg,Body_CAN,0x2f8,MHU_DATE_TIME,DISP_DATE_YR,47,16,,Info_CAN,0x2f8,MHU_DATE_TIME,DISP_DATE_YR,47,16,,SCF0
BOD2F86304_INF2F86304,Msg,Body_CAN,0x2f8,MHU_DATE_TIME,ST_DISP_CTI_DATE,63,4,,Info_CAN,0x2f8,MHU_DATE_TIME,ST_DISP_CTI_DATE,63,4,,SCF0
BOD3050709_PWT3050709,Msg,Body_CAN,0x305,VCU_HeatCoolStat,HtrMediumOutletTemp,7,9,,PT_CAN,0x305,VCU_HeatCoolStat,HtrMediumOutletTemp,7,9,,SCF0
BOD3051203_PWT3051203,Msg,Body_CAN,0x305,VCU_HeatCoolStat,CcuHtrOnOffSts,12,3,,PT_CAN,0x305,VCU_HeatCoolStat,CcuHtrOnOffSts,12,3,,SCF0
BOD3051402_PWT3051402,Msg,Body_CAN,0x305,VCU_HeatCoolStat,EcompOnOffSts,14,2,,PT_CAN,0x305,VCU_HeatCoolStat,EcompOnOffSts,14,2,,SCF0
BOD3052309_PWT3052309,Msg,Body_CAN,0x305,VCU_HeatCoolStat,HtrMediumInletTemp,23,9,,PT_CAN,0x305,VCU_HeatCoolStat,HtrMediumInletTemp,23,9,,SCF0
BOD3053916_PWT3053916,Msg,Body_CAN,0x305,VCU_HeatCoolStat,ECompRpm,39,16,,PT_CAN,0x305,VCU_HeatCoolStat,ECompRpm,39,16,,SCF0
BOD3055508_PWT3055508,Msg,Body_CAN,0x305,VCU_HeatCoolStat,ECompPowerConsumption,55,8,,PT_CAN,0x305,VCU_HeatCoolStat,ECompPowerConsumption,55,8,,SCF0
BOD3070708_INF3070708,Msg,Body_CAN,0x307,CPD_OUTPUT,CHKSM_CPD_Output_1,7,8,,Info_CAN,0x307,CPD_OUTPUT,CHKSM_CPD_Output_1,7,8,,SCF0
BOD3071104_INF3071104,Msg,Body_CAN,0x307,CPD_OUTPUT,ALV_CPD_Output_1,11,4,,Info_CAN,0x307,CPD_OUTPUT,ALV_CPD_Output_1,11,4,,SCF0
BOD3071403_INF3071403,Msg,Body_CAN,0x307,CPD_OUTPUT,OUT_Alert_TO_BCM,14,3,,Info_CAN,0x307,CPD_OUTPUT,OUT_Alert_TO_BCM,14,3,,SCF0
BOD3072003_INF3072003,Msg,Body_CAN,0x307,CPD_OUTPUT,CPD_State_information,20,3,,Info_CAN,0x307,CPD_OUTPUT,CPD_State_information,20,3,,SCF0
BOD3700708_INF3700708,Msg,Body_CAN,0x370,MHU_SBR_Status,CRC_MHU_SBR_Status,7,8,,Info_CAN,0x370,MHU_SBR_Status,CRC_MHU_SBR_Status,7,8,,SCF0
BOD3701104_INF3701104,Msg,Body_CAN,0x370,MHU_SBR_Status,ALV_MHU_SBR_Status,11,4,,Info_CAN,0x370,MHU_SBR_Status,ALV_MHU_SBR_Status,11,4,,SCF0
BOD3701302_INF3701302,Msg,Body_CAN,0x370,MHU_SBR_Status,SBR_STAT_Chime,13,2,,Info_CAN,0x370,MHU_SBR_Status,SBR_STAT_Chime,13,2,,SCF0
BOD3701502_INF3701502,Msg,Body_CAN,0x370,MHU_SBR_Status,SBR_STAT_Telltale,15,2,,Info_CAN,0x370,MHU_SBR_Status,SBR_STAT_Telltale,15,2,,SCF0
BOD3701601_INF3701601,Msg,Body_CAN,0x370,MHU_SBR_Status,SBR_STAT_Active,16,1,,Info_CAN,0x370,MHU_SBR_Status,SBR_STAT_Active,16,1,,SCF0
BOD3893502_PWT3893502,Msg,Body_CAN,0x389,VCU_Sts3,VCU_IMMO_Sts,35,2,,PT_CAN,0x389,VCU_Sts3,VCU_IMMO_Sts,35,2,,SCF0
BOD3896308_PWT3896308,Msg,Body_CAN,0x389,VCU_Sts3,SECCAN_VCU_IMMO_Sts,63,8,,PT_CAN,0x389,VCU_Sts3,SECCAN_VCU_IMMO_Sts,63,8,,SCF0
BOD3990708_PWT3990708,Msg,Body_CAN,0x399,VCU_Auth_Immo,VCU_Immo_Byte_0,7,8,,PT_CAN,0x399,VCU_Auth_Immo,VCU_Immo_Byte_0,7,8,,SCF0
BOD3991508_PWT3991508,Msg,Body_CAN,0x399,VCU_Auth_Immo,VCU_Immo_Byte_1,15,8,,PT_CAN,0x399,VCU_Auth_Immo,VCU_Immo_Byte_1,15,8,,SCF0
BOD3992308_PWT3992308,Msg,Body_CAN,0x399,VCU_Auth_Immo,VCU_Immo_Byte_2,23,8,,PT_CAN,0x399,VCU_Auth_Immo,VCU_Immo_Byte_2,23,8,,SCF0
BOD3993108_PWT3993108,Msg,Body_CAN,0x399,VCU_Auth_Immo,VCU_Immo_Byte_3,31,8,,PT_CAN,0x399,VCU_Auth_Immo,VCU_Immo_Byte_3,31,8,,SCF0
BOD3993908_PWT3993908,Msg,Body_CAN,0x399,VCU_Auth_Immo,VCU_Immo_Byte_4,39,8,,PT_CAN,0x399,VCU_Auth_Immo,VCU_Immo_Byte_4,39,8,,SCF0
BOD3994708_PWT3994708,Msg,Body_CAN,0x399,VCU_Auth_Immo,VCU_Immo_Byte_5,47,8,,PT_CAN,0x399,VCU_Auth_Immo,VCU_Immo_Byte_5,47,8,,SCF0
BOD3995508_PWT3995508,Msg,Body_CAN,0x399,VCU_Auth_Immo,VCU_Immo_Byte_6,55,8,,PT_CAN,0x399,VCU_Auth_Immo,VCU_Immo_Byte_6,55,8,,SCF0
BOD3996308_PWT3996308,Msg,Body_CAN,0x399,VCU_Auth_Immo,VCU_Immo_Byte_7,63,8,,PT_CAN,0x399,VCU_Auth_Immo,VCU_Immo_Byte_7,63,8,,SCF0
BOD39A0708_INF39A0708,Msg,Body_CAN,0x39a,MHU_Auth_Immo,MHU_Immo_Byte_0,7,8,,Info_CAN,0x39a,MHU_Auth_Immo,MHU_Immo_Byte_0,7,8,,SCF0
BOD39A1508_INF39A1508,Msg,Body_CAN,0x39a,MHU_Auth_Immo,MHU_Immo_Byte_1,15,8,,Info_CAN,0x39a,MHU_Auth_Immo,MHU_Immo_Byte_1,15,8,,SCF0
BOD39A2308_INF39A2308,Msg,Body_CAN,0x39a,MHU_Auth_Immo,MHU_Immo_Byte_2,23,8,,Info_CAN,0x39a,MHU_Auth_Immo,MHU_Immo_Byte_2,23,8,,SCF0
BOD39A3108_INF39A3108,Msg,Body_CAN,0x39a,MHU_Auth_Immo,MHU_Immo_Byte_3,31,8,,Info_CAN,0x39a,MHU_Auth_Immo,MHU_Immo_Byte_3,31,8,,SCF0
BOD39A3908_INF39A3908,Msg,Body_CAN,0x39a,MHU_Auth_Immo,MHU_Immo_Byte_4,39,8,,Info_CAN,0x39a,MHU_Auth_Immo,MHU_Immo_Byte_4,39,8,,SCF0
BOD39A4708_INF39A4708,Msg,Body_CAN,0x39a,MHU_Auth_Immo,MHU_Immo_Byte_5,47,8,,Info_CAN,0x39a,MHU_Auth_Immo,MHU_Immo_Byte_5,47,8,,SCF0
BOD39A5508_INF39A5508,Msg,Body_CAN,0x39a,MHU_Auth_Immo,MHU_Immo_Byte_6,55,8,,Info_CAN,0x39a,MHU_Auth_Immo,MHU_Immo_Byte_6,55,8,,SCF0
BOD39A6308_INF39A6308,Msg,Body_CAN,0x39a,MHU_Auth_Immo,MHU_Immo_Byte_7,63,8,,Info_CAN,0x39a,MHU_Auth_Immo,MHU_Immo_Byte_7,63,8,,SCF0
BOD3F71503_XL10030303,Sig,Body_CAN,0x3F7,MFS_Control_Button,MFS_VoiceRecognitionOn_Off,15,3,,XGW_LIN1,0x3,MFS_BC_VOL_CONT,MFS_VoiceRecognitionOn_Off,3,3,,SCF0
BOD3F71702_XL102B2002,Sig,Body_CAN,0x3f7,MFS_Control_Button,MFS_ISAControl,17,2,,XGW_LIN1,0x2B,MFS_Control_Button,MFS_ISAControl,20,2,,SCF0
BOD3F72003_XL10040303,Sig,Body_CAN,0x3f7,MFS_Control_Button,MFS_CruiseSpeedIncrease,20,3,,XGW_LIN1,0x4,MFS_CRUISE_CONT,MFS_CruiseSpeedIncrease,3,3,,SCF0
BOD3F72303_XL10030003,Sig,Body_CAN,0x3F7,MFS_Control_Button,MFS_TelephoneCall_EndCall,23,3,,XGW_LIN1,0x3,MFS_BC_VOL_CONT,MFS_TelephoneCall_EndCall,0,3,,SCF0
BOD3F72502_XL102B1802,Sig,Body_CAN,0x3f7,MFS_Control_Button,MFS_LKAControl,25,2,,XGW_LIN1,0x2B,MFS_Control_Button,MFS_LKAControl,18,2,,SCF0
BOD3F72803_XL10040903,Sig,Body_CAN,0x3f7,MFS_Control_Button,MFS_CruiseGapIncrease,28,3,,XGW_LIN1,0x4,MFS_CRUISE_CONT,MFS_CruiseGapIncrease,9,3,,SCF0
BOD3F73103_XL10040003,Sig,Body_CAN,0x3f7,MFS_Control_Button,MFS_CruiseOn_Off,31,3,,XGW_LIN1,0x4,MFS_CRUISE_CONT,MFS_CruiseOn_Off,0,3,,SCF0
BOD3F73403_XL10040603,Sig,Body_CAN,0x3f7,MFS_Control_Button,MFS_CruiseGapDecrease,34,3,,XGW_LIN1,0x4,MFS_CRUISE_CONT,MFS_CruiseGapDecrease,6,3,,SCF0
BOD3F73602_XL10041502,Sig,Body_CAN,0x3f7,MFS_Control_Button,MFS_CAN_RESControl,36,2,,XGW_LIN1,0x4,MFS_CRUISE_CONT,MFS_CruiseCancel,15,2,,SCF0
BOD3F73903_XL10041203,Sig,Body_CAN,0x3f7,MFS_Control_Button,MFS_CruiseSpeedDecrease,39,3,,XGW_LIN1,0x4,MFS_CRUISE_CONT,MFS_CruiseSpeedDecrease,12,3,,SCF0
BOD3F74102_XL102B1802,Sig,Body_CAN,0x3f7,MFS_Control_Button,MFS_M2Control,41,2,,XGW_LIN1,0x2B,MFS_Control_Button,MFS_LKAControl,18,2,,SCF0
BOD3F74403_XL102B0003,Sig,Body_CAN,0x3f7,MFS_Control_Button,MFS_SourseControl,44,3,,XGW_LIN1,0x2B,MFS_Control_Button,MFS_SourseControl,0,3,,SCF0
BOD3F74703_XL102B0303,Sig,Body_CAN,0x3f7,MFS_Control_Button,MFS_UpControl,47,3,,XGW_LIN1,0x2B,MFS_Control_Button,MFS_UpControl,3,3,,SCF0
BOD3F75203_XL102B0603,Sig,Body_CAN,0x3f7,MFS_Control_Button,MFS_DownControl,52,3,,XGW_LIN1,0x2B,MFS_Control_Button,MFS_DownControl,6,3,,SCF0
BOD3F75503_XL102B0903,Sig,Body_CAN,0x3f7,MFS_Control_Button,MFS_LeftControl,55,3,,XGW_LIN1,0x2B,MFS_Control_Button,MFS_LeftControl,9,3,,SCF0
BOD3F75701_XL102B2201,Sig,Body_CAN,0x3f7,MFS_Control_Button,MFS_Failure,57,1,,XGW_LIN1,0x2B,MFS_Control_Button,MFS_Failure,22,1,,SCF0
BOD3F76003_XL102B1203,Sig,Body_CAN,0x3f7,MFS_Control_Button,MFS_RightControl,60,3,,XGW_LIN1,0x2B,MFS_Control_Button,MFS_RightControl,12,3,,SCF0
BOD3F76303_XL102B1503,Sig,Body_CAN,0x3f7,MFS_Control_Button,MFS_OK_Control,63,3,,XGW_LIN1,0x2B,MFS_Control_Button,MFS_OK_Control,15,3,,SCF0
BOD4010308_INF4010308,Msg,Body_CAN,0x401,MHU_DoorSetting,MHU_SET_SunroofGlassLevel,3,8,,Info_CAN,0x401,MHU_DoorSetting,MHU_SET_SunroofGlassLevel,3,8,,SCF0
BOD4010502_INF4010502,Msg,Body_CAN,0x401,MHU_DoorSetting,MHU_SET_BonnetState,5,2,,Info_CAN,0x401,MHU_DoorSetting,MHU_SET_BonnetState,5,2,,SCF0
BOD4010702_INF4010702,Msg,Body_CAN,0x401,MHU_DoorSetting,MHU_SET_TrunkState,7,2,,Info_CAN,0x401,MHU_DoorSetting,MHU_SET_TrunkState,7,2,,SCF0
BOD4011108_INF4011108,Msg,Body_CAN,0x401,MHU_DoorSetting,MHU_SET_SunroofShaderLevel,11,8,,Info_CAN,0x401,MHU_DoorSetting,MHU_SET_SunroofShaderLevel,11,8,,SCF0
BOD4011904_INF4011904,Msg,Body_CAN,0x401,MHU_DoorSetting,MHU_SET_DoorSpeedLock,19,4,,Info_CAN,0x401,MHU_DoorSetting,MHU_SET_DoorSpeedLock,19,4,,SCF0
BOD4012402_INF4012402,Msg,Body_CAN,0x401,MHU_DoorSetting,MHU_SET_WelcomeTriggerCondition,24,2,,Info_CAN,0x401,MHU_DoorSetting,MHU_SET_WelcomeTriggerCondition,24,2,,SCF0
BOD4012602_INF4012602,Msg,Body_CAN,0x401,MHU_DoorSetting,MHU_SET_AutoSunroof,26,2,,Info_CAN,0x401,MHU_DoorSetting,MHU_SET_AutoSunroof,26,2,,SCF0
BOD4012802_INF4012802,Msg,Body_CAN,0x401,MHU_DoorSetting,MHU_SET_RemoteDoorUnlock,28,2,,Info_CAN,0x401,MHU_DoorSetting,MHU_SET_RemoteDoorUnlock,28,2,,SCF0
BOD4013103_INF4013103,Msg,Body_CAN,0x401,MHU_DoorSetting,MHU_SET_RemoteLockFeedback,31,3,,Info_CAN,0x401,MHU_DoorSetting,MHU_SET_RemoteLockFeedback,31,3,,SCF0
BOD4013302_INF4013302,Msg,Body_CAN,0x401,MHU_DoorSetting,MHU_SET_FootkickSensor,33,2,,Info_CAN,0x401,MHU_DoorSetting,MHU_SET_FootkickSensor,33,2,,SCF0
BOD4013502_INF4013502,Msg,Body_CAN,0x401,MHU_DoorSetting,MHU_SET_AutoUnlockDoor,35,2,,Info_CAN,0x401,MHU_DoorSetting,MHU_SET_AutoUnlockDoor,35,2,,SCF0
BOD4013803_INF4013803,Msg,Body_CAN,0x401,MHU_DoorSetting,MHU_SET_RemoteUnlockFeedback,38,3,,Info_CAN,0x401,MHU_DoorSetting,MHU_SET_RemoteUnlockFeedback,38,3,,SCF0
BOD4014302_INF4014302,Msg,Body_CAN,0x401,MHU_DoorSetting,MHU_SET_Childlock,43,2,,Info_CAN,0x401,MHU_DoorSetting,MHU_SET_Childlock,43,2,,SCF0
BOD4014603_INF4014603,Msg,Body_CAN,0x401,MHU_DoorSetting,MHU_SET_SunroofInitialize,46,3,,Info_CAN,0x401,MHU_DoorSetting,MHU_SET_SunroofInitialize,46,3,,SCF0
BOD4020102_INF4020102,Msg,Body_CAN,0x402,MHU_LightSetting,MHU_SET_DayTimeRunningLight,1,2,,Info_CAN,0x402,MHU_LightSetting,MHU_SET_DayTimeRunningLight,1,2,,SCF0
BOD4020302_INF4020302,Msg,Body_CAN,0x402,MHU_LightSetting,MHU_SET_RearFogLight,3,2,,Info_CAN,0x402,MHU_LightSetting,MHU_SET_RearFogLight,3,2,,SCF0
BOD4020502_INF4020502,Msg,Body_CAN,0x402,MHU_LightSetting,MHU_SET_FrontFogLight,5,2,,Info_CAN,0x402,MHU_LightSetting,MHU_SET_FrontFogLight,5,2,,SCF0
BOD4020702_INF4020702,Msg,Body_CAN,0x402,MHU_LightSetting,MHU_SET_WelcomeDimmingHeadlight,7,2,,Info_CAN,0x402,MHU_LightSetting,MHU_SET_WelcomeDimmingHeadlight,7,2,,SCF0
BOD4021307_INF4021307,Msg,Body_CAN,0x402,MHU_LightSetting,MHU_SET_AmbientLightBrighness,13,7,,Info_CAN,0x402,MHU_LightSetting,MHU_SET_AmbientLightBrighness,13,7,,SCF0
BOD4021502_INF4021502,Msg,Body_CAN,0x402,MHU_LightSetting,MHU_SET_FootwellLightMode,15,2,,Info_CAN,0x402,MHU_LightSetting,MHU_SET_FootwellLightMode,15,2,,SCF0
BOD4021803_INF4021803,Msg,Body_CAN,0x402,MHU_LightSetting,MHU_SET_ExteriorLight,18,3,,Info_CAN,0x402,MHU_LightSetting,MHU_SET_ExteriorLight,18,3,,SCF0
BOD4022002_INF4022002,Msg,Body_CAN,0x402,MHU_LightSetting,MHU_SET_TRWarningSignals,20,2,,Info_CAN,0x402,MHU_LightSetting,MHU_SET_TRWarningSignals,20,2,,SCF0
BOD4022202_INF4022202,Msg,Body_CAN,0x402,MHU_LightSetting,MHU_SET_FrontDomeLamp,22,2,,Info_CAN,0x402,MHU_LightSetting,MHU_SET_FrontDomeLamp,22,2,,SCF0
BOD4022507_INF4022507,Msg,Body_CAN,0x402,MHU_LightSetting,MHU_SET_SwitchLightBrightness,25,7,,Info_CAN,0x402,MHU_LightSetting,MHU_SET_SwitchLightBrightness,25,7,,SCF0
BOD4023103_INF4023103,Msg,Body_CAN,0x402,MHU_LightSetting,MHU_SET_FollowMeHome,31,3,,Info_CAN,0x402,MHU_LightSetting,MHU_SET_FollowMeHome,31,3,,SCF0
BOD4024702_INF4024702,Msg,Body_CAN,0x402,MHU_LightSetting,MHU_SET_ADB_AHB,47,2,,Info_CAN,0x402,MHU_LightSetting,MHU_SET_ADB_AHB,47,2,,SCF0
BOD4025003_INF4025003,Msg,Body_CAN,0x402,MHU_LightSetting,MHU_SET_WelcomeAnimation,50,3,,Info_CAN,0x402,MHU_LightSetting,MHU_SET_WelcomeAnimation,50,3,,SCF0
BOD4025202_INF4025202,Msg,Body_CAN,0x402,MHU_LightSetting,MHU_SET_ChargingAnimation,52,2,,Info_CAN,0x402,MHU_LightSetting,MHU_SET_ChargingAnimation,52,2,,SCF0
BOD4025502_INF4025502,Msg,Body_CAN,0x402,MHU_LightSetting,MHU_SET_Auto_Leveling,55,2,,Info_CAN,0x402,MHU_LightSetting,MHU_SET_Auto_Leveling,55,2,,SCF0
BOD4030708_INF4030708,Msg,Body_CAN,0x403,MHU_EvSetting,CHKSM_MHU_EVSetting,7,8,,Info_CAN,0x403,MHU_EvSetting,CHKSM_MHU_EVSetting,7,8,,SCF0
BOD4031104_INF4031104,Msg,Body_CAN,0x403,MHU_EvSetting,ALV_MHU_EVSetting,11,4,,Info_CAN,0x403,MHU_EvSetting,ALV_MHU_EVSetting,11,4,,SCF0
BOD4032101_INF4032101,Msg,Body_CAN,0x403,MHU_EvSetting,MHU_VCU_CreepDisable_stt,21,1,,Info_CAN,0x403,MHU_EvSetting,MHU_VCU_CreepDisable_stt,21,1,,SCF0
BOD4032302_INF4032302,Msg,Body_CAN,0x403,MHU_EvSetting,MHU_BrakeRegenMode,23,2,,Info_CAN,0x403,MHU_EvSetting,MHU_BrakeRegenMode,23,2,,SCF0
BOD4033007_INF4033007,Msg,Body_CAN,0x403,MHU_EvSetting,MHU_ChargeSetTargetSOC,30,7,,Info_CAN,0x403,MHU_EvSetting,MHU_ChargeSetTargetSOC,30,7,,SCF0
BOD4033302_INF4033302,Msg,Body_CAN,0x403,MHU_EvSetting,MHU_ChargeScheduleSet,33,2,,Info_CAN,0x403,MHU_EvSetting,MHU_ChargeScheduleSet,33,2,,SCF0
BOD4033502_INF4033502,Msg,Body_CAN,0x403,MHU_EvSetting,MHU_ChargingRequest,35,2,,Info_CAN,0x403,MHU_EvSetting,MHU_ChargingRequest,35,2,,SCF0
BOD4033702_INF4033702,Msg,Body_CAN,0x403,MHU_EvSetting,MHU_ChgPort_Open_req,37,2,,Info_CAN,0x403,MHU_EvSetting,MHU_ChgPort_Open_req,37,2,,SCF0
BOD4033902_INF4033902,Msg,Body_CAN,0x403,MHU_EvSetting,MHU_SET_DrivingModeSwitch,39,2,,Info_CAN,0x403,MHU_EvSetting,MHU_SET_DrivingModeSwitch,39,2,,SCF0
BOD4034708_INF4034708,Msg,Body_CAN,0x403,MHU_EvSetting,MHU_ValetMode_Activation,47,8,,Info_CAN,0x403,MHU_EvSetting,MHU_ValetMode_Activation,47,8,,SCF0
BOD4035508_INF4035508,Msg,Body_CAN,0x403,MHU_EvSetting,MHU_ValetMode_MaxSpeed,55,8,,Info_CAN,0x403,MHU_EvSetting,MHU_ValetMode_MaxSpeed,55,8,,SCF0
BOD4036106_INF4036106,Msg,Body_CAN,0x403,MHU_EvSetting,MHU_ChargingCurrentLimit,61,6,,Info_CAN,0x403,MHU_EvSetting,MHU_ChargingCurrentLimit,61,6,,SCF0
BOD4040708_INF4040708,Msg,Body_CAN,0x404,MHU_MirrorAdjust,MHU_SET_LeftMirrorPosX,7,8,,Info_CAN,0x404,MHU_MirrorAdjust,MHU_SET_LeftMirrorPosX,7,8,,SCF0
BOD4041508_INF4041508,Msg,Body_CAN,0x404,MHU_MirrorAdjust,MHU_SET_LeftMirrorPosY,15,8,,Info_CAN,0x404,MHU_MirrorAdjust,MHU_SET_LeftMirrorPosY,15,8,,SCF0
BOD4042308_INF4042308,Msg,Body_CAN,0x404,MHU_MirrorAdjust,MHU_SET_RightMirrorPosX,23,8,,Info_CAN,0x404,MHU_MirrorAdjust,MHU_SET_RightMirrorPosX,23,8,,SCF0
BOD4043108_INF4043108,Msg,Body_CAN,0x404,MHU_MirrorAdjust,MHU_SET_RightMirrorPosY,31,8,,Info_CAN,0x404,MHU_MirrorAdjust,MHU_SET_RightMirrorPosY,31,8,,SCF0
BOD4043902_INF4043902,Msg,Body_CAN,0x404,MHU_MirrorAdjust,MHU_SET_MirrorAdjustLeft,39,2,,Info_CAN,0x404,MHU_MirrorAdjust,MHU_SET_MirrorAdjustLeft,39,2,,SCF0
BOD4044102_INF4044102,Msg,Body_CAN,0x404,MHU_MirrorAdjust,MHU_SET_MirrorAdjustRight,41,2,,Info_CAN,0x404,MHU_MirrorAdjust,MHU_SET_MirrorAdjustRight,41,2,,SCF0
BOD4044302_INF4044302,Msg,Body_CAN,0x404,MHU_MirrorAdjust,MHU_SET_MirrorManual,43,2,,Info_CAN,0x404,MHU_MirrorAdjust,MHU_SET_MirrorManual,43,2,,SCF0
BOD4046308_INF4046308,Msg,Body_CAN,0x404,MHU_MirrorAdjust,SECCAN_MirrorAdj,63,8,,Info_CAN,0x404,MHU_MirrorAdjust,SECCAN_MirrorAdj,63,8,,SCF0
BOD4050102_INF4050102,Msg,Body_CAN,0x405,MHU_CCUF_ClimateSetting,MHU_SET_CCUF_AirCondition,1,2,,Info_CAN,0x405,MHU_CCUF_ClimateSetting,MHU_SET_CCUF_AirCondition,1,2,,SCF0
BOD4050302_INF4050302,Msg,Body_CAN,0x405,MHU_CCUF_ClimateSetting,MHU_SET_CCUF_AutoAC,3,2,,Info_CAN,0x405,MHU_CCUF_ClimateSetting,MHU_SET_CCUF_AutoAC,3,2,,SCF0
BOD4050702_INF4050702,Msg,Body_CAN,0x405,MHU_CCUF_ClimateSetting,MHU_SET_CCUF_MaxAc,7,2,,Info_CAN,0x405,MHU_CCUF_ClimateSetting,MHU_SET_CCUF_MaxAc,7,2,,SCF0
BOD4051104_INF4051104,Msg,Body_CAN,0x405,MHU_CCUF_ClimateSetting,MHU_SET_CCUF_FanSpeed,11,4,,Info_CAN,0x405,MHU_CCUF_ClimateSetting,MHU_SET_CCUF_FanSpeed,11,4,,SCF0
BOD4051302_INF4051302,Msg,Body_CAN,0x405,MHU_CCUF_ClimateSetting,MHU_SET_CCUF_Recirculation,13,2,,Info_CAN,0x405,MHU_CCUF_ClimateSetting,MHU_SET_CCUF_Recirculation,13,2,,SCF0
BOD4051502_INF4051502,Msg,Body_CAN,0x405,MHU_CCUF_ClimateSetting,MHU_SET_CCUF_Ion,15,2,,Info_CAN,0x405,MHU_CCUF_ClimateSetting,MHU_SET_CCUF_Ion,15,2,,SCF0
BOD4051803_INF4051803,Msg,Body_CAN,0x405,MHU_CCUF_ClimateSetting,MHU_SET_CCUF_FlapPosition,18,3,,Info_CAN,0x405,MHU_CCUF_ClimateSetting,MHU_SET_CCUF_FlapPosition,18,3,,SCF0
BOD4052002_INF4052002,Msg,Body_CAN,0x405,MHU_CCUF_ClimateSetting,MHU_SET_CCUF_SyncClimateZone,20,2,,Info_CAN,0x405,MHU_CCUF_ClimateSetting,MHU_SET_CCUF_SyncClimateZone,20,2,,SCF0
BOD4053108_INF4053108,Msg,Body_CAN,0x405,MHU_CCUF_ClimateSetting,MHU_SET_CCUF_TempDriver,31,8,,Info_CAN,0x405,MHU_CCUF_ClimateSetting,MHU_SET_CCUF_TempDriver,31,8,,SCF0
BOD4053908_INF4053908,Msg,Body_CAN,0x405,MHU_CCUF_ClimateSetting,MHU_SET_CCUF_TempPassenger,39,8,,Info_CAN,0x405,MHU_CCUF_ClimateSetting,MHU_SET_CCUF_TempPassenger,39,8,,SCF0
BOD4054702_INF4054702,Msg,Body_CAN,0x405,MHU_CCUF_ClimateSetting,MHU_SET_CCUF_FrontDefrost,47,2,,Info_CAN,0x405,MHU_CCUF_ClimateSetting,MHU_SET_CCUF_FrontDefrost,47,2,,SCF0
BOD4060203_INF4060203,Msg,Body_CAN,0x406,MHU_SeatVentHeat,MHU_SET_SeatHeatingFrontL,2,3,,Info_CAN,0x406,MHU_SeatVentHeat,MHU_SET_SeatHeatingFrontL,2,3,,SCF0
BOD4060503_INF4060503,Msg,Body_CAN,0x406,MHU_SeatVentHeat,MHU_SET_SeatHeatingFrontR,5,3,,Info_CAN,0x406,MHU_SeatVentHeat,MHU_SET_SeatHeatingFrontR,5,3,,SCF0
BOD4061003_INF4061003,Msg,Body_CAN,0x406,MHU_SeatVentHeat,MHU_SET_SeatHeatingReartL,10,3,,Info_CAN,0x406,MHU_SeatVentHeat,MHU_SET_SeatHeatingReartL,10,3,,SCF0
BOD4061303_INF4061303,Msg,Body_CAN,0x406,MHU_SeatVentHeat,MHU_SET_SeatHeatingRearR,13,3,,Info_CAN,0x406,MHU_SeatVentHeat,MHU_SET_SeatHeatingRearR,13,3,,SCF0
BOD4061803_INF4061803,Msg,Body_CAN,0x406,MHU_SeatVentHeat,MHU_SET_SeatCoolingFrontL,18,3,,Info_CAN,0x406,MHU_SeatVentHeat,MHU_SET_SeatCoolingFrontL,18,3,,SCF0
BOD4062103_INF4062103,Msg,Body_CAN,0x406,MHU_SeatVentHeat,MHU_SET_SeatCoolingFrontR,21,3,,Info_CAN,0x406,MHU_SeatVentHeat,MHU_SET_SeatCoolingFrontR,21,3,,SCF0
BOD4062603_INF4062603,Msg,Body_CAN,0x406,MHU_SeatVentHeat,MHU_SET_SeatCoolingRearL,26,3,,Info_CAN,0x406,MHU_SeatVentHeat,MHU_SET_SeatCoolingRearL,26,3,,SCF0
BOD4062903_INF4062903,Msg,Body_CAN,0x406,MHU_SeatVentHeat,MHU_SET_SeatCoolingRearR,29,3,,Info_CAN,0x406,MHU_SeatVentHeat,MHU_SET_SeatCoolingRearR,29,3,,SCF0
BOD4080102_INF4080102,Msg,Body_CAN,0x408,MHU_ComfortSetting,MHU_SET_MirrorAuto,1,2,,Info_CAN,0x408,MHU_ComfortSetting,MHU_SET_MirrorAuto,1,2,,SCF0
BOD4080302_INF4080302,Msg,Body_CAN,0x408,MHU_ComfortSetting,MHU_SET_MirrorAutoUnfold,3,2,,Info_CAN,0x408,MHU_ComfortSetting,MHU_SET_MirrorAutoUnfold,3,2,,SCF0
BOD4080502_INF4080502,Msg,Body_CAN,0x408,MHU_ComfortSetting,MHU_SET_WLC,5,2,,Info_CAN,0x408,MHU_ComfortSetting,MHU_SET_WLC,5,2,,SCF0
BOD4080702_INF4080702,Msg,Body_CAN,0x408,MHU_ComfortSetting,MHU_SET_AutoRearWiper,7,2,,Info_CAN,0x408,MHU_ComfortSetting,MHU_SET_AutoRearWiper,7,2,,SCF0
BOD4080902_INF4080902,Msg,Body_CAN,0x408,MHU_ComfortSetting,MHU_SET_RearHeatedWindow,9,2,,Info_CAN,0x408,MHU_ComfortSetting,MHU_SET_RearHeatedWindow,9,2,,SCF0
BOD4081102_INF4081102,Msg,Body_CAN,0x408,MHU_ComfortSetting,MHU_TPMSReset,11,2,,Info_CAN,0x408,MHU_ComfortSetting,MHU_TPMSReset,11,2,,SCF0
BOD4081302_INF4081302,Msg,Body_CAN,0x408,MHU_ComfortSetting,MHU_SET_MirrorDefaultSetting,13,2,,Info_CAN,0x408,MHU_ComfortSetting,MHU_SET_MirrorDefaultSetting,13,2,,SCF0
BOD4081502_INF4081502,Msg,Body_CAN,0x408,MHU_ComfortSetting,MHU_SET_MirrorReverseLink,15,2,,Info_CAN,0x408,MHU_ComfortSetting,MHU_SET_MirrorReverseLink,15,2,,SCF0
BOD4081702_INF4081702,Msg,Body_CAN,0x408,MHU_ComfortSetting,MHU_SET_AntiTheftMode,17,2,,Info_CAN,0x408,MHU_ComfortSetting,MHU_SET_AntiTheftMode,17,2,,SCF0
BOD4082102_INF4082102,Msg,Body_CAN,0x408,MHU_ComfortSetting,MHU_SET_WLCReminder,21,2,,Info_CAN,0x408,MHU_ComfortSetting,MHU_SET_WLCReminder,21,2,,SCF0
BOD4082502_INF4082502,Msg,Body_CAN,0x408,MHU_ComfortSetting,MHU_SET_ClimateKeepOn,25,2,,Info_CAN,0x408,MHU_ComfortSetting,MHU_SET_ClimateKeepOn,25,2,,SCF0
BOD4082702_INF4082702,Msg,Body_CAN,0x408,MHU_ComfortSetting,MHU_SET_WLC2,27,2,,Info_CAN,0x408,MHU_ComfortSetting,MHU_SET_WLC2,27,2,,SCF0
BOD4082902_INF4082902,Msg,Body_CAN,0x408,MHU_ComfortSetting,MHU_SET_WLC2Reminder,29,2,,Info_CAN,0x408,MHU_ComfortSetting,MHU_SET_WLC2Reminder,29,2,,SCF0
BOD4083102_INF4083102,Msg,Body_CAN,0x408,MHU_ComfortSetting,MHU_IntrusionAlertStatus,31,2,,Info_CAN,0x408,MHU_ComfortSetting,MHU_IntrusionAlertStatus,31,2,,SCF0
BOD40C0708_INF40C0708,Msg,Body_CAN,0x40c,MHU_SEAT_CONTROL,CHSKM_MHU_SEAT_CONTROL,7,8,,Info_CAN,0x40c,MHU_SEAT_CONTROL,CHSKM_MHU_SEAT_CONTROL,7,8,,SCF0
BOD40C1104_INF40C1104,Msg,Body_CAN,0x40c,MHU_SEAT_CONTROL,ALV_MHU_SEAT_CONTROL,11,4,,Info_CAN,0x40c,MHU_SEAT_CONTROL,ALV_MHU_SEAT_CONTROL,11,4,,SCF0
BOD40C1503_INF40C1503,Msg,Body_CAN,0x40c,MHU_SEAT_CONTROL,MHU_DrvSeat_Control_Status,15,3,,Info_CAN,0x40c,MHU_SEAT_CONTROL,MHU_DrvSeat_Control_Status,15,3,,SCF0
BOD40C2307_INF40C2307,Msg,Body_CAN,0x40c,MHU_SEAT_CONTROL,MHU_ExpDrvReclinerPos,23,7,,Info_CAN,0x40c,MHU_SEAT_CONTROL,MHU_ExpDrvReclinerPos,23,7,,SCF0
BOD40C3105_INF40C3105,Msg,Body_CAN,0x40c,MHU_SEAT_CONTROL,MHU_ExpDrvTiltPos,31,5,,Info_CAN,0x40c,MHU_SEAT_CONTROL,MHU_ExpDrvTiltPos,31,5,,SCF0
BOD40C3908_INF40C3908,Msg,Body_CAN,0x40c,MHU_SEAT_CONTROL,MHU_ExpDrvTrackPos,39,8,,Info_CAN,0x40c,MHU_SEAT_CONTROL,MHU_ExpDrvTrackPos,39,8,,SCF0
BOD40C4706_INF40C4706,Msg,Body_CAN,0x40c,MHU_SEAT_CONTROL,MHU_ExpDrvHeightPos,47,6,,Info_CAN,0x40c,MHU_SEAT_CONTROL,MHU_ExpDrvHeightPos,47,6,,SCF0
BOD40D0708_INF40D0708,Msg,Body_CAN,0x40d,MHU_DIGIT_SPEED,CHKSM_MHU_DIGIT_SPEED,7,8,,Info_CAN,0x40d,MHU_DIGIT_SPEED,CHKSM_MHU_DIGIT_SPEED,7,8,,SCF0
BOD40D1104_INF40D1104,Msg,Body_CAN,0x40d,MHU_DIGIT_SPEED,ALV_MHU_DIGIT_SPEED,11,4,,Info_CAN,0x40d,MHU_DIGIT_SPEED,ALV_MHU_DIGIT_SPEED,11,4,,SCF0
BOD40D2309_INF40D2309,Msg,Body_CAN,0x40d,MHU_DIGIT_SPEED,MHU_DigitSpeed,23,9,,Info_CAN,0x40d,MHU_DIGIT_SPEED,MHU_DigitSpeed,23,9,,SCF0
BOD4140708_XL10085608,Sig,Body_CAN,0x414,HOD_Status,CRC_SW_1,7,8,,XGW_LIN1,0x8,HOD_Output,HOD_CRC_Sw,56,8,,SCF0
BOD4141104_XL10085204,Sig,Body_CAN,0x414,HOD_Status,Message_Counter_SW_1,11,4,,XGW_LIN1,0x8,HOD_Output,HOD_Message_Counter_SW_1,52,4,,SCF0
BOD4142308_XL10080008,Sig,Body_CAN,0x414,HOD_Status,Calc_Threshold,23,8,,XGW_LIN1,0x8,HOD_Output,HOD_Calc_Threshold,0,8,,SCF0
BOD4143108_XL10080808,Sig,Body_CAN,0x414,HOD_Status,Real_Impedence,31,8,,XGW_LIN1,0x8,HOD_Output,HOD_Real_Impedence,8,8,,SCF0
BOD4143908_XL10081608,Sig,Body_CAN,0x414,HOD_Status,Immag_Impedence,39,8,,XGW_LIN1,0x8,HOD_Output,HOD_Immag_Impedence,16,8,,SCF0
BOD4144304_XL10084004,Sig,Body_CAN,0x414,HOD_Status,ERR_ST_HOD,43,4,,XGW_LIN1,0x8,HOD_Output,HOD_ERR_STATE,40,4,,SCF0
BOD4144401_XL10082401,Sig,Body_CAN,0x414,HOD_Status,RsErr_HOD,44,1,,XGW_LIN1,0x8,HOD_Output,HOD_RsErr_HOD,24,1,,SCF0
BOD4145904_XL10084804,Sig,Body_CAN,0x414,HOD_Status,HOD_status,59,4,,XGW_LIN1,0x8,HOD_Output,HOD_Status,48,4,,SCF0
BOD4220708_INF4220708,Msg,Body_CAN,0x422,MHU_STATUS,CHKSM_MHU_STAT,7,8,,Info_CAN,0x422,MHU_STATUS,CHKSM_MHU_STAT,7,8,,SCF0
BOD4221104_INF4221104,Msg,Body_CAN,0x422,MHU_STATUS,ALV_MHU_STAT,11,4,,Info_CAN,0x422,MHU_STATUS,ALV_MHU_STAT,11,4,,SCF0
BOD4221702_INF4221702,Msg,Body_CAN,0x422,MHU_STATUS,MHU_STAT_Cluster,17,2,,Info_CAN,0x422,MHU_STATUS,MHU_STAT_Cluster,17,2,,SCF0
BOD4221902_INF4221902,Msg,Body_CAN,0x422,MHU_STATUS,MHU_STAT_Infotainment,19,2,,Info_CAN,0x422,MHU_STATUS,MHU_STAT_Infotainment,19,2,,SCF0
BOD4222102_INF4222102,Msg,Body_CAN,0x422,MHU_STATUS,MHU_STAT_MileageUnit,21,2,,Info_CAN,0x422,MHU_STATUS,MHU_STAT_MileageUnit,21,2,,SCF0
BOD4222302_INF4222302,Msg,Body_CAN,0x422,MHU_STATUS,MHU_STAT_PressureUnit,23,2,,Info_CAN,0x422,MHU_STATUS,MHU_STAT_PressureUnit,23,2,,SCF0
BOD4222502_INF4222502,Msg,Body_CAN,0x422,MHU_STATUS,MHU_STAT_TemperatureUnit,25,2,,Info_CAN,0x422,MHU_STATUS,MHU_STAT_TemperatureUnit,25,2,,SCF0
BOD4223403_INF4223403,Msg,Body_CAN,0x422,MHU_STATUS,MHU_Operation_State,34,3,,Info_CAN,0x422,MHU_STATUS,MHU_Operation_State,34,3,,SCF0
BOD4223905_INF4223905,Msg,Body_CAN,0x422,MHU_STATUS,MHU_STAT_Language,39,5,,Info_CAN,0x422,MHU_STATUS,MHU_STAT_Language,39,5,,SCF0
BOD4224304_INF4224304,Msg,Body_CAN,0x422,MHU_STATUS,MHU_STAT_EnergyConsumptionUnit,43,4,,Info_CAN,0x422,MHU_STATUS,MHU_STAT_EnergyConsumptionUnit,43,4,,SCF0
BOD4225510_INF4225510,Msg,Body_CAN,0x422,MHU_STATUS,MHU_STAT_SaleCountry,55,10,,Info_CAN,0x422,MHU_STATUS,MHU_STAT_SaleCountry,55,10,,SCF0
BOD4320708_INF4320708,Msg,Body_CAN,0x432,MHU_FOTA_STATUS,MHU_FOTA_Checksum,7,8,,Info_CAN,0x432,MHU_FOTA_STATUS,MHU_FOTA_Checksum,7,8,,SCF0
BOD4321104_INF4321104,Msg,Body_CAN,0x432,MHU_FOTA_STATUS,MHU_FOTA_Alive_Counter,11,4,,Info_CAN,0x432,MHU_FOTA_STATUS,MHU_FOTA_Alive_Counter,11,4,,SCF0
BOD4321504_INF4321504,Msg,Body_CAN,0x432,MHU_FOTA_STATUS,MHU_FOTA_State,15,4,,Info_CAN,0x432,MHU_FOTA_STATUS,MHU_FOTA_State,15,4,,SCF0
BOD4322308_INF4322308,Msg,Body_CAN,0x432,MHU_FOTA_STATUS,MHU_FOTA_Error_Code,23,8,,Info_CAN,0x432,MHU_FOTA_STATUS,MHU_FOTA_Error_Code,23,8,,SCF0
BOD43A0708_PWT43A0708,Msg,Body_CAN,0x43a,VCU_MHU_info,CRC_VCU_MHU_info,7,8,,PT_CAN,0x43a,VCU_MHU_info,CRC_VCU_MHU_info,7,8,,SCF0
BOD43A1104_PWT43A1104,Msg,Body_CAN,0x43a,VCU_MHU_info,ALIV_VCU_MHU_info,11,4,,PT_CAN,0x43a,VCU_MHU_info,ALIV_VCU_MHU_info,11,4,,SCF0
BOD43A1302_PWT43A1302,Msg,Body_CAN,0x43a,VCU_MHU_info,VCU_BrakeRegenMode,13,2,,PT_CAN,0x43a,VCU_MHU_info,VCU_BrakeRegenMode,13,2,,SCF0
BOD43A1401_PWT43A1401,Msg,Body_CAN,0x43a,VCU_MHU_info,VCU_CreepDisable_stt,14,1,,PT_CAN,0x43a,VCU_MHU_info,VCU_CreepDisable_stt,14,1,,SCF0
BOD43A2308_PWT43A2308,Msg,Body_CAN,0x43a,VCU_MHU_info,VCU_PowerRegenGaugeDisplay,23,8,,PT_CAN,0x43a,VCU_MHU_info,VCU_PowerRegenGaugeDisplay,23,8,,SCF0
BOD43A2703_PWT43A2703,Msg,Body_CAN,0x43a,VCU_MHU_info,VCU_Charging_Authen_stt,27,3,,PT_CAN,0x43a,VCU_MHU_info,VCU_Charging_Authen_stt,27,3,,SCF0
BOD43A2801_PWT43A2801,Msg,Body_CAN,0x43a,VCU_MHU_info,VCU_ChgGun_BadConn_stt,28,1,,PT_CAN,0x43a,VCU_MHU_info,VCU_ChgGun_BadConn_stt,28,1,,SCF0
BOD43A2901_PWT43A2901,Msg,Body_CAN,0x43a,VCU_MHU_info,VCU_ChgPort_Open_stt,29,1,,PT_CAN,0x43a,VCU_MHU_info,VCU_ChgPort_Open_stt,29,1,,SCF0
BOD43A3102_PWT43A3102,Msg,Body_CAN,0x43a,VCU_MHU_info,VCU_Regen_available,31,2,,PT_CAN,0x43a,VCU_MHU_info,VCU_Regen_available,31,2,,SCF0
BOD43A3403_PWT43A3403,Msg,Body_CAN,0x43a,VCU_MHU_info,VCU_VehChg_STS,34,3,,PT_CAN,0x43a,VCU_MHU_info,VCU_VehChg_STS,34,3,,SCF0
BOD43A4610_PWT43A4610,Msg,Body_CAN,0x43a,VCU_MHU_info,VCU_SOC_display,46,10,,PT_CAN,0x43a,VCU_MHU_info,VCU_SOC_display,46,10,,SCF0
BOD43A5003_PWT43A5003,Msg,Body_CAN,0x43a,VCU_MHU_info,VCU_ChgGun_Status,50,3,,PT_CAN,0x43a,VCU_MHU_info,VCU_ChgGun_Status,50,3,,SCF0
BOD43A5701_PWT43A5701,Msg,Body_CAN,0x43a,VCU_MHU_info,VCU_ChgPort_Lock_stt,57,1,,PT_CAN,0x43a,VCU_MHU_info,VCU_ChgPort_Lock_stt,57,1,,SCF0
BOD43A5801_PWT43A5801,Msg,Body_CAN,0x43a,VCU_MHU_info,VCU_Hvbatt_charging_stt,58,1,,PT_CAN,0x43a,VCU_MHU_info,VCU_Hvbatt_charging_stt,58,1,,SCF0
BOD4470708_INF4470708,Msg,Body_CAN,0x447,MHU_CarMode_Switch,CHKSM_MHU_SET_CarMode,7,8,,Info_CAN,0x447,MHU_CarMode_Switch,CHKSM_MHU_SET_CarMode,7,8,,SCF0
BOD4471104_INF4471104,Msg,Body_CAN,0x447,MHU_CarMode_Switch,ALV_MHU_SET_CarMode,11,4,,Info_CAN,0x447,MHU_CarMode_Switch,ALV_MHU_SET_CarMode,11,4,,SCF0
BOD4471702_INF4471702,Msg,Body_CAN,0x447,MHU_CarMode_Switch,MHU_Request_CarOFF,17,2,,Info_CAN,0x447,MHU_CarMode_Switch,MHU_Request_CarOFF,17,2,,SCF0
BOD4471902_INF4471902,Msg,Body_CAN,0x447,MHU_CarMode_Switch,MHU_SET_ChildMode,19,2,,Info_CAN,0x447,MHU_CarMode_Switch,MHU_SET_ChildMode,19,2,,SCF0
BOD4472102_INF4472102,Msg,Body_CAN,0x447,MHU_CarMode_Switch,MHU_SET_GameMode,21,2,,Info_CAN,0x447,MHU_CarMode_Switch,MHU_SET_GameMode,21,2,,SCF0
BOD4472302_INF4472302,Msg,Body_CAN,0x447,MHU_CarMode_Switch,MHU_SET_KaraokeMode,23,2,,Info_CAN,0x447,MHU_CarMode_Switch,MHU_SET_KaraokeMode,23,2,,SCF0
BOD4473102_INF4473102,Msg,Body_CAN,0x447,MHU_CarMode_Switch,MHU_SET_WashMode,31,2,,Info_CAN,0x447,MHU_CarMode_Switch,MHU_SET_WashMode,31,2,,SCF0
BOD4473302_INF4473302,Msg,Body_CAN,0x447,MHU_CarMode_Switch,MHU_SET_StopMode,33,2,,Info_CAN,0x447,MHU_CarMode_Switch,MHU_SET_StopMode,33,2,,SCF0
BOD4500703_INF4500703,Msg,Body_CAN,0x450,MHU_WindowSetting,WindowLifterFrontL,7,3,,Info_CAN,0x450,MHU_WindowSetting,MHU_SET_WindowLifterFrontL,7,3,,SCF0
BOD4501503_INF4501503,Msg,Body_CAN,0x450,MHU_WindowSetting,WindowLifterFrontR,15,3,,Info_CAN,0x450,MHU_WindowSetting,MHU_SET_WindowLifterFrontR,15,3,,SCF0
BOD4502303_INF4502303,Msg,Body_CAN,0x450,MHU_WindowSetting,WindowLifterRearL,23,3,,Info_CAN,0x450,MHU_WindowSetting,MHU_SET_WindowLifterRearL,23,3,,SCF0
BOD4503103_INF4503103,Msg,Body_CAN,0x450,MHU_WindowSetting,WindowLifterRearR,31,3,,Info_CAN,0x450,MHU_WindowSetting,MHU_SET_WindowLifterRearR,31,3,,SCF0
BOD4503903_INF4503903,Msg,Body_CAN,0x450,MHU_WindowSetting,MHU_SET_WindowAutoClose,39,3,,Info_CAN,0x450,MHU_WindowSetting,MHU_SET_WindowAutoClose,39,3,,SCF0
BOD4580708_INF4580708,Msg,Body_CAN,0x458,MHU_BCM_Color_Req,AmbLightColorZoneReq,7,8,,Info_CAN,0x458,MHU_BCM_Color_Req,AmbLightColorZoneReq,7,8,,SCF0
BOD4581508_INF4581508,Msg,Body_CAN,0x458,MHU_BCM_Color_Req,AmbLightColorRed,15,8,,Info_CAN,0x458,MHU_BCM_Color_Req,AmbLightColorRed,15,8,,SCF0
BOD4582308_INF4582308,Msg,Body_CAN,0x458,MHU_BCM_Color_Req,AmbLightColorGreen,23,8,,Info_CAN,0x458,MHU_BCM_Color_Req,AmbLightColorGreen,23,8,,SCF0
BOD4583108_INF4583108,Msg,Body_CAN,0x458,MHU_BCM_Color_Req,AmbLightColorBlue,31,8,,Info_CAN,0x458,MHU_BCM_Color_Req,AmbLightColorBlue,31,8,,SCF0
BOD4586308_INF4586308,Msg,Body_CAN,0x458,MHU_BCM_Color_Req,SECCAN_BCM_Clr_Rq,63,8,,Info_CAN,0x458,MHU_BCM_Color_Req,SECCAN_BCM_Clr_Rq,63,8,,SCF0
BOD4590708_INF4590708,Msg,Body_CAN,0x459,MHU_BCM_IntensityTiming_Req,AmbLightIntensityTimingZoneReq,7,8,,Info_CAN,0x459,MHU_BCM_IntensityTiming_Req,AmbLightIntensityTimingZoneReq,7,8,,SCF0
BOD4591508_INF4591508,Msg,Body_CAN,0x459,MHU_BCM_IntensityTiming_Req,AmbLightIntensityTimingTypeReq,15,8,,Info_CAN,0x459,MHU_BCM_IntensityTiming_Req,AmbLightIntensityTimingTypeReq,15,8,,SCF0
BOD4592308_INF4592308,Msg,Body_CAN,0x459,MHU_BCM_IntensityTiming_Req,AmbLightIntenTimingBrightReq,23,8,,Info_CAN,0x459,MHU_BCM_IntensityTiming_Req,AmbLightIntenTimingBrightReq,23,8,,SCF0
BOD4593108_INF4593108,Msg,Body_CAN,0x459,MHU_BCM_IntensityTiming_Req,AmbLightIntensityTimingT1Req,31,8,,Info_CAN,0x459,MHU_BCM_IntensityTiming_Req,AmbLightIntensityTimingT1Req,31,8,,SCF0
BOD4593908_INF4593908,Msg,Body_CAN,0x459,MHU_BCM_IntensityTiming_Req,AmbLightIntensityTimingT2Req,39,8,,Info_CAN,0x459,MHU_BCM_IntensityTiming_Req,AmbLightIntensityTimingT2Req,39,8,,SCF0
BOD4594708_INF4594708,Msg,Body_CAN,0x459,MHU_BCM_IntensityTiming_Req,AmbLightIntensityTimingT3Req,47,8,,Info_CAN,0x459,MHU_BCM_IntensityTiming_Req,AmbLightIntensityTimingT3Req,47,8,,SCF0
BOD4595508_INF4595508,Msg,Body_CAN,0x459,MHU_BCM_IntensityTiming_Req,AmbLightIntensityTimingT4Req,55,8,,Info_CAN,0x459,MHU_BCM_IntensityTiming_Req,AmbLightIntensityTimingT4Req,55,8,,SCF0
BOD4595904_INF4595904,Msg,Body_CAN,0x459,MHU_BCM_IntensityTiming_Req,AmbLightIntensityTimingN2Req,59,4,,Info_CAN,0x459,MHU_BCM_IntensityTiming_Req,AmbLightIntensityTimingN2Req,59,4,,SCF0
BOD4596304_INF4596304,Msg,Body_CAN,0x459,MHU_BCM_IntensityTiming_Req,AmbLightIntensityTimingN1Req,63,4,,Info_CAN,0x459,MHU_BCM_IntensityTiming_Req,AmbLightIntensityTimingN1Req,63,4,,SCF0
BOD4930708_BAT4930708,Msg,Body_CAN,0x493,BMS_WarnMsg,CHSKM_BMS_WarnMsg,7,8,,BA_CAN,0x493,BMS_WarnMsg,CHSKM_BMS_WarnMsg,7,8,,SCF0
BOD4931104_BAT4931104,Msg,Body_CAN,0x493,BMS_WarnMsg,ALV_BMS_WarnMsg,11,4,,BA_CAN,0x493,BMS_WarnMsg,ALV_BMS_WarnMsg,11,4,,SCF0
BOD4931302_BAT4931302,Msg,Body_CAN,0x493,BMS_WarnMsg,BMS_PackTempSts,13,2,,BA_CAN,0x493,BMS_WarnMsg,BMS_PackTempSts,13,2,,SCF0
BOD4931401_BAT4931401,Msg,Body_CAN,0x493,BMS_WarnMsg,BMS_ThermalRunaway,14,1,,BA_CAN,0x493,BMS_WarnMsg,BMS_ThermalRunaway,14,1,,SCF0
BOD4931501_BAT4931501,Msg,Body_CAN,0x493,BMS_WarnMsg,BMS_BatteryReplacement,15,1,,BA_CAN,0x493,BMS_WarnMsg,BMS_BatteryReplacement,15,1,,SCF0
BOD4931601_BAT4931601,Msg,Body_CAN,0x493,BMS_WarnMsg,BMS_Warning_PowerDegrade,16,1,,BA_CAN,0x493,BMS_WarnMsg,BMS_Warning_PowerDegrade,16,1,,SCF0
BOD4931701_BAT4931701,Msg,Body_CAN,0x493,BMS_WarnMsg,BMS_Warning_DeltaSoC,17,1,,BA_CAN,0x493,BMS_WarnMsg,BMS_Warning_DeltaSoC,17,1,,SCF0
BOD4931801_BAT4931801,Msg,Body_CAN,0x493,BMS_WarnMsg,BMS_Warning_HVILSts,18,1,,BA_CAN,0x493,BMS_WarnMsg,BMS_Warning_HVILSts,18,1,,SCF0
BOD4931901_BAT4931901,Msg,Body_CAN,0x493,BMS_WarnMsg,BMS_Warning_Isolation,19,1,,BA_CAN,0x493,BMS_WarnMsg,BMS_Warning_Isolation,19,1,,SCF0
BOD4932001_BAT4932001,Msg,Body_CAN,0x493,BMS_WarnMsg,BMS_Warning_CoolantLeakage,20,1,,BA_CAN,0x493,BMS_WarnMsg,BMS_Warning_CoolantLeakage,20,1,,SCF0
BOD4932101_BAT4932101,Msg,Body_CAN,0x493,BMS_WarnMsg,BMS_MalfunctionSts,21,1,,BA_CAN,0x493,BMS_WarnMsg,BMS_MalfunctionSts,21,1,,SCF0
BOD4932302_BAT4932302,Msg,Body_CAN,0x493,BMS_WarnMsg,BMS_LowBattery,23,2,,BA_CAN,0x493,BMS_WarnMsg,BMS_LowBattery,23,2,,SCF0
BOD4933108_BAT4933108,Msg,Body_CAN,0x493,BMS_WarnMsg,BMS_Warning_DeltaTemperature,31,8,,BA_CAN,0x493,BMS_WarnMsg,BMS_Warning_DeltaTemperature,31,8,,SCF0
BOD4933908_BAT4933908,Msg,Body_CAN,0x493,BMS_WarnMsg,BMS_Warning_BDUTemperatureSts,39,8,,BA_CAN,0x493,BMS_WarnMsg,BMS_Warning_BDUTemperatureSts,39,8,,SCF0
BOD4934708_BAT4934708,Msg,Body_CAN,0x493,BMS_WarnMsg,BMS_Reserved_signal3,47,8,,BA_CAN,0x493,BMS_WarnMsg,BMS_Reserved_signal3,47,8,,SCF0
BOD4935508_BAT4935508,Msg,Body_CAN,0x493,BMS_WarnMsg,BMS_Reserved_signal4,55,8,,BA_CAN,0x493,BMS_WarnMsg,BMS_Reserved_signal4,55,8,,SCF0
BOD4936308_BAT4936308,Msg,Body_CAN,0x493,BMS_WarnMsg,BMS_Reserved_signal5,63,8,,BA_CAN,0x493,BMS_WarnMsg,BMS_Reserved_signal5,63,8,,SCF0
BOD6810708_DIA6810708,Msg,Body_CAN,0x681,BCM_DiagReq,BCM_DiagReqData0,7,8,,Diag_CAN,0x681,BCM_DiagReq,BCM_DiagReqData0,7,8,,SCF0
BOD6810708_INF6810708,Msg,Body_CAN,0x681,BCM_DiagReq,BCM_DiagReqData0,7,8,,Info_CAN,0x681,BCM_DiagReq,BCM_DiagReqData0,7,8,,SCF0
BOD6811508_DIA6811508,Msg,Body_CAN,0x681,BCM_DiagReq,BCM_DiagReqData1,15,8,,Diag_CAN,0x681,BCM_DiagReq,BCM_DiagReqData1,15,8,,SCF0
BOD6811508_INF6811508,Msg,Body_CAN,0x681,BCM_DiagReq,BCM_DiagReqData1,15,8,,Info_CAN,0x681,BCM_DiagReq,BCM_DiagReqData1,15,8,,SCF0
BOD6812308_DIA6812308,Msg,Body_CAN,0x681,BCM_DiagReq,BCM_DiagReqData2,23,8,,Diag_CAN,0x681,BCM_DiagReq,BCM_DiagReqData2,23,8,,SCF0
BOD6812308_INF6812308,Msg,Body_CAN,0x681,BCM_DiagReq,BCM_DiagReqData2,23,8,,Info_CAN,0x681,BCM_DiagReq,BCM_DiagReqData2,23,8,,SCF0
BOD6813108_DIA6813108,Msg,Body_CAN,0x681,BCM_DiagReq,BCM_DiagReqData3,31,8,,Diag_CAN,0x681,BCM_DiagReq,BCM_DiagReqData3,31,8,,SCF0
BOD6813108_INF6813108,Msg,Body_CAN,0x681,BCM_DiagReq,BCM_DiagReqData3,31,8,,Info_CAN,0x681,BCM_DiagReq,BCM_DiagReqData3,31,8,,SCF0
BOD6813908_DIA6813908,Msg,Body_CAN,0x681,BCM_DiagReq,BCM_DiagReqData4,39,8,,Diag_CAN,0x681,BCM_DiagReq,BCM_DiagReqData4,39,8,,SCF0
BOD6813908_INF6813908,Msg,Body_CAN,0x681,BCM_DiagReq,BCM_DiagReqData4,39,8,,Info_CAN,0x681,BCM_DiagReq,BCM_DiagReqData4,39,8,,SCF0
BOD6814708_DIA6814708,Msg,Body_CAN,0x681,BCM_DiagReq,BCM_DiagReqData5,47,8,,Diag_CAN,0x681,BCM_DiagReq,BCM_DiagReqData5,47,8,,SCF0
BOD6814708_INF6814708,Msg,Body_CAN,0x681,BCM_DiagReq,BCM_DiagReqData5,47,8,,Info_CAN,0x681,BCM_DiagReq,BCM_DiagReqData5,47,8,,SCF0
BOD6815508_DIA6815508,Msg,Body_CAN,0x681,BCM_DiagReq,BCM_DiagReqData6,55,8,,Diag_CAN,0x681,BCM_DiagReq,BCM_DiagReqData6,55,8,,SCF0
BOD6815508_INF6815508,Msg,Body_CAN,0x681,BCM_DiagReq,BCM_DiagReqData6,55,8,,Info_CAN,0x681,BCM_DiagReq,BCM_DiagReqData6,55,8,,SCF0
BOD6816308_DIA6816308,Msg,Body_CAN,0x681,BCM_DiagReq,BCM_DiagReqData7,63,8,,Diag_CAN,0x681,BCM_DiagReq,BCM_DiagReqData7,63,8,,SCF0
BOD6816308_INF6816308,Msg,Body_CAN,0x681,BCM_DiagReq,BCM_DiagReqData7,63,8,,Info_CAN,0x681,BCM_DiagReq,BCM_DiagReqData7,63,8,,SCF0
BOD6880708_DIA6880708,Msg,Body_CAN,0x688,ACM_DiagReq,ACM_DiagReqData0,7,8,,Diag_CAN,0x688,ACM_DiagReq,ACM_DiagReqData0,7,8,,SCF0
BOD6880708_INF6880708,Msg,Body_CAN,0x688,ACM_DiagReq,ACM_DiagReqData0,7,8,,Info_CAN,0x688,ACM_DiagReq,ACM_DiagReqData0,7,8,,SCF0
BOD6881508_DIA6881508,Msg,Body_CAN,0x688,ACM_DiagReq,ACM_DiagReqData1,15,8,,Diag_CAN,0x688,ACM_DiagReq,ACM_DiagReqData1,15,8,,SCF0
BOD6881508_INF6881508,Msg,Body_CAN,0x688,ACM_DiagReq,ACM_DiagReqData1,15,8,,Info_CAN,0x688,ACM_DiagReq,ACM_DiagReqData1,15,8,,SCF0
BOD6882308_DIA6882308,Msg,Body_CAN,0x688,ACM_DiagReq,ACM_DiagReqData2,23,8,,Diag_CAN,0x688,ACM_DiagReq,ACM_DiagReqData2,23,8,,SCF0
BOD6882308_INF6882308,Msg,Body_CAN,0x688,ACM_DiagReq,ACM_DiagReqData2,23,8,,Info_CAN,0x688,ACM_DiagReq,ACM_DiagReqData2,23,8,,SCF0
BOD6883108_DIA6883108,Msg,Body_CAN,0x688,ACM_DiagReq,ACM_DiagReqData3,31,8,,Diag_CAN,0x688,ACM_DiagReq,ACM_DiagReqData3,31,8,,SCF0
BOD6883108_INF6883108,Msg,Body_CAN,0x688,ACM_DiagReq,ACM_DiagReqData3,31,8,,Info_CAN,0x688,ACM_DiagReq,ACM_DiagReqData3,31,8,,SCF0
BOD6883908_DIA6883908,Msg,Body_CAN,0x688,ACM_DiagReq,ACM_DiagReqData4,39,8,,Diag_CAN,0x688,ACM_DiagReq,ACM_DiagReqData4,39,8,,SCF0
BOD6883908_INF6883908,Msg,Body_CAN,0x688,ACM_DiagReq,ACM_DiagReqData4,39,8,,Info_CAN,0x688,ACM_DiagReq,ACM_DiagReqData4,39,8,,SCF0
BOD6884708_DIA6884708,Msg,Body_CAN,0x688,ACM_DiagReq,ACM_DiagReqData5,47,8,,Diag_CAN,0x688,ACM_DiagReq,ACM_DiagReqData5,47,8,,SCF0
BOD6884708_INF6884708,Msg,Body_CAN,0x688,ACM_DiagReq,ACM_DiagReqData5,47,8,,Info_CAN,0x688,ACM_DiagReq,ACM_DiagReqData5,47,8,,SCF0
BOD6885508_DIA6885508,Msg,Body_CAN,0x688,ACM_DiagReq,ACM_DiagReqData6,55,8,,Diag_CAN,0x688,ACM_DiagReq,ACM_DiagReqData6,55,8,,SCF0
BOD6885508_INF6885508,Msg,Body_CAN,0x688,ACM_DiagReq,ACM_DiagReqData6,55,8,,Info_CAN,0x688,ACM_DiagReq,ACM_DiagReqData6,55,8,,SCF0
BOD6886308_DIA6886308,Msg,Body_CAN,0x688,ACM_DiagReq,ACM_DiagReqData7,63,8,,Diag_CAN,0x688,ACM_DiagReq,ACM_DiagReqData7,63,8,,SCF0
BOD6886308_INF6886308,Msg,Body_CAN,0x688,ACM_DiagReq,ACM_DiagReqData7,63,8,,Info_CAN,0x688,ACM_DiagReq,ACM_DiagReqData7,63,8,,SCF0
BOD6890708_DIA6890708,Msg,Body_CAN,0x689,CCUF_DiagReq,CCUF_DiagReqData0,7,8,,Diag_CAN,0x689,CCUF_DiagReq,CCUF_DiagReqData0,7,8,,SCF0
BOD6890708_INF6890708,Msg,Body_CAN,0x689,CCUF_DiagReq,CCUF_DiagReqData0,7,8,,Info_CAN,0x689,CCUF_DiagReq,CCUF_DiagReqData0,7,8,,SCF0
BOD6891508_DIA6891508,Msg,Body_CAN,0x689,CCUF_DiagReq,CCUF_DiagReqData1,15,8,,Diag_CAN,0x689,CCUF_DiagReq,CCUF_DiagReqData1,15,8,,SCF0
BOD6891508_INF6891508,Msg,Body_CAN,0x689,CCUF_DiagReq,CCUF_DiagReqData1,15,8,,Info_CAN,0x689,CCUF_DiagReq,CCUF_DiagReqData1,15,8,,SCF0
BOD6892308_DIA6892308,Msg,Body_CAN,0x689,CCUF_DiagReq,CCUF_DiagReqData2,23,8,,Diag_CAN,0x689,CCUF_DiagReq,CCUF_DiagReqData2,23,8,,SCF0
BOD6892308_INF6892308,Msg,Body_CAN,0x689,CCUF_DiagReq,CCUF_DiagReqData2,23,8,,Info_CAN,0x689,CCUF_DiagReq,CCUF_DiagReqData2,23,8,,SCF0
BOD6893108_DIA6893108,Msg,Body_CAN,0x689,CCUF_DiagReq,CCUF_DiagReqData3,31,8,,Diag_CAN,0x689,CCUF_DiagReq,CCUF_DiagReqData3,31,8,,SCF0
BOD6893108_INF6893108,Msg,Body_CAN,0x689,CCUF_DiagReq,CCUF_DiagReqData3,31,8,,Info_CAN,0x689,CCUF_DiagReq,CCUF_DiagReqData3,31,8,,SCF0
BOD6893908_DIA6893908,Msg,Body_CAN,0x689,CCUF_DiagReq,CCUF_DiagReqData4,39,8,,Diag_CAN,0x689,CCUF_DiagReq,CCUF_DiagReqData4,39,8,,SCF0
BOD6893908_INF6893908,Msg,Body_CAN,0x689,CCUF_DiagReq,CCUF_DiagReqData4,39,8,,Info_CAN,0x689,CCUF_DiagReq,CCUF_DiagReqData4,39,8,,SCF0
BOD6894708_DIA6894708,Msg,Body_CAN,0x689,CCUF_DiagReq,CCUF_DiagReqData5,47,8,,Diag_CAN,0x689,CCUF_DiagReq,CCUF_DiagReqData5,47,8,,SCF0
BOD6894708_INF6894708,Msg,Body_CAN,0x689,CCUF_DiagReq,CCUF_DiagReqData5,47,8,,Info_CAN,0x689,CCUF_DiagReq,CCUF_DiagReqData5,47,8,,SCF0
BOD6895508_DIA6895508,Msg,Body_CAN,0x689,CCUF_DiagReq,CCUF_DiagReqData6,55,8,,Diag_CAN,0x689,CCUF_DiagReq,CCUF_DiagReqData6,55,8,,SCF0
BOD6895508_INF6895508,Msg,Body_CAN,0x689,CCUF_DiagReq,CCUF_DiagReqData6,55,8,,Info_CAN,0x689,CCUF_DiagReq,CCUF_DiagReqData6,55,8,,SCF0
BOD6896308_DIA6896308,Msg,Body_CAN,0x689,CCUF_DiagReq,CCUF_DiagReqData7,63,8,,Diag_CAN,0x689,CCUF_DiagReq,CCUF_DiagReqData7,63,8,,SCF0
BOD6896308_INF6896308,Msg,Body_CAN,0x689,CCUF_DiagReq,CCUF_DiagReqData7,63,8,,Info_CAN,0x689,CCUF_DiagReq,CCUF_DiagReqData7,63,8,,SCF0
BOD68E0708_DIA68E0708,Msg,Body_CAN,0x68e,ETG_DiagReq,ETG_DiagReqData0,7,8,,Diag_CAN,0x68e,ETG_DiagReq,ETG_DiagReqData0,7,8,,SCF0
BOD68E0708_INF68E0708,Msg,Body_CAN,0x68e,ETG_DiagReq,ETG_DiagReqData0,7,8,,Info_CAN,0x68e,ETG_DiagReq,ETG_DiagReqData0,7,8,,SCF0
BOD68E1508_DIA68E1508,Msg,Body_CAN,0x68e,ETG_DiagReq,ETG_DiagReqData1,15,8,,Diag_CAN,0x68e,ETG_DiagReq,ETG_DiagReqData1,15,8,,SCF0
BOD68E1508_INF68E1508,Msg,Body_CAN,0x68e,ETG_DiagReq,ETG_DiagReqData1,15,8,,Info_CAN,0x68e,ETG_DiagReq,ETG_DiagReqData1,15,8,,SCF0
BOD68E2308_DIA68E2308,Msg,Body_CAN,0x68e,ETG_DiagReq,ETG_DiagReqData2,23,8,,Diag_CAN,0x68e,ETG_DiagReq,ETG_DiagReqData2,23,8,,SCF0
BOD68E2308_INF68E2308,Msg,Body_CAN,0x68e,ETG_DiagReq,ETG_DiagReqData2,23,8,,Info_CAN,0x68e,ETG_DiagReq,ETG_DiagReqData2,23,8,,SCF0
BOD68E3108_DIA68E3108,Msg,Body_CAN,0x68e,ETG_DiagReq,ETG_DiagReqData3,31,8,,Diag_CAN,0x68e,ETG_DiagReq,ETG_DiagReqData3,31,8,,SCF0
BOD68E3108_INF68E3108,Msg,Body_CAN,0x68e,ETG_DiagReq,ETG_DiagReqData3,31,8,,Info_CAN,0x68e,ETG_DiagReq,ETG_DiagReqData3,31,8,,SCF0
BOD68E3908_DIA68E3908,Msg,Body_CAN,0x68e,ETG_DiagReq,ETG_DiagReqData4,39,8,,Diag_CAN,0x68e,ETG_DiagReq,ETG_DiagReqData4,39,8,,SCF0
BOD68E3908_INF68E3908,Msg,Body_CAN,0x68e,ETG_DiagReq,ETG_DiagReqData4,39,8,,Info_CAN,0x68e,ETG_DiagReq,ETG_DiagReqData4,39,8,,SCF0
BOD68E4708_DIA68E4708,Msg,Body_CAN,0x68e,ETG_DiagReq,ETG_DiagReqData5,47,8,,Diag_CAN,0x68e,ETG_DiagReq,ETG_DiagReqData5,47,8,,SCF0
BOD68E4708_INF68E4708,Msg,Body_CAN,0x68e,ETG_DiagReq,ETG_DiagReqData5,47,8,,Info_CAN,0x68e,ETG_DiagReq,ETG_DiagReqData5,47,8,,SCF0
BOD68E5508_DIA68E5508,Msg,Body_CAN,0x68e,ETG_DiagReq,ETG_DiagReqData6,55,8,,Diag_CAN,0x68e,ETG_DiagReq,ETG_DiagReqData6,55,8,,SCF0
BOD68E5508_INF68E5508,Msg,Body_CAN,0x68e,ETG_DiagReq,ETG_DiagReqData6,55,8,,Info_CAN,0x68e,ETG_DiagReq,ETG_DiagReqData6,55,8,,SCF0
BOD68E6308_DIA68E6308,Msg,Body_CAN,0x68e,ETG_DiagReq,ETG_DiagReqData7,63,8,,Diag_CAN,0x68e,ETG_DiagReq,ETG_DiagReqData7,63,8,,SCF0
BOD68E6308_INF68E6308,Msg,Body_CAN,0x68e,ETG_DiagReq,ETG_DiagReqData7,63,8,,Info_CAN,0x68e,ETG_DiagReq,ETG_DiagReqData7,63,8,,SCF0
BOD6910708_DIA6910708,Msg,Body_CAN,0x691,ASU_Gateway_DiagReq,ASU_Gateway_DiagReqData0,7,8,,Diag_CAN,0x691,ASU_Gateway_DiagReq,ASU_Gateway_DiagReqData0,7,8,,SCF0
BOD6910708_INF6910708,Msg,Body_CAN,0x691,ASU_Gateway_DiagReq,ASU_Gateway_DiagReqData0,7,8,,Info_CAN,0x691,ASU_Gateway_rDiagReq,ASU_Gateway_rDiagReqData0,7,8,,SCF0
BOD6911508_DIA6911508,Msg,Body_CAN,0x691,ASU_Gateway_DiagReq,ASU_Gateway_DiagReqData1,15,8,,Diag_CAN,0x691,ASU_Gateway_DiagReq,ASU_Gateway_DiagReqData1,15,8,,SCF0
BOD6911508_INF6911508,Msg,Body_CAN,0x691,ASU_Gateway_DiagReq,ASU_Gateway_DiagReqData1,15,8,,Info_CAN,0x691,ASU_Gateway_rDiagReq,ASU_Gateway_rDiagReqData1,15,8,,SCF0
BOD6912308_DIA6912308,Msg,Body_CAN,0x691,ASU_Gateway_DiagReq,ASU_Gateway_DiagReqData2,23,8,,Diag_CAN,0x691,ASU_Gateway_DiagReq,ASU_Gateway_DiagReqData2,23,8,,SCF0
BOD6912308_INF6912308,Msg,Body_CAN,0x691,ASU_Gateway_DiagReq,ASU_Gateway_DiagReqData2,23,8,,Info_CAN,0x691,ASU_Gateway_rDiagReq,ASU_Gateway_rDiagReqData2,23,8,,SCF0
BOD6913108_DIA6913108,Msg,Body_CAN,0x691,ASU_Gateway_DiagReq,ASU_Gateway_DiagReqData3,31,8,,Diag_CAN,0x691,ASU_Gateway_DiagReq,ASU_Gateway_DiagReqData3,31,8,,SCF0
BOD6913108_INF6913108,Msg,Body_CAN,0x691,ASU_Gateway_DiagReq,ASU_Gateway_DiagReqData3,31,8,,Info_CAN,0x691,ASU_Gateway_rDiagReq,ASU_Gateway_rDiagReqData3,31,8,,SCF0
BOD6913908_DIA6913908,Msg,Body_CAN,0x691,ASU_Gateway_DiagReq,ASU_Gateway_DiagReqData4,39,8,,Diag_CAN,0x691,ASU_Gateway_DiagReq,ASU_Gateway_DiagReqData4,39,8,,SCF0
BOD6913908_INF6913908,Msg,Body_CAN,0x691,ASU_Gateway_DiagReq,ASU_Gateway_DiagReqData4,39,8,,Info_CAN,0x691,ASU_Gateway_rDiagReq,ASU_Gateway_rDiagReqData4,39,8,,SCF0
BOD6914708_DIA6914708,Msg,Body_CAN,0x691,ASU_Gateway_DiagReq,ASU_Gateway_DiagReqData5,47,8,,Diag_CAN,0x691,ASU_Gateway_DiagReq,ASU_Gateway_DiagReqData5,47,8,,SCF0
BOD6914708_INF6914708,Msg,Body_CAN,0x691,ASU_Gateway_DiagReq,ASU_Gateway_DiagReqData5,47,8,,Info_CAN,0x691,ASU_Gateway_rDiagReq,ASU_Gateway_rDiagReqData5,47,8,,SCF0
BOD6915508_DIA6915508,Msg,Body_CAN,0x691,ASU_Gateway_DiagReq,ASU_Gateway_DiagReqData6,55,8,,Diag_CAN,0x691,ASU_Gateway_DiagReq,ASU_Gateway_DiagReqData6,55,8,,SCF0
BOD6915508_INF6915508,Msg,Body_CAN,0x691,ASU_Gateway_DiagReq,ASU_Gateway_DiagReqData6,55,8,,Info_CAN,0x691,ASU_Gateway_rDiagReq,ASU_Gateway_rDiagReqData6,55,8,,SCF0
BOD6916308_DIA6916308,Msg,Body_CAN,0x691,ASU_Gateway_DiagReq,ASU_Gateway_DiagReqData7,63,8,,Diag_CAN,0x691,ASU_Gateway_DiagReq,ASU_Gateway_DiagReqData7,63,8,,SCF0
BOD6916308_INF6916308,Msg,Body_CAN,0x691,ASU_Gateway_DiagReq,ASU_Gateway_DiagReqData7,63,8,,Info_CAN,0x691,ASU_Gateway_rDiagReq,ASU_Gateway_rDiagReqData7,63,8,,SCF0
BOD6940708_DIA6940708,Msg,Body_CAN,0x694,CCUR_DiagReq,CCUR_DiagReqData0,7,8,,Diag_CAN,0x694,CCUR_DiagReq,CCUR_DiagReqData0,7,8,,SCF0
BOD6940708_INF6940708,Msg,Body_CAN,0x694,CCUR_DiagReq,CCUR_DiagReqData0,7,8,,Info_CAN,0x694,CCUR_DiagReq,CCUR_DiagReqData0,7,8,,SCF0
BOD6941508_DIA6941508,Msg,Body_CAN,0x694,CCUR_DiagReq,CCUR_DiagReqData1,15,8,,Diag_CAN,0x694,CCUR_DiagReq,CCUR_DiagReqData1,15,8,,SCF0
BOD6941508_INF6941508,Msg,Body_CAN,0x694,CCUR_DiagReq,CCUR_DiagReqData1,15,8,,Info_CAN,0x694,CCUR_DiagReq,CCUR_DiagReqData1,15,8,,SCF0
BOD6942308_DIA6942308,Msg,Body_CAN,0x694,CCUR_DiagReq,CCUR_DiagReqData2,23,8,,Diag_CAN,0x694,CCUR_DiagReq,CCUR_DiagReqData2,23,8,,SCF0
BOD6942308_INF6942308,Msg,Body_CAN,0x694,CCUR_DiagReq,CCUR_DiagReqData2,23,8,,Info_CAN,0x694,CCUR_DiagReq,CCUR_DiagReqData2,23,8,,SCF0
BOD6943108_DIA6943108,Msg,Body_CAN,0x694,CCUR_DiagReq,CCUR_DiagReqData3,31,8,,Diag_CAN,0x694,CCUR_DiagReq,CCUR_DiagReqData3,31,8,,SCF0
BOD6943108_INF6943108,Msg,Body_CAN,0x694,CCUR_DiagReq,CCUR_DiagReqData3,31,8,,Info_CAN,0x694,CCUR_DiagReq,CCUR_DiagReqData3,31,8,,SCF0
BOD6943908_DIA6943908,Msg,Body_CAN,0x694,CCUR_DiagReq,CCUR_DiagReqData4,39,8,,Diag_CAN,0x694,CCUR_DiagReq,CCUR_DiagReqData4,39,8,,SCF0
BOD6943908_INF6943908,Msg,Body_CAN,0x694,CCUR_DiagReq,CCUR_DiagReqData4,39,8,,Info_CAN,0x694,CCUR_DiagReq,CCUR_DiagReqData4,39,8,,SCF0
BOD6944708_DIA6944708,Msg,Body_CAN,0x694,CCUR_DiagReq,CCUR_DiagReqData5,47,8,,Diag_CAN,0x694,CCUR_DiagReq,CCUR_DiagReqData5,47,8,,SCF0
BOD6944708_INF6944708,Msg,Body_CAN,0x694,CCUR_DiagReq,CCUR_DiagReqData5,47,8,,Info_CAN,0x694,CCUR_DiagReq,CCUR_DiagReqData5,47,8,,SCF0
BOD6945508_DIA6945508,Msg,Body_CAN,0x694,CCUR_DiagReq,CCUR_DiagReqData6,55,8,,Diag_CAN,0x694,CCUR_DiagReq,CCUR_DiagReqData6,55,8,,SCF0
BOD6945508_INF6945508,Msg,Body_CAN,0x694,CCUR_DiagReq,CCUR_DiagReqData6,55,8,,Info_CAN,0x694,CCUR_DiagReq,CCUR_DiagReqData6,55,8,,SCF0
BOD6946308_DIA6946308,Msg,Body_CAN,0x694,CCUR_DiagReq,CCUR_DiagReqData7,63,8,,Diag_CAN,0x694,CCUR_DiagReq,CCUR_DiagReqData7,63,8,,SCF0
BOD6946308_INF6946308,Msg,Body_CAN,0x694,CCUR_DiagReq,CCUR_DiagReqData7,63,8,,Info_CAN,0x694,CCUR_DiagReq,CCUR_DiagReqData7,63,8,,SCF0
BOD69E0708_DIA69E0708,Msg,Body_CAN,0x69e,PSM_D_DiagReq,PSM_D_DiagReqData0,7,8,,Diag_CAN,0x69e,PSM_D_DiagReq,PSM_D_DiagReqData0,7,8,,SCF0
BOD69E0708_INF69E0708,Msg,Body_CAN,0x69e,PSM_D_DiagReq,PSM_D_DiagReqData0,7,8,,Info_CAN,0x69e,PSM_D_DiagReq,PSM_D_DiagReqData0,7,8,,SCF0
BOD69E1508_DIA69E1508,Msg,Body_CAN,0x69e,PSM_D_DiagReq,PSM_D_DiagReqData1,15,8,,Diag_CAN,0x69e,PSM_D_DiagReq,PSM_D_DiagReqData1,15,8,,SCF0
BOD69E1508_INF69E1508,Msg,Body_CAN,0x69e,PSM_D_DiagReq,PSM_D_DiagReqData1,15,8,,Info_CAN,0x69e,PSM_D_DiagReq,PSM_D_DiagReqData1,15,8,,SCF0
BOD69E2308_DIA69E2308,Msg,Body_CAN,0x69e,PSM_D_DiagReq,PSM_D_DiagReqData2,23,8,,Diag_CAN,0x69e,PSM_D_DiagReq,PSM_D_DiagReqData2,23,8,,SCF0
BOD69E2308_INF69E2308,Msg,Body_CAN,0x69e,PSM_D_DiagReq,PSM_D_DiagReqData2,23,8,,Info_CAN,0x69e,PSM_D_DiagReq,PSM_D_DiagReqData2,23,8,,SCF0
BOD69E3108_DIA69E3108,Msg,Body_CAN,0x69e,PSM_D_DiagReq,PSM_D_DiagReqData3,31,8,,Diag_CAN,0x69e,PSM_D_DiagReq,PSM_D_DiagReqData3,31,8,,SCF0
BOD69E3108_INF69E3108,Msg,Body_CAN,0x69e,PSM_D_DiagReq,PSM_D_DiagReqData3,31,8,,Info_CAN,0x69e,PSM_D_DiagReq,PSM_D_DiagReqData3,31,8,,SCF0
BOD69E3908_DIA69E3908,Msg,Body_CAN,0x69e,PSM_D_DiagReq,PSM_D_DiagReqData4,39,8,,Diag_CAN,0x69e,PSM_D_DiagReq,PSM_D_DiagReqData4,39,8,,SCF0
BOD69E3908_INF69E3908,Msg,Body_CAN,0x69e,PSM_D_DiagReq,PSM_D_DiagReqData4,39,8,,Info_CAN,0x69e,PSM_D_DiagReq,PSM_D_DiagReqData4,39,8,,SCF0
BOD69E4708_DIA69E4708,Msg,Body_CAN,0x69e,PSM_D_DiagReq,PSM_D_DiagReqData5,47,8,,Diag_CAN,0x69e,PSM_D_DiagReq,PSM_D_DiagReqData5,47,8,,SCF0
BOD69E4708_INF69E4708,Msg,Body_CAN,0x69e,PSM_D_DiagReq,PSM_D_DiagReqData5,47,8,,Info_CAN,0x69e,PSM_D_DiagReq,PSM_D_DiagReqData5,47,8,,SCF0
BOD69E5508_DIA69E5508,Msg,Body_CAN,0x69e,PSM_D_DiagReq,PSM_D_DiagReqData6,55,8,,Diag_CAN,0x69e,PSM_D_DiagReq,PSM_D_DiagReqData6,55,8,,SCF0
BOD69E5508_INF69E5508,Msg,Body_CAN,0x69e,PSM_D_DiagReq,PSM_D_DiagReqData6,55,8,,Info_CAN,0x69e,PSM_D_DiagReq,PSM_D_DiagReqData6,55,8,,SCF0
BOD69E6308_DIA69E6308,Msg,Body_CAN,0x69e,PSM_D_DiagReq,PSM_D_DiagReqData7,63,8,,Diag_CAN,0x69e,PSM_D_DiagReq,PSM_D_DiagReqData7,63,8,,SCF0
BOD69E6308_INF69E6308,Msg,Body_CAN,0x69e,PSM_D_DiagReq,PSM_D_DiagReqData7,63,8,,Info_CAN,0x69e,PSM_D_DiagReq,PSM_D_DiagReqData7,63,8,,SCF0
BOD6BB0708_DIA6BB0708,Msg,Body_CAN,0x6bb,TRM_DiagReq,TRM_DiagReqData0,7,8,,Diag_CAN,0x6bb,TRM_DiagReq,TRM_DiagReqData0,7,8,,SCF0
BOD6BB0708_INF6BB0708,Msg,Body_CAN,0x6bb,TRM_DiagReq,TRM_DiagReqData0,7,8,,Info_CAN,0x6bb,TRM_DiagReq,TRM_DiagReqData0,7,8,,SCF0
BOD6BB1508_DIA6BB1508,Msg,Body_CAN,0x6bb,TRM_DiagReq,TRM_DiagReqData1,15,8,,Diag_CAN,0x6bb,TRM_DiagReq,TRM_DiagReqData1,15,8,,SCF0
BOD6BB1508_INF6BB1508,Msg,Body_CAN,0x6bb,TRM_DiagReq,TRM_DiagReqData1,15,8,,Info_CAN,0x6bb,TRM_DiagReq,TRM_DiagReqData1,15,8,,SCF0
BOD6BB2308_DIA6BB2308,Msg,Body_CAN,0x6bb,TRM_DiagReq,TRM_DiagReqData2,23,8,,Diag_CAN,0x6bb,TRM_DiagReq,TRM_DiagReqData2,23,8,,SCF0
BOD6BB2308_INF6BB2308,Msg,Body_CAN,0x6bb,TRM_DiagReq,TRM_DiagReqData2,23,8,,Info_CAN,0x6bb,TRM_DiagReq,TRM_DiagReqData2,23,8,,SCF0
BOD6BB3108_DIA6BB3108,Msg,Body_CAN,0x6bb,TRM_DiagReq,TRM_DiagReqData3,31,8,,Diag_CAN,0x6bb,TRM_DiagReq,TRM_DiagReqData3,31,8,,SCF0
BOD6BB3108_INF6BB3108,Msg,Body_CAN,0x6bb,TRM_DiagReq,TRM_DiagReqData3,31,8,,Info_CAN,0x6bb,TRM_DiagReq,TRM_DiagReqData3,31,8,,SCF0
BOD6BB3908_DIA6BB3908,Msg,Body_CAN,0x6bb,TRM_DiagReq,TRM_DiagReqData4,39,8,,Diag_CAN,0x6bb,TRM_DiagReq,TRM_DiagReqData4,39,8,,SCF0
BOD6BB3908_INF6BB3908,Msg,Body_CAN,0x6bb,TRM_DiagReq,TRM_DiagReqData4,39,8,,Info_CAN,0x6bb,TRM_DiagReq,TRM_DiagReqData4,39,8,,SCF0
BOD6BB4708_DIA6BB4708,Msg,Body_CAN,0x6bb,TRM_DiagReq,TRM_DiagReqData5,47,8,,Diag_CAN,0x6bb,TRM_DiagReq,TRM_DiagReqData5,47,8,,SCF0
BOD6BB4708_INF6BB4708,Msg,Body_CAN,0x6bb,TRM_DiagReq,TRM_DiagReqData5,47,8,,Info_CAN,0x6bb,TRM_DiagReq,TRM_DiagReqData5,47,8,,SCF0
BOD6BB5508_DIA6BB5508,Msg,Body_CAN,0x6bb,TRM_DiagReq,TRM_DiagReqData6,55,8,,Diag_CAN,0x6bb,TRM_DiagReq,TRM_DiagReqData6,55,8,,SCF0
BOD6BB5508_INF6BB5508,Msg,Body_CAN,0x6bb,TRM_DiagReq,TRM_DiagReqData6,55,8,,Info_CAN,0x6bb,TRM_DiagReq,TRM_DiagReqData6,55,8,,SCF0
BOD6BB6308_DIA6BB6308,Msg,Body_CAN,0x6bb,TRM_DiagReq,TRM_DiagReqData7,63,8,,Diag_CAN,0x6bb,TRM_DiagReq,TRM_DiagReqData7,63,8,,SCF0
BOD6BB6308_INF6BB6308,Msg,Body_CAN,0x6bb,TRM_DiagReq,TRM_DiagReqData7,63,8,,Info_CAN,0x6bb,TRM_DiagReq,TRM_DiagReqData7,63,8,,SCF0
BOD6C10708_DIA6C10708,Msg,Body_CAN,0x6c1,APM_DiagReq,APM_DiagReqData0,7,8,,Diag_CAN,0x6c1,APM_DiagReq,APM_DiagReqData0,7,8,,SCF0
BOD6C10708_INF6C10708,Msg,Body_CAN,0x6c1,APM_DiagReq,APM_DiagReqData0,7,8,,Info_CAN,0x6c1,APM_DiagReq,APM_DiagReqData0,7,8,,SCF0
BOD6C11508_DIA6C11508,Msg,Body_CAN,0x6c1,APM_DiagReq,APM_DiagReqData1,15,8,,Diag_CAN,0x6c1,APM_DiagReq,APM_DiagReqData1,15,8,,SCF0
BOD6C11508_INF6C11508,Msg,Body_CAN,0x6c1,APM_DiagReq,APM_DiagReqData1,15,8,,Info_CAN,0x6c1,APM_DiagReq,APM_DiagReqData1,15,8,,SCF0
BOD6C12308_DIA6C12308,Msg,Body_CAN,0x6c1,APM_DiagReq,APM_DiagReqData2,23,8,,Diag_CAN,0x6c1,APM_DiagReq,APM_DiagReqData2,23,8,,SCF0
BOD6C12308_INF6C12308,Msg,Body_CAN,0x6c1,APM_DiagReq,APM_DiagReqData2,23,8,,Info_CAN,0x6c1,APM_DiagReq,APM_DiagReqData2,23,8,,SCF0
BOD6C13108_DIA6C13108,Msg,Body_CAN,0x6c1,APM_DiagReq,APM_DiagReqData3,31,8,,Diag_CAN,0x6c1,APM_DiagReq,APM_DiagReqData3,31,8,,SCF0
BOD6C13108_INF6C13108,Msg,Body_CAN,0x6c1,APM_DiagReq,APM_DiagReqData3,31,8,,Info_CAN,0x6c1,APM_DiagReq,APM_DiagReqData3,31,8,,SCF0
BOD6C13908_DIA6C13908,Msg,Body_CAN,0x6c1,APM_DiagReq,APM_DiagReqData4,39,8,,Diag_CAN,0x6c1,APM_DiagReq,APM_DiagReqData4,39,8,,SCF0
BOD6C13908_INF6C13908,Msg,Body_CAN,0x6c1,APM_DiagReq,APM_DiagReqData4,39,8,,Info_CAN,0x6c1,APM_DiagReq,APM_DiagReqData4,39,8,,SCF0
BOD6C14708_DIA6C14708,Msg,Body_CAN,0x6c1,APM_DiagReq,APM_DiagReqData5,47,8,,Diag_CAN,0x6c1,APM_DiagReq,APM_DiagReqData5,47,8,,SCF0
BOD6C14708_INF6C14708,Msg,Body_CAN,0x6c1,APM_DiagReq,APM_DiagReqData5,47,8,,Info_CAN,0x6c1,APM_DiagReq,APM_DiagReqData5,47,8,,SCF0
BOD6C15508_DIA6C15508,Msg,Body_CAN,0x6c1,APM_DiagReq,APM_DiagReqData6,55,8,,Diag_CAN,0x6c1,APM_DiagReq,APM_DiagReqData6,55,8,,SCF0
BOD6C15508_INF6C15508,Msg,Body_CAN,0x6c1,APM_DiagReq,APM_DiagReqData6,55,8,,Info_CAN,0x6c1,APM_DiagReq,APM_DiagReqData6,55,8,,SCF0
BOD6C16308_DIA6C16308,Msg,Body_CAN,0x6c1,APM_DiagReq,APM_DiagReqData7,63,8,,Diag_CAN,0x6c1,APM_DiagReq,APM_DiagReqData7,63,8,,SCF0
BOD6C16308_INF6C16308,Msg,Body_CAN,0x6c1,APM_DiagReq,APM_DiagReqData7,63,8,,Info_CAN,0x6c1,APM_DiagReq,APM_DiagReqData7,63,8,,SCF0
BOD6C20708_DIA6C20708,Msg,Body_CAN,0x6c2,SHVU_F_DiagReq,SHVU_F_DiagReqData0,7,8,,Diag_CAN,0x6c2,SHVU_F_DiagReq,SHVU_F_DiagReqData0,7,8,,SCF0
BOD6C20708_INF6C20708,Msg,Body_CAN,0x6c2,SHVU_F_DiagReq,SHVU_F_DiagReqData0,7,8,,Info_CAN,0x6c2,SHVU_F_DiagReq,SHVU_F_DiagReqData0,7,8,,SCF0
BOD6C21508_DIA6C21508,Msg,Body_CAN,0x6c2,SHVU_F_DiagReq,SHVU_F_DiagReqData1,15,8,,Diag_CAN,0x6c2,SHVU_F_DiagReq,SHVU_F_DiagReqData1,15,8,,SCF0
BOD6C21508_INF6C21508,Msg,Body_CAN,0x6c2,SHVU_F_DiagReq,SHVU_F_DiagReqData1,15,8,,Info_CAN,0x6c2,SHVU_F_DiagReq,SHVU_F_DiagReqData1,15,8,,SCF0
BOD6C22308_DIA6C22308,Msg,Body_CAN,0x6c2,SHVU_F_DiagReq,SHVU_F_DiagReqData2,23,8,,Diag_CAN,0x6c2,SHVU_F_DiagReq,SHVU_F_DiagReqData2,23,8,,SCF0
BOD6C22308_INF6C22308,Msg,Body_CAN,0x6c2,SHVU_F_DiagReq,SHVU_F_DiagReqData2,23,8,,Info_CAN,0x6c2,SHVU_F_DiagReq,SHVU_F_DiagReqData2,23,8,,SCF0
BOD6C23108_DIA6C23108,Msg,Body_CAN,0x6c2,SHVU_F_DiagReq,SHVU_F_DiagReqData3,31,8,,Diag_CAN,0x6c2,SHVU_F_DiagReq,SHVU_F_DiagReqData3,31,8,,SCF0
BOD6C23108_INF6C23108,Msg,Body_CAN,0x6c2,SHVU_F_DiagReq,SHVU_F_DiagReqData3,31,8,,Info_CAN,0x6c2,SHVU_F_DiagReq,SHVU_F_DiagReqData3,31,8,,SCF0
BOD6C23908_DIA6C23908,Msg,Body_CAN,0x6c2,SHVU_F_DiagReq,SHVU_F_DiagReqData4,39,8,,Diag_CAN,0x6c2,SHVU_F_DiagReq,SHVU_F_DiagReqData4,39,8,,SCF0
BOD6C23908_INF6C23908,Msg,Body_CAN,0x6c2,SHVU_F_DiagReq,SHVU_F_DiagReqData4,39,8,,Info_CAN,0x6c2,SHVU_F_DiagReq,SHVU_F_DiagReqData4,39,8,,SCF0
BOD6C24708_DIA6C24708,Msg,Body_CAN,0x6c2,SHVU_F_DiagReq,SHVU_F_DiagReqData5,47,8,,Diag_CAN,0x6c2,SHVU_F_DiagReq,SHVU_F_DiagReqData5,47,8,,SCF0
BOD6C24708_INF6C24708,Msg,Body_CAN,0x6c2,SHVU_F_DiagReq,SHVU_F_DiagReqData5,47,8,,Info_CAN,0x6c2,SHVU_F_DiagReq,SHVU_F_DiagReqData5,47,8,,SCF0
BOD6C25508_DIA6C25508,Msg,Body_CAN,0x6c2,SHVU_F_DiagReq,SHVU_F_DiagReqData6,55,8,,Diag_CAN,0x6c2,SHVU_F_DiagReq,SHVU_F_DiagReqData6,55,8,,SCF0
BOD6C25508_INF6C25508,Msg,Body_CAN,0x6c2,SHVU_F_DiagReq,SHVU_F_DiagReqData6,55,8,,Info_CAN,0x6c2,SHVU_F_DiagReq,SHVU_F_DiagReqData6,55,8,,SCF0
BOD6C26308_DIA6C26308,Msg,Body_CAN,0x6c2,SHVU_F_DiagReq,SHVU_F_DiagReqData7,63,8,,Diag_CAN,0x6c2,SHVU_F_DiagReq,SHVU_F_DiagReqData7,63,8,,SCF0
BOD6C26308_INF6C26308,Msg,Body_CAN,0x6c2,SHVU_F_DiagReq,SHVU_F_DiagReqData7,63,8,,Info_CAN,0x6c2,SHVU_F_DiagReq,SHVU_F_DiagReqData7,63,8,,SCF0
BOD6C30708_DIA6C30708,Msg,Body_CAN,0x6c3,SHVU_R_DiagReq,SHVU_R_DiagReqData0,7,8,,Diag_CAN,0x6c3,SHVU_R_DiagReq,SHVU_R_DiagReqData0,7,8,,SCF0
BOD6C30708_INF6C30708,Msg,Body_CAN,0x6c3,SHVU_R_DiagReq,SHVU_R_DiagReqData0,7,8,,Info_CAN,0x6c3,SHVU_R_DiagReq,SHVU_R_DiagReqData0,7,8,,SCF0
BOD6C31508_DIA6C31508,Msg,Body_CAN,0x6c3,SHVU_R_DiagReq,SHVU_R_DiagReqData1,15,8,,Diag_CAN,0x6c3,SHVU_R_DiagReq,SHVU_R_DiagReqData1,15,8,,SCF0
BOD6C31508_INF6C31508,Msg,Body_CAN,0x6c3,SHVU_R_DiagReq,SHVU_R_DiagReqData1,15,8,,Info_CAN,0x6c3,SHVU_R_DiagReq,SHVU_R_DiagReqData1,15,8,,SCF0
BOD6C32308_DIA6C32308,Msg,Body_CAN,0x6c3,SHVU_R_DiagReq,SHVU_R_DiagReqData2,23,8,,Diag_CAN,0x6c3,SHVU_R_DiagReq,SHVU_R_DiagReqData2,23,8,,SCF0
BOD6C32308_INF6C32308,Msg,Body_CAN,0x6c3,SHVU_R_DiagReq,SHVU_R_DiagReqData2,23,8,,Info_CAN,0x6c3,SHVU_R_DiagReq,SHVU_R_DiagReqData2,23,8,,SCF0
BOD6C33108_DIA6C33108,Msg,Body_CAN,0x6c3,SHVU_R_DiagReq,SHVU_R_DiagReqData3,31,8,,Diag_CAN,0x6c3,SHVU_R_DiagReq,SHVU_R_DiagReqData3,31,8,,SCF0
BOD6C33108_INF6C33108,Msg,Body_CAN,0x6c3,SHVU_R_DiagReq,SHVU_R_DiagReqData3,31,8,,Info_CAN,0x6c3,SHVU_R_DiagReq,SHVU_R_DiagReqData3,31,8,,SCF0
BOD6C33908_DIA6C33908,Msg,Body_CAN,0x6c3,SHVU_R_DiagReq,SHVU_R_DiagReqData4,39,8,,Diag_CAN,0x6c3,SHVU_R_DiagReq,SHVU_R_DiagReqData4,39,8,,SCF0
BOD6C33908_INF6C33908,Msg,Body_CAN,0x6c3,SHVU_R_DiagReq,SHVU_R_DiagReqData4,39,8,,Info_CAN,0x6c3,SHVU_R_DiagReq,SHVU_R_DiagReqData4,39,8,,SCF0
BOD6C34708_DIA6C34708,Msg,Body_CAN,0x6c3,SHVU_R_DiagReq,SHVU_R_DiagReqData5,47,8,,Diag_CAN,0x6c3,SHVU_R_DiagReq,SHVU_R_DiagReqData5,47,8,,SCF0
BOD6C34708_INF6C34708,Msg,Body_CAN,0x6c3,SHVU_R_DiagReq,SHVU_R_DiagReqData5,47,8,,Info_CAN,0x6c3,SHVU_R_DiagReq,SHVU_R_DiagReqData5,47,8,,SCF0
BOD6C35508_DIA6C35508,Msg,Body_CAN,0x6c3,SHVU_R_DiagReq,SHVU_R_DiagReqData6,55,8,,Diag_CAN,0x6c3,SHVU_R_DiagReq,SHVU_R_DiagReqData6,55,8,,SCF0
BOD6C35508_INF6C35508,Msg,Body_CAN,0x6c3,SHVU_R_DiagReq,SHVU_R_DiagReqData6,55,8,,Info_CAN,0x6c3,SHVU_R_DiagReq,SHVU_R_DiagReqData6,55,8,,SCF0
BOD6C36308_DIA6C36308,Msg,Body_CAN,0x6c3,SHVU_R_DiagReq,SHVU_R_DiagReqData7,63,8,,Diag_CAN,0x6c3,SHVU_R_DiagReq,SHVU_R_DiagReqData7,63,8,,SCF0
BOD6C36308_INF6C36308,Msg,Body_CAN,0x6c3,SHVU_R_DiagReq,SHVU_R_DiagReqData7,63,8,,Info_CAN,0x6c3,SHVU_R_DiagReq,SHVU_R_DiagReqData7,63,8,,SCF0
BOD6C40708_DIA6C40708,Msg,Body_CAN,0x6c4,OCS_P_DiagReq,OCS_P_DiagReqData0,7,8,,Diag_CAN,0x6c4,OCS_P_DiagReq,OCS_P_DiagReqData0,7,8,,SCF0
BOD6C40708_INF6C40708,Msg,Body_CAN,0x6c4,OCS_P_DiagReq,OCS_P_DiagReqData0,7,8,,Info_CAN,0x6c4,OCS_P_DiagReq,OCS_P_DiagReqData0,7,8,,SCF0
BOD6C41508_DIA6C41508,Msg,Body_CAN,0x6c4,OCS_P_DiagReq,OCS_P_DiagReqData1,15,8,,Diag_CAN,0x6c4,OCS_P_DiagReq,OCS_P_DiagReqData1,15,8,,SCF0
BOD6C41508_INF6C41508,Msg,Body_CAN,0x6c4,OCS_P_DiagReq,OCS_P_DiagReqData1,15,8,,Info_CAN,0x6c4,OCS_P_DiagReq,OCS_P_DiagReqData1,15,8,,SCF0
BOD6C42308_DIA6C42308,Msg,Body_CAN,0x6c4,OCS_P_DiagReq,OCS_P_DiagReqData2,23,8,,Diag_CAN,0x6c4,OCS_P_DiagReq,OCS_P_DiagReqData2,23,8,,SCF0
BOD6C42308_INF6C42308,Msg,Body_CAN,0x6c4,OCS_P_DiagReq,OCS_P_DiagReqData2,23,8,,Info_CAN,0x6c4,OCS_P_DiagReq,OCS_P_DiagReqData2,23,8,,SCF0
BOD6C43108_DIA6C43108,Msg,Body_CAN,0x6c4,OCS_P_DiagReq,OCS_P_DiagReqData3,31,8,,Diag_CAN,0x6c4,OCS_P_DiagReq,OCS_P_DiagReqData3,31,8,,SCF0
BOD6C43108_INF6C43108,Msg,Body_CAN,0x6c4,OCS_P_DiagReq,OCS_P_DiagReqData3,31,8,,Info_CAN,0x6c4,OCS_P_DiagReq,OCS_P_DiagReqData3,31,8,,SCF0
BOD6C43908_DIA6C43908,Msg,Body_CAN,0x6c4,OCS_P_DiagReq,OCS_P_DiagReqData4,39,8,,Diag_CAN,0x6c4,OCS_P_DiagReq,OCS_P_DiagReqData4,39,8,,SCF0
BOD6C43908_INF6C43908,Msg,Body_CAN,0x6c4,OCS_P_DiagReq,OCS_P_DiagReqData4,39,8,,Info_CAN,0x6c4,OCS_P_DiagReq,OCS_P_DiagReqData4,39,8,,SCF0
BOD6C44708_DIA6C44708,Msg,Body_CAN,0x6c4,OCS_P_DiagReq,OCS_P_DiagReqData5,47,8,,Diag_CAN,0x6c4,OCS_P_DiagReq,OCS_P_DiagReqData5,47,8,,SCF0
BOD6C44708_INF6C44708,Msg,Body_CAN,0x6c4,OCS_P_DiagReq,OCS_P_DiagReqData5,47,8,,Info_CAN,0x6c4,OCS_P_DiagReq,OCS_P_DiagReqData5,47,8,,SCF0
BOD6C45508_DIA6C45508,Msg,Body_CAN,0x6c4,OCS_P_DiagReq,OCS_P_DiagReqData6,55,8,,Diag_CAN,0x6c4,OCS_P_DiagReq,OCS_P_DiagReqData6,55,8,,SCF0
BOD6C45508_INF6C45508,Msg,Body_CAN,0x6c4,OCS_P_DiagReq,OCS_P_DiagReqData6,55,8,,Info_CAN,0x6c4,OCS_P_DiagReq,OCS_P_DiagReqData6,55,8,,SCF0
BOD6C46308_DIA6C46308,Msg,Body_CAN,0x6c4,OCS_P_DiagReq,OCS_P_DiagReqData7,63,8,,Diag_CAN,0x6c4,OCS_P_DiagReq,OCS_P_DiagReqData7,63,8,,SCF0
BOD6C46308_INF6C46308,Msg,Body_CAN,0x6c4,OCS_P_DiagReq,OCS_P_DiagReqData7,63,8,,Info_CAN,0x6c4,OCS_P_DiagReq,OCS_P_DiagReqData7,63,8,,SCF0
BOD6C90708_DIA6C90708,Msg,Body_CAN,0x6c9,LDM_L_DiagReq,LDM_L_DiagReqData0,7,8,,Diag_CAN,0x6c9,LDM_L_DiagReq,LDM_L_DiagReqData0,7,8,,SCF0
BOD6C90708_INF6C90708,Msg,Body_CAN,0x6c9,LDM_L_DiagReq,LDM_L_DiagReqData0,7,8,,Info_CAN,0x6c9,LDM_L_DiagReq,LDM_L_DiagReqData0,7,8,,SCF0
BOD6C91508_DIA6C91508,Msg,Body_CAN,0x6c9,LDM_L_DiagReq,LDM_L_DiagReqData1,15,8,,Diag_CAN,0x6c9,LDM_L_DiagReq,LDM_L_DiagReqData1,15,8,,SCF0
BOD6C91508_INF6C91508,Msg,Body_CAN,0x6c9,LDM_L_DiagReq,LDM_L_DiagReqData1,15,8,,Info_CAN,0x6c9,LDM_L_DiagReq,LDM_L_DiagReqData1,15,8,,SCF0
BOD6C92308_DIA6C92308,Msg,Body_CAN,0x6c9,LDM_L_DiagReq,LDM_L_DiagReqData2,23,8,,Diag_CAN,0x6c9,LDM_L_DiagReq,LDM_L_DiagReqData2,23,8,,SCF0
BOD6C92308_INF6C92308,Msg,Body_CAN,0x6c9,LDM_L_DiagReq,LDM_L_DiagReqData2,23,8,,Info_CAN,0x6c9,LDM_L_DiagReq,LDM_L_DiagReqData2,23,8,,SCF0
BOD6C93108_DIA6C93108,Msg,Body_CAN,0x6c9,LDM_L_DiagReq,LDM_L_DiagReqData3,31,8,,Diag_CAN,0x6c9,LDM_L_DiagReq,LDM_L_DiagReqData3,31,8,,SCF0
BOD6C93108_INF6C93108,Msg,Body_CAN,0x6c9,LDM_L_DiagReq,LDM_L_DiagReqData3,31,8,,Info_CAN,0x6c9,LDM_L_DiagReq,LDM_L_DiagReqData3,31,8,,SCF0
BOD6C93908_DIA6C93908,Msg,Body_CAN,0x6c9,LDM_L_DiagReq,LDM_L_DiagReqData4,39,8,,Diag_CAN,0x6c9,LDM_L_DiagReq,LDM_L_DiagReqData4,39,8,,SCF0
BOD6C93908_INF6C93908,Msg,Body_CAN,0x6c9,LDM_L_DiagReq,LDM_L_DiagReqData4,39,8,,Info_CAN,0x6c9,LDM_L_DiagReq,LDM_L_DiagReqData4,39,8,,SCF0
BOD6C94708_DIA6C94708,Msg,Body_CAN,0x6c9,LDM_L_DiagReq,LDM_L_DiagReqData5,47,8,,Diag_CAN,0x6c9,LDM_L_DiagReq,LDM_L_DiagReqData5,47,8,,SCF0
BOD6C94708_INF6C94708,Msg,Body_CAN,0x6c9,LDM_L_DiagReq,LDM_L_DiagReqData5,47,8,,Info_CAN,0x6c9,LDM_L_DiagReq,LDM_L_DiagReqData5,47,8,,SCF0
BOD6C95508_DIA6C95508,Msg,Body_CAN,0x6c9,LDM_L_DiagReq,LDM_L_DiagReqData6,55,8,,Diag_CAN,0x6c9,LDM_L_DiagReq,LDM_L_DiagReqData6,55,8,,SCF0
BOD6C95508_INF6C95508,Msg,Body_CAN,0x6c9,LDM_L_DiagReq,LDM_L_DiagReqData6,55,8,,Info_CAN,0x6c9,LDM_L_DiagReq,LDM_L_DiagReqData6,55,8,,SCF0
BOD6C96308_DIA6C96308,Msg,Body_CAN,0x6c9,LDM_L_DiagReq,LDM_L_DiagReqData7,63,8,,Diag_CAN,0x6c9,LDM_L_DiagReq,LDM_L_DiagReqData7,63,8,,SCF0
BOD6C96308_INF6C96308,Msg,Body_CAN,0x6c9,LDM_L_DiagReq,LDM_L_DiagReqData7,63,8,,Info_CAN,0x6c9,LDM_L_DiagReq,LDM_L_DiagReqData7,63,8,,SCF0
BOD6CA0708_DIA6CA0708,Msg,Body_CAN,0x6ca,LDM_R_DiagReq,LDM_R_DiagReqData0,7,8,,Diag_CAN,0x6ca,LDM_R_DiagReq,LDM_R_DiagReqData0,7,8,,SCF0
BOD6CA0708_INF6CA0708,Msg,Body_CAN,0x6ca,LDM_R_DiagReq,LDM_R_DiagReqData0,7,8,,Info_CAN,0x6ca,LDM_R_DiagReq,LDM_R_DiagReqData0,7,8,,SCF0
BOD6CA1508_DIA6CA1508,Msg,Body_CAN,0x6ca,LDM_R_DiagReq,LDM_R_DiagReqData1,15,8,,Diag_CAN,0x6ca,LDM_R_DiagReq,LDM_R_DiagReqData1,15,8,,SCF0
BOD6CA1508_INF6CA1508,Msg,Body_CAN,0x6ca,LDM_R_DiagReq,LDM_R_DiagReqData1,15,8,,Info_CAN,0x6ca,LDM_R_DiagReq,LDM_R_DiagReqData1,15,8,,SCF0
BOD6CA2308_DIA6CA2308,Msg,Body_CAN,0x6ca,LDM_R_DiagReq,LDM_R_DiagReqData2,23,8,,Diag_CAN,0x6ca,LDM_R_DiagReq,LDM_R_DiagReqData2,23,8,,SCF0
BOD6CA2308_INF6CA2308,Msg,Body_CAN,0x6ca,LDM_R_DiagReq,LDM_R_DiagReqData2,23,8,,Info_CAN,0x6ca,LDM_R_DiagReq,LDM_R_DiagReqData2,23,8,,SCF0
BOD6CA3108_DIA6CA3108,Msg,Body_CAN,0x6ca,LDM_R_DiagReq,LDM_R_DiagReqData3,31,8,,Diag_CAN,0x6ca,LDM_R_DiagReq,LDM_R_DiagReqData3,31,8,,SCF0
BOD6CA3108_INF6CA3108,Msg,Body_CAN,0x6ca,LDM_R_DiagReq,LDM_R_DiagReqData3,31,8,,Info_CAN,0x6ca,LDM_R_DiagReq,LDM_R_DiagReqData3,31,8,,SCF0
BOD6CA3908_DIA6CA3908,Msg,Body_CAN,0x6ca,LDM_R_DiagReq,LDM_R_DiagReqData4,39,8,,Diag_CAN,0x6ca,LDM_R_DiagReq,LDM_R_DiagReqData4,39,8,,SCF0
BOD6CA3908_INF6CA3908,Msg,Body_CAN,0x6ca,LDM_R_DiagReq,LDM_R_DiagReqData4,39,8,,Info_CAN,0x6ca,LDM_R_DiagReq,LDM_R_DiagReqData4,39,8,,SCF0
BOD6CA4708_DIA6CA4708,Msg,Body_CAN,0x6ca,LDM_R_DiagReq,LDM_R_DiagReqData5,47,8,,Diag_CAN,0x6ca,LDM_R_DiagReq,LDM_R_DiagReqData5,47,8,,SCF0
BOD6CA4708_INF6CA4708,Msg,Body_CAN,0x6ca,LDM_R_DiagReq,LDM_R_DiagReqData5,47,8,,Info_CAN,0x6ca,LDM_R_DiagReq,LDM_R_DiagReqData5,47,8,,SCF0
BOD6CA5508_DIA6CA5508,Msg,Body_CAN,0x6ca,LDM_R_DiagReq,LDM_R_DiagReqData6,55,8,,Diag_CAN,0x6ca,LDM_R_DiagReq,LDM_R_DiagReqData6,55,8,,SCF0
BOD6CA5508_INF6CA5508,Msg,Body_CAN,0x6ca,LDM_R_DiagReq,LDM_R_DiagReqData6,55,8,,Info_CAN,0x6ca,LDM_R_DiagReq,LDM_R_DiagReqData6,55,8,,SCF0
BOD6CA6308_DIA6CA6308,Msg,Body_CAN,0x6ca,LDM_R_DiagReq,LDM_R_DiagReqData7,63,8,,Diag_CAN,0x6ca,LDM_R_DiagReq,LDM_R_DiagReqData7,63,8,,SCF0
BOD6CA6308_INF6CA6308,Msg,Body_CAN,0x6ca,LDM_R_DiagReq,LDM_R_DiagReqData7,63,8,,Info_CAN,0x6ca,LDM_R_DiagReq,LDM_R_DiagReqData7,63,8,,SCF0
BOD6D80708_DIA6D80708,Msg,Body_CAN,0x6d8,BAS_DiagReq,BAS_DiagReqData0,7,8,,Diag_CAN,0x6d8,BAS_DiagReq,BAS_DiagReqData0,7,8,,SCF0
BOD6D81508_DIA6D81508,Msg,Body_CAN,0x6d8,BAS_DiagReq,BAS_DiagReqData1,15,8,,Diag_CAN,0x6d8,BAS_DiagReq,BAS_DiagReqData1,15,8,,SCF0
BOD6D82308_DIA6D82308,Msg,Body_CAN,0x6d8,BAS_DiagReq,BAS_DiagReqData2,23,8,,Diag_CAN,0x6d8,BAS_DiagReq,BAS_DiagReqData2,23,8,,SCF0
BOD6D83108_DIA6D83108,Msg,Body_CAN,0x6d8,BAS_DiagReq,BAS_DiagReqData3,31,8,,Diag_CAN,0x6d8,BAS_DiagReq,BAS_DiagReqData3,31,8,,SCF0
BOD6D83908_DIA6D83908,Msg,Body_CAN,0x6d8,BAS_DiagReq,BAS_DiagReqData4,39,8,,Diag_CAN,0x6d8,BAS_DiagReq,BAS_DiagReqData4,39,8,,SCF0
BOD6D84708_DIA6D84708,Msg,Body_CAN,0x6d8,BAS_DiagReq,BAS_DiagReqData5,47,8,,Diag_CAN,0x6d8,BAS_DiagReq,BAS_DiagReqData5,47,8,,SCF0
BOD6D85508_DIA6D85508,Msg,Body_CAN,0x6d8,BAS_DiagReq,BAS_DiagReqData6,55,8,,Diag_CAN,0x6d8,BAS_DiagReq,BAS_DiagReqData6,55,8,,SCF0
BOD6D86308_DIA6D86308,Msg,Body_CAN,0x6d8,BAS_DiagReq,BAS_DiagReqData7,63,8,,Diag_CAN,0x6d8,BAS_DiagReq,BAS_DiagReqData7,63,8,,SCF0
BOD6E40708_DIA6E40708,Msg,Body_CAN,0x6e4,DCM_APM_DiagReq,DCM_APM_DiagReqData0,7,8,,Diag_CAN,0x6e4,DCM_APM_DiagReq,DCM_APM_DiagReqData0,7,8,,SCF0
BOD6E40708_INF6E40708,Msg,Body_CAN,0x6e4,DCM_APM_DiagReq,DCM_APM_DiagReqData0,7,8,,Info_CAN,0x6e4,DCM_APM_DiagReq,DCM_APM_DiagReqData0,7,8,,SCF0
BOD6E41508_DIA6E41508,Msg,Body_CAN,0x6e4,DCM_APM_DiagReq,DCM_APM_DiagReqData1,15,8,,Diag_CAN,0x6e4,DCM_APM_DiagReq,DCM_APM_DiagReqData1,15,8,,SCF0
BOD6E41508_INF6E41508,Msg,Body_CAN,0x6e4,DCM_APM_DiagReq,DCM_APM_DiagReqData1,15,8,,Info_CAN,0x6e4,DCM_APM_DiagReq,DCM_APM_DiagReqData1,15,8,,SCF0
BOD6E42308_DIA6E42308,Msg,Body_CAN,0x6e4,DCM_APM_DiagReq,DCM_APM_DiagReqData2,23,8,,Diag_CAN,0x6e4,DCM_APM_DiagReq,DCM_APM_DiagReqData2,23,8,,SCF0
BOD6E42308_INF6E42308,Msg,Body_CAN,0x6e4,DCM_APM_DiagReq,DCM_APM_DiagReqData2,23,8,,Info_CAN,0x6e4,DCM_APM_DiagReq,DCM_APM_DiagReqData2,23,8,,SCF0
BOD6E43108_DIA6E43108,Msg,Body_CAN,0x6e4,DCM_APM_DiagReq,DCM_APM_DiagReqData3,31,8,,Diag_CAN,0x6e4,DCM_APM_DiagReq,DCM_APM_DiagReqData3,31,8,,SCF0
BOD6E43108_INF6E43108,Msg,Body_CAN,0x6e4,DCM_APM_DiagReq,DCM_APM_DiagReqData3,31,8,,Info_CAN,0x6e4,DCM_APM_DiagReq,DCM_APM_DiagReqData3,31,8,,SCF0
BOD6E43908_DIA6E43908,Msg,Body_CAN,0x6e4,DCM_APM_DiagReq,DCM_APM_DiagReqData4,39,8,,Diag_CAN,0x6e4,DCM_APM_DiagReq,DCM_APM_DiagReqData4,39,8,,SCF0
BOD6E43908_INF6E43908,Msg,Body_CAN,0x6e4,DCM_APM_DiagReq,DCM_APM_DiagReqData4,39,8,,Info_CAN,0x6e4,DCM_APM_DiagReq,DCM_APM_DiagReqData4,39,8,,SCF0
BOD6E44708_DIA6E44708,Msg,Body_CAN,0x6e4,DCM_APM_DiagReq,DCM_APM_DiagReqData5,47,8,,Diag_CAN,0x6e4,DCM_APM_DiagReq,DCM_APM_DiagReqData5,47,8,,SCF0
BOD6E44708_INF6E44708,Msg,Body_CAN,0x6e4,DCM_APM_DiagReq,DCM_APM_DiagReqData5,47,8,,Info_CAN,0x6e4,DCM_APM_DiagReq,DCM_APM_DiagReqData5,47,8,,SCF0
BOD6E45508_DIA6E45508,Msg,Body_CAN,0x6e4,DCM_APM_DiagReq,DCM_APM_DiagReqData6,55,8,,Diag_CAN,0x6e4,DCM_APM_DiagReq,DCM_APM_DiagReqData6,55,8,,SCF0
BOD6E45508_INF6E45508,Msg,Body_CAN,0x6e4,DCM_APM_DiagReq,DCM_APM_DiagReqData6,55,8,,Info_CAN,0x6e4,DCM_APM_DiagReq,DCM_APM_DiagReqData6,55,8,,SCF0
BOD6E46308_DIA6E46308,Msg,Body_CAN,0x6e4,DCM_APM_DiagReq,DCM_APM_DiagReqData7,63,8,,Diag_CAN,0x6e4,DCM_APM_DiagReq,DCM_APM_DiagReqData7,63,8,,SCF0
BOD6E46308_INF6E46308,Msg,Body_CAN,0x6e4,DCM_APM_DiagReq,DCM_APM_DiagReqData7,63,8,,Info_CAN,0x6e4,DCM_APM_DiagReq,DCM_APM_DiagReqData7,63,8,,SCF0
BOD6EF0708_DIA6EF0708,Msg,Body_CAN,0x6ef,DIAG_Req_All_CAN,DiagReqAllCANData0,7,8,,Diag_CAN,0x6ef,DIAG_Req_All_CAN,DiagReqAllCANData0,7,8,,SCF0
BOD6EF1508_DIA6EF1508,Msg,Body_CAN,0x6ef,DIAG_Req_All_CAN,DiagReqAllCANData1,15,8,,Diag_CAN,0x6ef,DIAG_Req_All_CAN,DiagReqAllCANData1,15,8,,SCF0
BOD6EF2308_DIA6EF2308,Msg,Body_CAN,0x6ef,DIAG_Req_All_CAN,DiagReqAllCANData2,23,8,,Diag_CAN,0x6ef,DIAG_Req_All_CAN,DiagReqAllCANData2,23,8,,SCF0
BOD6EF3108_DIA6EF3108,Msg,Body_CAN,0x6ef,DIAG_Req_All_CAN,DiagReqAllCANData3,31,8,,Diag_CAN,0x6ef,DIAG_Req_All_CAN,DiagReqAllCANData3,31,8,,SCF0
BOD6EF3908_DIA6EF3908,Msg,Body_CAN,0x6ef,DIAG_Req_All_CAN,DiagReqAllCANData4,39,8,,Diag_CAN,0x6ef,DIAG_Req_All_CAN,DiagReqAllCANData4,39,8,,SCF0
BOD6EF4708_DIA6EF4708,Msg,Body_CAN,0x6ef,DIAG_Req_All_CAN,DiagReqAllCANData5,47,8,,Diag_CAN,0x6ef,DIAG_Req_All_CAN,DiagReqAllCANData5,47,8,,SCF0
BOD6EF5508_DIA6EF5508,Msg,Body_CAN,0x6ef,DIAG_Req_All_CAN,DiagReqAllCANData6,55,8,,Diag_CAN,0x6ef,DIAG_Req_All_CAN,DiagReqAllCANData6,55,8,,SCF0
BOD6EF6308_DIA6EF6308,Msg,Body_CAN,0x6ef,DIAG_Req_All_CAN,DiagReqAllCANData7,63,8,,Diag_CAN,0x6ef,DIAG_Req_All_CAN,DiagReqAllCANData7,63,8,,SCF0
BOD6F10708_DIA6F10708,Msg,Body_CAN,0x6f1,ASU_DiagReq,ASU_DiagReqData0,7,8,,Diag_CAN,0x6f1,ASU_DiagReq,ASU_DiagReqData0,7,8,,SCF0
BOD6F10708_INF6F10708,Msg,Body_CAN,0x6f1,ASU_DiagReq,ASU_DiagReqData0,7,8,,Info_CAN,0x6f1,ASU_DiagReq,ASU_DiagReqData0,7,8,,SCF0
BOD6F11508_DIA6F11508,Msg,Body_CAN,0x6f1,ASU_DiagReq,ASU_DiagReqData1,15,8,,Diag_CAN,0x6f1,ASU_DiagReq,ASU_DiagReqData1,15,8,,SCF0
BOD6F11508_INF6F11508,Msg,Body_CAN,0x6f1,ASU_DiagReq,ASU_DiagReqData1,15,8,,Info_CAN,0x6f1,ASU_DiagReq,ASU_DiagReqData1,15,8,,SCF0
BOD6F12308_DIA6F12308,Msg,Body_CAN,0x6f1,ASU_DiagReq,ASU_DiagReqData2,23,8,,Diag_CAN,0x6f1,ASU_DiagReq,ASU_DiagReqData2,23,8,,SCF0
BOD6F12308_INF6F12308,Msg,Body_CAN,0x6f1,ASU_DiagReq,ASU_DiagReqData2,23,8,,Info_CAN,0x6f1,ASU_DiagReq,ASU_DiagReqData2,23,8,,SCF0
BOD6F13108_DIA6F13108,Msg,Body_CAN,0x6f1,ASU_DiagReq,ASU_DiagReqData3,31,8,,Diag_CAN,0x6f1,ASU_DiagReq,ASU_DiagReqData3,31,8,,SCF0
BOD6F13108_INF6F13108,Msg,Body_CAN,0x6f1,ASU_DiagReq,ASU_DiagReqData3,31,8,,Info_CAN,0x6f1,ASU_DiagReq,ASU_DiagReqData3,31,8,,SCF0
BOD6F13908_DIA6F13908,Msg,Body_CAN,0x6f1,ASU_DiagReq,ASU_DiagReqData4,39,8,,Diag_CAN,0x6f1,ASU_DiagReq,ASU_DiagReqData4,39,8,,SCF0
BOD6F13908_INF6F13908,Msg,Body_CAN,0x6f1,ASU_DiagReq,ASU_DiagReqData4,39,8,,Info_CAN,0x6f1,ASU_DiagReq,ASU_DiagReqData4,39,8,,SCF0
BOD6F14708_DIA6F14708,Msg,Body_CAN,0x6f1,ASU_DiagReq,ASU_DiagReqData5,47,8,,Diag_CAN,0x6f1,ASU_DiagReq,ASU_DiagReqData5,47,8,,SCF0
BOD6F14708_INF6F14708,Msg,Body_CAN,0x6f1,ASU_DiagReq,ASU_DiagReqData5,47,8,,Info_CAN,0x6f1,ASU_DiagReq,ASU_DiagReqData5,47,8,,SCF0
BOD6F15508_DIA6F15508,Msg,Body_CAN,0x6f1,ASU_DiagReq,ASU_DiagReqData6,55,8,,Diag_CAN,0x6f1,ASU_DiagReq,ASU_DiagReqData6,55,8,,SCF0
BOD6F15508_INF6F15508,Msg,Body_CAN,0x6f1,ASU_DiagReq,ASU_DiagReqData6,55,8,,Info_CAN,0x6f1,ASU_DiagReq,ASU_DiagReqData6,55,8,,SCF0
BOD6F16308_DIA6F16308,Msg,Body_CAN,0x6f1,ASU_DiagReq,ASU_DiagReqData7,63,8,,Diag_CAN,0x6f1,ASU_DiagReq,ASU_DiagReqData7,63,8,,SCF0
BOD6F16308_INF6F16308,Msg,Body_CAN,0x6f1,ASU_DiagReq,ASU_DiagReqData7,63,8,,Info_CAN,0x6f1,ASU_DiagReq,ASU_DiagReqData7,63,8,,SCF0
BOD6FB0708_DIA6FB0708,Msg,Body_CAN,0x6fb,BCM_BPM_DiagReq,BCM_BPM_DiagReqData0,7,8,,Diag_CAN,0x6fb,BCM_BPM_DiagReq,BCM_BPM_DiagReqData0,7,8,,SCF0
BOD6FB0708_INF6FB0708,Msg,Body_CAN,0x6fb,BCM_BPM_DiagReq,BCM_BPM_DiagReqData0,7,8,,Info_CAN,0x6fb,BCM_BPM_DiagReq,BCM_BPM_DiagReqData0,7,8,,SCF0
BOD6FB1508_DIA6FB1508,Msg,Body_CAN,0x6fb,BCM_BPM_DiagReq,BCM_BPM_DiagReqData1,15,8,,Diag_CAN,0x6fb,BCM_BPM_DiagReq,BCM_BPM_DiagReqData1,15,8,,SCF0
BOD6FB1508_INF6FB1508,Msg,Body_CAN,0x6fb,BCM_BPM_DiagReq,BCM_BPM_DiagReqData1,15,8,,Info_CAN,0x6fb,BCM_BPM_DiagReq,BCM_BPM_DiagReqData1,15,8,,SCF0
BOD6FB2308_DIA6FB2308,Msg,Body_CAN,0x6fb,BCM_BPM_DiagReq,BCM_BPM_DiagReqData2,23,8,,Diag_CAN,0x6fb,BCM_BPM_DiagReq,BCM_BPM_DiagReqData2,23,8,,SCF0
BOD6FB2308_INF6FB2308,Msg,Body_CAN,0x6fb,BCM_BPM_DiagReq,BCM_BPM_DiagReqData2,23,8,,Info_CAN,0x6fb,BCM_BPM_DiagReq,BCM_BPM_DiagReqData2,23,8,,SCF0
BOD6FB3108_DIA6FB3108,Msg,Body_CAN,0x6fb,BCM_BPM_DiagReq,BCM_BPM_DiagReqData3,31,8,,Diag_CAN,0x6fb,BCM_BPM_DiagReq,BCM_BPM_DiagReqData3,31,8,,SCF0
BOD6FB3108_INF6FB3108,Msg,Body_CAN,0x6fb,BCM_BPM_DiagReq,BCM_BPM_DiagReqData3,31,8,,Info_CAN,0x6fb,BCM_BPM_DiagReq,BCM_BPM_DiagReqData3,31,8,,SCF0
BOD6FB3908_DIA6FB3908,Msg,Body_CAN,0x6fb,BCM_BPM_DiagReq,BCM_BPM_DiagReqData4,39,8,,Diag_CAN,0x6fb,BCM_BPM_DiagReq,BCM_BPM_DiagReqData4,39,8,,SCF0
BOD6FB3908_INF6FB3908,Msg,Body_CAN,0x6fb,BCM_BPM_DiagReq,BCM_BPM_DiagReqData4,39,8,,Info_CAN,0x6fb,BCM_BPM_DiagReq,BCM_BPM_DiagReqData4,39,8,,SCF0
BOD6FB4708_DIA6FB4708,Msg,Body_CAN,0x6fb,BCM_BPM_DiagReq,BCM_BPM_DiagReqData5,47,8,,Diag_CAN,0x6fb,BCM_BPM_DiagReq,BCM_BPM_DiagReqData5,47,8,,SCF0
BOD6FB4708_INF6FB4708,Msg,Body_CAN,0x6fb,BCM_BPM_DiagReq,BCM_BPM_DiagReqData5,47,8,,Info_CAN,0x6fb,BCM_BPM_DiagReq,BCM_BPM_DiagReqData5,47,8,,SCF0
BOD6FB5508_DIA6FB5508,Msg,Body_CAN,0x6fb,BCM_BPM_DiagReq,BCM_BPM_DiagReqData6,55,8,,Diag_CAN,0x6fb,BCM_BPM_DiagReq,BCM_BPM_DiagReqData6,55,8,,SCF0
BOD6FB5508_INF6FB5508,Msg,Body_CAN,0x6fb,BCM_BPM_DiagReq,BCM_BPM_DiagReqData6,55,8,,Info_CAN,0x6fb,BCM_BPM_DiagReq,BCM_BPM_DiagReqData6,55,8,,SCF0
BOD6FB6308_DIA6FB6308,Msg,Body_CAN,0x6fb,BCM_BPM_DiagReq,BCM_BPM_DiagReqData7,63,8,,Diag_CAN,0x6fb,BCM_BPM_DiagReq,BCM_BPM_DiagReqData7,63,8,,SCF0
BOD6FB6308_INF6FB6308,Msg,Body_CAN,0x6fb,BCM_BPM_DiagReq,BCM_BPM_DiagReqData7,63,8,,Info_CAN,0x6fb,BCM_BPM_DiagReq,BCM_BPM_DiagReqData7,63,8,,SCF0
BOD6FF0708_DIA6FF0708,Msg,Body_CAN,0x6ff,DIAG_Req_All_Ecu,OBD_Func_DiagReqData0,7,8,,Diag_CAN,0x6ff,DIAG_Req_All_Ecu,DiagReqAllEcuData0,7,8,,SCF0
BOD6FF0708_INF6EE0708,Msg,Body_CAN,0x6ff,DIAG_Req_All_Ecu,OBD_Func_DiagReqData0,7,8,,Info_CAN,0x6ee,MHU_FOTA_ReqAll,MHU_FOTA_ReqAll_00,7,8,,SCF0
BOD6FF1508_DIA6FF1508,Msg,Body_CAN,0x6ff,DIAG_Req_All_Ecu,OBD_Func_DiagReqData1,15,8,,Diag_CAN,0x6ff,DIAG_Req_All_Ecu,DiagReqAllEcuData1,15,8,,SCF0
BOD6FF1508_INF6EE1508,Msg,Body_CAN,0x6ff,DIAG_Req_All_Ecu,OBD_Func_DiagReqData1,15,8,,Info_CAN,0x6ee,MHU_FOTA_ReqAll,MHU_FOTA_ReqAll_01,15,8,,SCF0
BOD6FF2308_DIA6FF2308,Msg,Body_CAN,0x6ff,DIAG_Req_All_Ecu,OBD_Func_DiagReqData2,23,8,,Diag_CAN,0x6ff,DIAG_Req_All_Ecu,DiagReqAllEcuData2,23,8,,SCF0
BOD6FF2308_INF6EE2308,Msg,Body_CAN,0x6ff,DIAG_Req_All_Ecu,OBD_Func_DiagReqData2,23,8,,Info_CAN,0x6ee,MHU_FOTA_ReqAll,MHU_FOTA_ReqAll_02,23,8,,SCF0
BOD6FF3108_DIA6FF3108,Msg,Body_CAN,0x6ff,DIAG_Req_All_Ecu,OBD_Func_DiagReqData3,31,8,,Diag_CAN,0x6ff,DIAG_Req_All_Ecu,DiagReqAllEcuData3,31,8,,SCF0
BOD6FF3108_INF6EE3108,Msg,Body_CAN,0x6ff,DIAG_Req_All_Ecu,OBD_Func_DiagReqData3,31,8,,Info_CAN,0x6ee,MHU_FOTA_ReqAll,MHU_FOTA_ReqAll_03,31,8,,SCF0
BOD6FF3908_DIA6FF3908,Msg,Body_CAN,0x6ff,DIAG_Req_All_Ecu,OBD_Func_DiagReqData4,39,8,,Diag_CAN,0x6ff,DIAG_Req_All_Ecu,DiagReqAllEcuData4,39,8,,SCF0
BOD6FF3908_INF6EE3908,Msg,Body_CAN,0x6ff,DIAG_Req_All_Ecu,OBD_Func_DiagReqData4,39,8,,Info_CAN,0x6ee,MHU_FOTA_ReqAll,MHU_FOTA_ReqAll_04,39,8,,SCF0
BOD6FF4708_DIA6FF4708,Msg,Body_CAN,0x6ff,DIAG_Req_All_Ecu,OBD_Func_DiagReqData5,47,8,,Diag_CAN,0x6ff,DIAG_Req_All_Ecu,DiagReqAllEcuData5,47,8,,SCF0
BOD6FF4708_INF6EE4708,Msg,Body_CAN,0x6ff,DIAG_Req_All_Ecu,OBD_Func_DiagReqData5,47,8,,Info_CAN,0x6ee,MHU_FOTA_ReqAll,MHU_FOTA_ReqAll_05,47,8,,SCF0
BOD6FF5508_DIA6FF5508,Msg,Body_CAN,0x6ff,DIAG_Req_All_Ecu,OBD_Func_DiagReqData6,55,8,,Diag_CAN,0x6ff,DIAG_Req_All_Ecu,DiagReqAllEcuData6,55,8,,SCF0
BOD6FF5508_INF6EE5508,Msg,Body_CAN,0x6ff,DIAG_Req_All_Ecu,OBD_Func_DiagReqData6,55,8,,Info_CAN,0x6ee,MHU_FOTA_ReqAll,MHU_FOTA_ReqAll_06,55,8,,SCF0
BOD6FF6308_DIA6FF6308,Msg,Body_CAN,0x6ff,DIAG_Req_All_Ecu,OBD_Func_DiagReqData7,63,8,,Diag_CAN,0x6ff,DIAG_Req_All_Ecu,DiagReqAllEcuData7,63,8,,SCF0
BOD6FF6308_INF6EE6308,Msg,Body_CAN,0x6ff,DIAG_Req_All_Ecu,OBD_Func_DiagReqData7,63,8,,Info_CAN,0x6ee,MHU_FOTA_ReqAll,MHU_FOTA_ReqAll_07,63,8,,SCF0
BOD70D0764_PWT70D0764,Msg,Body_CAN,0x70d,SEED_CAN_Req7_VCU_PT,SEED_CAN_Req7,7,64,,PT_CAN,0x70d,SEED_CAN_Req7_VCU_PT,SEED_CAN_Req7,7,64,,SCF0
BOD7330764_INF7330764,Msg,Body_CAN,0x733,SEED_CAN_Req18_MHU,SEED_CAN_Req18,7,64,,Info_CAN,0x733,SEED_CAN_Req18_MHU,SEED_CAN_Req18,7,64,,SCF0
BOD7DF0708_DIA6FF0708,Msg,Body_CAN,0x7df,Diag_Request_ECU,Diag_Request_ECU_Data0,7,8,,Diag_CAN,0x6ff,DIAG_Req_All_Ecu,DiagReqAllEcuData0,7,8,,SCF0
BOD7DF0708_INF6EE0708,Msg,Body_CAN,0x7df,Diag_Request_ECU,Diag_Request_ECU_Data0,7,8,,Info_CAN,0x6ee,MHU_FOTA_ReqAll,MHU_FOTA_ReqAll_00,7,8,,SCF0
BOD7DF1508_DIA6FF1508,Msg,Body_CAN,0x7df,Diag_Request_ECU,Diag_Request_ECU_Data1,15,8,,Diag_CAN,0x6ff,DIAG_Req_All_Ecu,DiagReqAllEcuData1,15,8,,SCF0
BOD7DF1508_INF6EE1508,Msg,Body_CAN,0x7df,Diag_Request_ECU,Diag_Request_ECU_Data1,15,8,,Info_CAN,0x6ee,MHU_FOTA_ReqAll,MHU_FOTA_ReqAll_01,15,8,,SCF0
BOD7DF2308_DIA6FF2308,Msg,Body_CAN,0x7df,Diag_Request_ECU,Diag_Request_ECU_Data2,23,8,,Diag_CAN,0x6ff,DIAG_Req_All_Ecu,DiagReqAllEcuData2,23,8,,SCF0
BOD7DF2308_INF6EE2308,Msg,Body_CAN,0x7df,Diag_Request_ECU,Diag_Request_ECU_Data2,23,8,,Info_CAN,0x6ee,MHU_FOTA_ReqAll,MHU_FOTA_ReqAll_02,23,8,,SCF0
BOD7DF3108_DIA6FF3108,Msg,Body_CAN,0x7df,Diag_Request_ECU,Diag_Request_ECU_Data3,31,8,,Diag_CAN,0x6ff,DIAG_Req_All_Ecu,DiagReqAllEcuData3,31,8,,SCF0
BOD7DF3108_INF6EE3108,Msg,Body_CAN,0x7df,Diag_Request_ECU,Diag_Request_ECU_Data3,31,8,,Info_CAN,0x6ee,MHU_FOTA_ReqAll,MHU_FOTA_ReqAll_03,31,8,,SCF0
BOD7DF3908_DIA6FF3908,Msg,Body_CAN,0x7df,Diag_Request_ECU,Diag_Request_ECU_Data4,39,8,,Diag_CAN,0x6ff,DIAG_Req_All_Ecu,DiagReqAllEcuData4,39,8,,SCF0
BOD7DF3908_INF6EE3908,Msg,Body_CAN,0x7df,Diag_Request_ECU,Diag_Request_ECU_Data4,39,8,,Info_CAN,0x6ee,MHU_FOTA_ReqAll,MHU_FOTA_ReqAll_04,39,8,,SCF0
BOD7DF4708_DIA6FF4708,Msg,Body_CAN,0x7df,Diag_Request_ECU,Diag_Request_ECU_Data5,47,8,,Diag_CAN,0x6ff,DIAG_Req_All_Ecu,DiagReqAllEcuData5,47,8,,SCF0
BOD7DF4708_INF6EE4708,Msg,Body_CAN,0x7df,Diag_Request_ECU,Diag_Request_ECU_Data5,47,8,,Info_CAN,0x6ee,MHU_FOTA_ReqAll,MHU_FOTA_ReqAll_05,47,8,,SCF0
BOD7DF5508_DIA6FF5508,Msg,Body_CAN,0x7df,Diag_Request_ECU,Diag_Request_ECU_Data6,55,8,,Diag_CAN,0x6ff,DIAG_Req_All_Ecu,DiagReqAllEcuData6,55,8,,SCF0
BOD7DF5508_INF6EE5508,Msg,Body_CAN,0x7df,Diag_Request_ECU,Diag_Request_ECU_Data6,55,8,,Info_CAN,0x6ee,MHU_FOTA_ReqAll,MHU_FOTA_ReqAll_06,55,8,,SCF0
BOD7DF6308_DIA6FF6308,Msg,Body_CAN,0x7df,Diag_Request_ECU,Diag_Request_ECU_Data7,63,8,,Diag_CAN,0x6ff,DIAG_Req_All_Ecu,DiagReqAllEcuData7,63,8,,SCF0
BOD7DF6308_INF6EE6308,Msg,Body_CAN,0x7df,Diag_Request_ECU,Diag_Request_ECU_Data7,63,8,,Info_CAN,0x6ee,MHU_FOTA_ReqAll,MHU_FOTA_ReqAll_07,63,8,,SCF0
BOD7F10764_DIA7F10764,Msg,Body_CAN,0x7f1,DIAG_Req_Airbag_Deploy,Request_Airbag_Deployment,7,64,,Diag_CAN,0x7f1,DIAG_Req_Airbag_Deploy,Request_Airbag_Deployment,7,64,,SCF0
