RoutingID,RoutingType,DesNetwork,DesMsgID,DesMsgName,DesSigName,DesSigStartbit,DesSigLength,DesMuxedValue,SrcNetwork,SrcMsgID,SrcMsgName,SrcSigName,SrcSigStartbit,SrcSigLength,SrcMuxedValue,SigConversionID
INF0850708_BOD0850708,Msg,Info_CAN,0x85,ACM_CRASH_INFO,CHKSM_CRASH_Sts,7,8,,Body_CAN,0x85,ACM_CRASH_INFO,CHKSM_CRASH_Sts,7,8,,SCF0
INF0851104_BOD0851104,Msg,Info_CAN,0x85,ACM_CRASH_INFO,ALV_CRASH_Sts,11,4,,Body_CAN,0x85,ACM_CRASH_INFO,ALV_CRASH_Sts,11,4,,SCF0
INF0851802_BOD0851802,Msg,Info_CAN,0x85,ACM_CRASH_INFO,ACM_Crash_Sts,18,2,,Body_CAN,0x85,ACM_CRASH_INFO,ACM_Crash_Sts,18,2,,SCF0
INF0852002_BOD0852002,Msg,Info_CAN,0x85,ACM_CRASH_INFO,ACM_Airbag_Deployment_Status,20,2,,Body_CAN,0x85,ACM_CRASH_INFO,ACM_Airbag_Deployment_Status,20,2,,SCF0
INF0852303_BOD0852303,Msg,Info_CAN,0x85,ACM_CRASH_INFO,ACM_Crash_Intensity,23,3,,Body_CAN,0x85,ACM_CRASH_INFO,ACM_Crash_Intensity,23,3,,SCF0
INF0852502_BOD0852502,Msg,Info_CAN,0x85,ACM_CRASH_INFO,ACM_Front_Crash,25,2,,Body_CAN,0x85,ACM_CRASH_INFO,ACM_Front_Crash,25,2,,SCF0
INF0852702_BOD0852702,Msg,Info_CAN,0x85,ACM_CRASH_INFO,ACM_DriverSide_Crash,27,2,,Body_CAN,0x85,ACM_CRASH_INFO,ACM_DriverSide_Crash,27,2,,SCF0
INF0852902_BOD0852902,Msg,Info_CAN,0x85,ACM_CRASH_INFO,ACM_PassSide_Crash,29,2,,Body_CAN,0x85,ACM_CRASH_INFO,ACM_PassSide_Crash,29,2,,SCF0
INF0853102_BOD0853102,Msg,Info_CAN,0x85,ACM_CRASH_INFO,ACM_Rear_Crash,31,2,,Body_CAN,0x85,ACM_CRASH_INFO,ACM_Rear_Crash,31,2,,SCF0
INF0853302_BOD0853302,Msg,Info_CAN,0x85,ACM_CRASH_INFO,ACM_Rollover_Crash,33,2,,Body_CAN,0x85,ACM_CRASH_INFO,ACM_Rollover_Crash,33,2,,SCF0
INF0930708_PWT0930708,Msg,Info_CAN,0x93,IDB_MILEAGE,CHKSM_MILEAGE,7,8,,PT_CAN,0x93,IDB_MILEAGE,CHKSM_MILEAGE,7,8,,SCF0
INF0931104_PWT0931104,Msg,Info_CAN,0x93,IDB_MILEAGE,ALIVE_MILEAGE,11,4,,PT_CAN,0x93,IDB_MILEAGE,ALIVE_MILEAGE,11,4,,SCF0
INF0932316_PWT0932316,Msg,Info_CAN,0x93,IDB_MILEAGE,Mileage,23,16,,PT_CAN,0x93,IDB_MILEAGE,Mileage,23,16,,SCF0
INF0950708_PWT0950708,Msg,Info_CAN,0x95,IDB_FUNCTION,CHKSM_IDB_FUNCTION,7,8,,PT_CAN,0x95,IDB_FUNCTION,CHKSM_IDB_FUNCTION,7,8,,SCF0
INF0951104_PWT0951104,Msg,Info_CAN,0x95,IDB_FUNCTION,ALV_IDB_FUNCTION,11,4,,PT_CAN,0x95,IDB_FUNCTION,ALV_IDB_FUNCTION,11,4,,SCF0
INF0951302_PWT0951302,Msg,Info_CAN,0x95,IDB_FUNCTION,STAT_ABS,13,2,,PT_CAN,0x95,IDB_FUNCTION,STAT_ABS,13,2,,SCF0
INF0951702_PWT0951702,Msg,Info_CAN,0x95,IDB_FUNCTION,AYC_Active,17,2,,PT_CAN,0x95,IDB_FUNCTION,AYC_Active,17,2,,SCF0
INF0951902_PWT0951902,Msg,Info_CAN,0x95,IDB_FUNCTION,ASR_Active,19,2,,PT_CAN,0x95,IDB_FUNCTION,ASR_Active,19,2,,SCF0
INF0952102_PWT0952102,Msg,Info_CAN,0x95,IDB_FUNCTION,STAT_DSC,21,2,,PT_CAN,0x95,IDB_FUNCTION,STAT_DSC,21,2,,SCF0
INF0952302_PWT0952302,Msg,Info_CAN,0x95,IDB_FUNCTION,DSC_Active,23,2,,PT_CAN,0x95,IDB_FUNCTION,DSC_Active,23,2,,SCF0
INF0952502_PWT0952502,Msg,Info_CAN,0x95,IDB_FUNCTION,HBA_ActiveSignal,25,2,,PT_CAN,0x95,IDB_FUNCTION,HBA_ActiveSignal,25,2,,SCF0
INF0952702_PWT0952702,Msg,Info_CAN,0x95,IDB_FUNCTION,ARM_ActiveSignal,27,2,,PT_CAN,0x95,IDB_FUNCTION,ARM_ActiveSignal,27,2,,SCF0
INF0952902_PWT0952902,Msg,Info_CAN,0x95,IDB_FUNCTION,STAT_AutoHazardBlinking,29,2,,PT_CAN,0x95,IDB_FUNCTION,STAT_AutoHazardBlinking,29,2,,SCF0
INF0953102_PWT0953102,Msg,Info_CAN,0x95,IDB_FUNCTION,MSR_Active,31,2,,PT_CAN,0x95,IDB_FUNCTION,MSR_Active,31,2,,SCF0
INF0953302_PWT0953302,Msg,Info_CAN,0x95,IDB_FUNCTION,HSA_ActiveSignal,33,2,,PT_CAN,0x95,IDB_FUNCTION,HSA_ActiveSignal,33,2,,SCF0
INF0953502_PWT0953502,Msg,Info_CAN,0x95,IDB_FUNCTION,EPBi_ECD_ActiveSignal,35,2,,PT_CAN,0x95,IDB_FUNCTION,EPBi_ECD_ActiveSignal,35,2,,SCF0
INF0953702_PWT0953702,Msg,Info_CAN,0x95,IDB_FUNCTION,TSM_Active,37,2,,PT_CAN,0x95,IDB_FUNCTION,TSM_Active,37,2,,SCF0
INF0954102_PWT0954102,Msg,Info_CAN,0x95,IDB_FUNCTION,HAS_Available,41,2,,PT_CAN,0x95,IDB_FUNCTION,HAS_Available,41,2,,SCF0
INF0954302_PWT0954302,Msg,Info_CAN,0x95,IDB_FUNCTION,STAT_EBD,43,2,,PT_CAN,0x95,IDB_FUNCTION,STAT_EBD,43,2,,SCF0
INF0954502_PWT0954502,Msg,Info_CAN,0x95,IDB_FUNCTION,EBD_Active,45,2,,PT_CAN,0x95,IDB_FUNCTION,EBD_Active,45,2,,SCF0
INF0955504_PWT0955504,Msg,Info_CAN,0x95,IDB_FUNCTION,ST_BRG_MSA,55,4,,PT_CAN,0x95,IDB_FUNCTION,ST_BRG_MSA,55,4,,SCF0
INF0D90708_PWT0D90708,Sig,Info_CAN,0xd9,VCU_HV_DrvSys_status,CRC_VCU_HV_DrvSys_status,7,8,,PT_CAN,0xd9,VCU_HV_DrvSys_status,CRC_VCU_HV_DrvSys_status,7,8,,SCF0
INF0D91104_PWT0D91104,Sig,Info_CAN,0xd9,VCU_HV_DrvSys_status,ALIV_VCU_HV_DrvSys_status,11,4,,PT_CAN,0xd9,VCU_HV_DrvSys_status,ALIV_VCU_HV_DrvSys_status,11,4,,SCF0
INF0D91403_PWT0D91403,Sig,Info_CAN,0xd9,VCU_HV_DrvSys_status,VCU_HVsystem_status,14,3,,PT_CAN,0xd9,VCU_HV_DrvSys_status,VCU_HVsystem_status,14,3,,SCF0
INF0D92312_PWT0D92312,Sig,Info_CAN,0xd9,VCU_HV_DrvSys_status,VCU_ACPD_Percent,23,12,,PT_CAN,0xd9,VCU_HV_DrvSys_status,VCU_ACPD_Percent,23,12,,SCF0
INF0D92701_PWT0D92701,Sig,Info_CAN,0xd9,VCU_HV_DrvSys_status,VCU_ACPD_Percent_Valid,27,1,,PT_CAN,0xd9,VCU_HV_DrvSys_status,VCU_ACPD_Percent_Valid,27,1,,SCF0
INF0D93403_PWT0D93403,Sig,Info_CAN,0xd9,VCU_HV_DrvSys_status,VCU_ACTGear,34,3,,PT_CAN,0xd9,VCU_HV_DrvSys_status,VCU_ACTGear,34,3,,SCF0
INF0D93501_PWT0D93501,Sig,Info_CAN,0xd9,VCU_HV_DrvSys_status,VCU_ACTGearValid,35,1,,PT_CAN,0xd9,VCU_HV_DrvSys_status,VCU_ACTGearValid,35,1,,SCF0
INF0D93803_PWT0D93803,Sig,Info_CAN,0xd9,VCU_HV_DrvSys_status,VCU_ACT_DriveMode,38,3,,PT_CAN,0xd9,VCU_HV_DrvSys_status,VCU_ACT_DriveMode,38,3,,SCF0
INF0D93901_PWT0D93901,Sig,Info_CAN,0xd9,VCU_HV_DrvSys_status,VCU_ACT_DriveMode_Valid,39,1,,PT_CAN,0xd9,VCU_HV_DrvSys_status,VCU_ACT_DriveMode_Valid,39,1,,SCF0
INF0D94303_PWT0D94303,Sig,Info_CAN,0xd9,VCU_HV_DrvSys_status,VCU_HV_DRVsystem_status,43,3,,PT_CAN,0xd9,VCU_HV_DrvSys_status,VCU_HV_DRVsystem_status,43,3,,SCF0
INF0D94502_PWT0D94502,Sig,Info_CAN,0xd9,VCU_HV_DrvSys_status,VCU_Recu_BrakeLight_ON_Req,45,2,,PT_CAN,0xd9,VCU_HV_DrvSys_status,VCU_Recu_BrakeLight_ON_Req,45,2,,SCF0
INF0F10708_CHA0F10708,Msg,Info_CAN,0xf1,IDB_RecuBrakeTorqueRequest,CRC_RecuBrakeTorqueRequest,7,8,,Chassis_CAN,0xf1,IDB_RecuBrakeTorqueRequest,CRC_RecuBrakeTorqueRequest,7,8,,SCF0
INF0F11104_CHA0F11104,Msg,Info_CAN,0xf1,IDB_RecuBrakeTorqueRequest,ALIV_RecuBrakeTorqueRequest,11,4,,Chassis_CAN,0xf1,IDB_RecuBrakeTorqueRequest,ALIV_RecuBrakeTorqueRequest,11,4,,SCF0
INF0F12314_CHA0F12314,Msg,Info_CAN,0xf1,IDB_RecuBrakeTorqueRequest,IDB_RecuBrakeTorqueRequest_FR,23,14,,Chassis_CAN,0xf1,IDB_RecuBrakeTorqueRequest,IDB_RecuBrakeTorqueRequest_FR,23,14,,SCF0
INF0F13914_CHA0F13914,Msg,Info_CAN,0xf1,IDB_RecuBrakeTorqueRequest,IDB_RecuBrakeTorqueRequest_RR,39,14,,Chassis_CAN,0xf1,IDB_RecuBrakeTorqueRequest,IDB_RecuBrakeTorqueRequest_RR,39,14,,SCF0
INF0F14001_CHA0F14001,Msg,Info_CAN,0xf1,IDB_RecuBrakeTorqueRequest,IDB_RecuBrakeControl_Sts,40,1,,Chassis_CAN,0xf1,IDB_RecuBrakeTorqueRequest,IDB_RecuBrakeControl_Sts,40,1,,SCF0
INF0F14101_CHA0F14101,Msg,Info_CAN,0xf1,IDB_RecuBrakeTorqueRequest,IDB_RecuBrkTorqueReq_Sts,41,1,,Chassis_CAN,0xf1,IDB_RecuBrakeTorqueRequest,IDB_RecuBrkTorqueReq_Sts,41,1,,SCF0
INF0F15512_CHA0F15512,Msg,Info_CAN,0xf1,IDB_RecuBrakeTorqueRequest,IDB_Brake_Pedal_position,55,12,,Chassis_CAN,0xf1,IDB_RecuBrakeTorqueRequest,IDB_Brake_Pedal_position,55,12,,SCF0
INF0F15901_CHA0F15901,Msg,Info_CAN,0xf1,IDB_RecuBrakeTorqueRequest,IDB_Brake_Pedal_position_sts,59,1,,Chassis_CAN,0xf1,IDB_RecuBrakeTorqueRequest,IDB_Brake_Pedal_position_sts,59,1,,SCF0
INF1020708_BOD1020708,Msg,Info_CAN,0x102,BCM_LOGICAL_CLAMP,CHKSM_BCM_LOGICAL_CLAMP,7,8,,Body_CAN,0x102,BCM_LOGICAL_CLAMP,CHKSM_BCM_LOGICAL_CLAMP,7,8,,SCF0
INF1021104_BOD1021104,Msg,Info_CAN,0x102,BCM_LOGICAL_CLAMP,ALIVE_BCM_LOGICAL_CLAMP,11,4,,Body_CAN,0x102,BCM_LOGICAL_CLAMP,ALIVE_BCM_LOGICAL_CLAMP,11,4,,SCF0
INF1021302_BOD1021302,Msg,Info_CAN,0x102,BCM_LOGICAL_CLAMP,STAT_CL30s_Light_L,13,2,,Body_CAN,0x102,BCM_LOGICAL_CLAMP,STAT_CL30s_Light_L,13,2,,SCF0
INF1021502_BOD1021502,Msg,Info_CAN,0x102,BCM_LOGICAL_CLAMP,STAT_CL30s_L,15,2,,Body_CAN,0x102,BCM_LOGICAL_CLAMP,STAT_CL30s_L,15,2,,SCF0
INF1021702_BOD1021702,Msg,Info_CAN,0x102,BCM_LOGICAL_CLAMP,STAT_CL15Wup_L,17,2,,Body_CAN,0x102,BCM_LOGICAL_CLAMP,STAT_CL15Wup_L,17,2,,SCF0
INF1021902_BOD1021902,Msg,Info_CAN,0x102,BCM_LOGICAL_CLAMP,STAT_CrankRelayHW_BCM,19,2,,Body_CAN,0x102,BCM_LOGICAL_CLAMP,STAT_CrankRelayHW_BCM,19,2,,SCF0
INF1031502_BOD1031502,Msg,Info_CAN,0x103,BCM_ENERGY_MANAGEMENT,REQ_ConsumerControlWirelessCharg,15,2,,Body_CAN,0x103,BCM_ENERGY_MANAGEMENT,REQ_ConsumerControlWirelessCharg,15,2,,SCF0
INF1031803_BOD1031803,Msg,Info_CAN,0x103,BCM_ENERGY_MANAGEMENT,REQ_ConsumerControlAudioVolumeCo,18,3,,Body_CAN,0x103,BCM_ENERGY_MANAGEMENT,REQ_ConsumerControlAudioVolumeCo,18,3,,SCF0
INF1032302_BOD1032302,Msg,Info_CAN,0x103,BCM_ENERGY_MANAGEMENT,REQ_ConsumerControlRearDefrost,23,2,,Body_CAN,0x103,BCM_ENERGY_MANAGEMENT,REQ_ConsumerControlRearDefrost,23,2,,SCF0
INF1033108_BOD1033108,Msg,Info_CAN,0x103,BCM_ENERGY_MANAGEMENT,REQ_ConsumerControlSeatHeatingRe,31,8,,Body_CAN,0x103,BCM_ENERGY_MANAGEMENT,REQ_ConsumerControlSeatHeatingRe,31,8,,SCF0
INF1033908_BOD1033908,Msg,Info_CAN,0x103,BCM_ENERGY_MANAGEMENT,REQ_ConsumerControlSeatVentilati,39,8,,Body_CAN,0x103,BCM_ENERGY_MANAGEMENT,REQ_ConsumerControlSeatVentilati,39,8,,SCF0
INF1034708_BOD1034708,Msg,Info_CAN,0x103,BCM_ENERGY_MANAGEMENT,REQ_ConsumerControlSeatHeatingFr,47,8,,Body_CAN,0x103,BCM_ENERGY_MANAGEMENT,REQ_ConsumerControlSeatHeatingFr,47,8,,SCF0
INF1035508_BOD1035508,Msg,Info_CAN,0x103,BCM_ENERGY_MANAGEMENT,DriverIdealTimerCount,55,8,,Body_CAN,0x103,BCM_ENERGY_MANAGEMENT,DriverIdealTimerCount,55,8,,SCF0
INF1036308_BOD1036308,Msg,Info_CAN,0x103,BCM_ENERGY_MANAGEMENT,REQ_ConsumerControlVentilationCl,63,8,,Body_CAN,0x103,BCM_ENERGY_MANAGEMENT,REQ_ConsumerControlVentilationCl,63,8,,SCF0
INF1040708_BOD1040708,Msg,Info_CAN,0x104,BAS_Measured_Data,CHKSM_LV_BATT_CHARG,7,8,,Body_CAN,0x104,BAS_Measured_Data,CHKSM_LV_BATT_CHARG,7,8,,SCF0
INF1041104_BOD1041104,Msg,Info_CAN,0x104,BAS_Measured_Data,ALIV_LV_BATT_CHARG,11,4,,Body_CAN,0x104,BAS_Measured_Data,ALIV_LV_BATT_CHARG,11,4,,SCF0
INF1042308_BOD1042308,Msg,Info_CAN,0x104,BAS_Measured_Data,SOH_SUL,23,8,,Body_CAN,0x104,BAS_Measured_Data,SOH_SUL,23,8,,SCF0
INF1042902_BOD1042902,Msg,Info_CAN,0x104,BAS_Measured_Data,SOH_SUL_STATE,29,2,,Body_CAN,0x104,BAS_Measured_Data,SOH_SUL_STATE,29,2,,SCF0
INF1043102_BOD1043102,Msg,Info_CAN,0x104,BAS_Measured_Data,SOC_STATE,31,2,,Body_CAN,0x104,BAS_Measured_Data,SOC_STATE,31,2,,SCF0
INF1043501_BOD1043501,Msg,Info_CAN,0x104,BAS_Measured_Data,Resp_Error,35,1,,Body_CAN,0x104,BAS_Measured_Data,Resp_Error,35,1,,SCF0
INF1043601_BOD1043601,Msg,Info_CAN,0x104,BAS_Measured_Data,FLAG_INCONSTENCY,36,1,,Body_CAN,0x104,BAS_Measured_Data,FLAG_INCONSTENCY,36,1,,SCF0
INF1043701_BOD1043701,Msg,Info_CAN,0x104,BAS_Measured_Data,EBS_error,37,1,,Body_CAN,0x104,BAS_Measured_Data,EBS_error,37,1,,SCF0
INF1043801_BOD1043801,Msg,Info_CAN,0x104,BAS_Measured_Data,FLAG_DISCONNECT,38,1,,Body_CAN,0x104,BAS_Measured_Data,FLAG_DISCONNECT,38,1,,SCF0
INF1043901_BOD1043901,Msg,Info_CAN,0x104,BAS_Measured_Data,BCM_LV_Batt_Charging_Req,39,1,,Body_CAN,0x104,BAS_Measured_Data,BCM_LV_Batt_Charging_Req,39,1,,SCF0
INF1044708_BOD1044708,Msg,Info_CAN,0x104,BAS_Measured_Data,IBATT_QUIESCENT,47,8,,Body_CAN,0x104,BAS_Measured_Data,IBATT_QUIESCENT,47,8,,SCF0
INF1050708_BOD1050708,Msg,Info_CAN,0x105,BCM_STAT_DOOR_FLAP,CHKSM_BCM_STAT_DOOR_FLAP,7,8,,Body_CAN,0x105,BCM_STAT_DOOR_FLAP,CHKSM_BCM_STAT_DOOR_FLAP,7,8,,SCF0
INF1051104_BOD1051104,Msg,Info_CAN,0x105,BCM_STAT_DOOR_FLAP,ALIVE_BCM_STAT_DOOR_FLAP,11,4,,Body_CAN,0x105,BCM_STAT_DOOR_FLAP,ALIVE_BCM_STAT_DOOR_FLAP,11,4,,SCF0
INF1051702_BOD1051702,Msg,Info_CAN,0x105,BCM_STAT_DOOR_FLAP,BCM_STAT_TrunkAjar,17,2,,Body_CAN,0x105,BCM_STAT_DOOR_FLAP,BCM_STAT_TrunkAjar,17,2,,SCF0
INF1051902_BOD1051902,Msg,Info_CAN,0x105,BCM_STAT_DOOR_FLAP,BCM_STAT_DoorAjarFL,19,2,,Body_CAN,0x105,BCM_STAT_DOOR_FLAP,BCM_STAT_DoorAjarFL,19,2,,SCF0
INF1052102_BOD1052102,Msg,Info_CAN,0x105,BCM_STAT_DOOR_FLAP,BCM_STAT_DoorAjarFR,21,2,,Body_CAN,0x105,BCM_STAT_DOOR_FLAP,BCM_STAT_DoorAjarFR,21,2,,SCF0
INF1052302_BOD1052302,Msg,Info_CAN,0x105,BCM_STAT_DOOR_FLAP,BCM_STAT_DoorAjarRL,23,2,,Body_CAN,0x105,BCM_STAT_DOOR_FLAP,BCM_STAT_DoorAjarRL,23,2,,SCF0
INF1052502_BOD1052502,Msg,Info_CAN,0x105,BCM_STAT_DOOR_FLAP,BCM_STAT_DoorAjarRR,25,2,,Body_CAN,0x105,BCM_STAT_DOOR_FLAP,BCM_STAT_DoorAjarRR,25,2,,SCF0
INF1052702_BOD1052702,Msg,Info_CAN,0x105,BCM_STAT_DOOR_FLAP,BCM_STAT_BonnetAjar,27,2,,Body_CAN,0x105,BCM_STAT_DOOR_FLAP,BCM_STAT_BonnetAjar,27,2,,SCF0
INF1060708_BOD1060708,Msg,Info_CAN,0x106,BCM_LIGHT,CHKSM_BCM_LIGHT,7,8,,Body_CAN,0x106,BCM_LIGHT,CHKSM_BCM_LIGHT,7,8,,SCF0
INF1061104_BOD1061104,Msg,Info_CAN,0x106,BCM_LIGHT,ALIVE_BCM_LIGHT,11,4,,Body_CAN,0x106,BCM_LIGHT,ALIVE_BCM_LIGHT,11,4,,SCF0
INF1061302_BOD1061302,Msg,Info_CAN,0x106,BCM_LIGHT,BCM_DayRunningLampSts,13,2,,Body_CAN,0x106,BCM_LIGHT,BCM_DayRunningLampSts,13,2,,SCF0
INF1061502_BOD1061502,Msg,Info_CAN,0x106,BCM_LIGHT,BCM_ReverseLightSts,15,2,,Body_CAN,0x106,BCM_LIGHT,BCM_ReverseLightSts,15,2,,SCF0
INF1061702_BOD1061702,Msg,Info_CAN,0x106,BCM_LIGHT,BCM_StopLightSts,17,2,,Body_CAN,0x106,BCM_LIGHT,BCM_StopLightSts,17,2,,SCF0
INF1061902_BOD1061902,Msg,Info_CAN,0x106,BCM_LIGHT,BCM_LicensePlateLightSts,19,2,,Body_CAN,0x106,BCM_LIGHT,BCM_LicensePlateLightSts,19,2,,SCF0
INF1062102_BOD1062102,Msg,Info_CAN,0x106,BCM_LIGHT,BCM_Fr_Dimming_dome_lampSts,21,2,,Body_CAN,0x106,BCM_LIGHT,BCM_Fr_Dimming_dome_lampSts,21,2,,SCF0
INF1062302_BOD1062302,Msg,Info_CAN,0x106,BCM_LIGHT,BCM_Rr_Dimming_dome_lampSts,23,2,,Body_CAN,0x106,BCM_LIGHT,BCM_Rr_Dimming_dome_lampSts,23,2,,SCF0
INF1062502_BOD1062502,Msg,Info_CAN,0x106,BCM_LIGHT,BCM_STAT_InteriorLight,25,2,,Body_CAN,0x106,BCM_LIGHT,BCM_STAT_InteriorLight,25,2,,SCF0
INF1062803_BOD1062803,Msg,Info_CAN,0x106,BCM_LIGHT,BCM_STAT_LightActivation,28,3,,Body_CAN,0x106,BCM_LIGHT,BCM_STAT_LightActivation,28,3,,SCF0
INF1063102_BOD1063102,Msg,Info_CAN,0x106,BCM_LIGHT,BCM_HighBeamSts,31,2,,Body_CAN,0x106,BCM_LIGHT,BCM_HighBeamSts,31,2,,SCF0
INF1063907_BOD1063907,Msg,Info_CAN,0x106,BCM_LIGHT,BCM_STAT_SwitchLightBrightness,39,7,,Body_CAN,0x106,BCM_LIGHT,BCM_STAT_SwitchLightBrightness,39,7,,SCF0
INF1064102_BOD1064102,Msg,Info_CAN,0x106,BCM_LIGHT,BCM_LowBeamSts,41,2,,Body_CAN,0x106,BCM_LIGHT,BCM_LowBeamSts,41,2,,SCF0
INF1064302_BOD1064302,Msg,Info_CAN,0x106,BCM_LIGHT,BCM_RearFogLmpSts,43,2,,Body_CAN,0x106,BCM_LIGHT,BCM_RearFogLmpSts,43,2,,SCF0
INF1064502_BOD1064502,Msg,Info_CAN,0x106,BCM_LIGHT,BCM_FrntFogLmpSts,45,2,,Body_CAN,0x106,BCM_LIGHT,BCM_FrntFogLmpSts,45,2,,SCF0
INF1064702_BOD1064702,Msg,Info_CAN,0x106,BCM_LIGHT,BCM_PosLmpSts,47,2,,Body_CAN,0x106,BCM_LIGHT,BCM_PosLmpSts,47,2,,SCF0
INF1065302_BOD1065302,Msg,Info_CAN,0x106,BCM_LIGHT,BCM_HornSts,53,2,,Body_CAN,0x106,BCM_LIGHT,BCM_HornSts,53,2,,SCF0
INF1065502_BOD1065502,Msg,Info_CAN,0x106,BCM_LIGHT,BCM_TurnIndicatorSts,55,2,,Body_CAN,0x106,BCM_LIGHT,BCM_TurnIndicatorSts,55,2,,SCF0
INF1070708_BOD1070708,Msg,Info_CAN,0x107,BCM_STAT_CENTRAL_LOCK,CHKSM_BCM_CENTRAL_LOCK,7,8,,Body_CAN,0x107,BCM_STAT_CENTRAL_LOCK,CHKSM_BCM_CENTRAL_LOCK,7,8,,SCF0
INF1071104_BOD1071104,Msg,Info_CAN,0x107,BCM_STAT_CENTRAL_LOCK,ALV_BCM_CENTRAL_LOCK,11,4,,Body_CAN,0x107,BCM_STAT_CENTRAL_LOCK,ALV_BCM_CENTRAL_LOCK,11,4,,SCF0
INF1071502_BOD1071502,Msg,Info_CAN,0x107,BCM_STAT_CENTRAL_LOCK,STAT_CDL_LED,15,2,,Body_CAN,0x107,BCM_STAT_CENTRAL_LOCK,STAT_CDL_LED,15,2,,SCF0
INF1071702_BOD1071702,Msg,Info_CAN,0x107,BCM_STAT_CENTRAL_LOCK,STAT_DoorUnlockFL,17,2,,Body_CAN,0x107,BCM_STAT_CENTRAL_LOCK,STAT_DoorUnlockFL,17,2,,SCF0
INF1072003_BOD1072003,Msg,Info_CAN,0x107,BCM_STAT_CENTRAL_LOCK,STAT_ATWS,20,3,,Body_CAN,0x107,BCM_STAT_CENTRAL_LOCK,STAT_ATWS,20,3,,SCF0
INF1072302_BOD1072302,Msg,Info_CAN,0x107,BCM_STAT_CENTRAL_LOCK,STAT_DoorLockFL,23,2,,Body_CAN,0x107,BCM_STAT_CENTRAL_LOCK,STAT_DoorLockFL,23,2,,SCF0
INF1090708_BOD1090708,Msg,Info_CAN,0x109,BCM_SwitchSts,CHKSM_BCM_SWITCH_Sts,7,8,,Body_CAN,0x109,BCM_SwitchSts,CHKSM_BCM_SWITCH_Sts,7,8,,SCF0
INF1091104_BOD1091104,Msg,Info_CAN,0x109,BCM_SwitchSts,ALV_BCM_SWITCH_Sts,11,4,,Body_CAN,0x109,BCM_SwitchSts,ALV_BCM_SWITCH_Sts,11,4,,SCF0
INF1091302_BOD1091302,Msg,Info_CAN,0x109,BCM_SwitchSts,BCM_STAT_BrakeSwitch,13,2,,Body_CAN,0x109,BCM_SwitchSts,BCM_STAT_BrakeSwitch,13,2,,SCF0
INF1091502_BOD1091502,Msg,Info_CAN,0x109,BCM_SwitchSts,BCM_STAT_HazardWarn,15,2,,Body_CAN,0x109,BCM_SwitchSts,BCM_STAT_HazardWarn,15,2,,SCF0
INF1091702_BOD1091702,Msg,Info_CAN,0x109,BCM_SwitchSts,BCM_STAT_FuelPumpCutOFF,17,2,,Body_CAN,0x109,BCM_SwitchSts,BCM_STAT_FuelPumpCutOFF,17,2,,SCF0
INF1091902_BOD1091902,Msg,Info_CAN,0x109,BCM_SwitchSts,BCM_FollowMeHomeActive,19,2,,Body_CAN,0x109,BCM_SwitchSts,BCM_FollowMeHomeActive,19,2,,SCF0
INF1092102_BOD1092102,Msg,Info_CAN,0x109,BCM_SwitchSts,BCM_STAT_Horn,21,2,,Body_CAN,0x109,BCM_SwitchSts,BCM_STAT_Horn,21,2,,SCF0
INF1092302_BOD1092302,Msg,Info_CAN,0x109,BCM_SwitchSts,BCM_STAT_Autowiping,23,2,,Body_CAN,0x109,BCM_SwitchSts,BCM_STAT_Autowiping,23,2,,SCF0
INF1092502_BOD1092502,Msg,Info_CAN,0x109,BCM_SwitchSts,BCM_TurnIndicator,25,2,,Body_CAN,0x109,BCM_SwitchSts,BCM_TurnIndicator,25,2,,SCF0
INF1092702_BOD1092702,Msg,Info_CAN,0x109,BCM_SwitchSts,BCM_WelcomeActive,27,2,,Body_CAN,0x109,BCM_SwitchSts,BCM_WelcomeActive,27,2,,SCF0
INF1092902_BOD1092902,Msg,Info_CAN,0x109,BCM_SwitchSts,BCM_HighBeam,29,2,,Body_CAN,0x109,BCM_SwitchSts,BCM_HighBeam,29,2,,SCF0
INF1093302_BOD1093302,Msg,Info_CAN,0x109,BCM_SwitchSts,ACM_Seat_Belt_Status_3rd_Row_Pas,33,2,,Body_CAN,0x109,BCM_SwitchSts,ACM_Seat_Belt_Status_3rd_Row_Pas,33,2,,SCF0
INF1093502_BOD1093502,Msg,Info_CAN,0x109,BCM_SwitchSts,ACM_Seat_Belt_Status_3rd_Row_Dri,35,2,,Body_CAN,0x109,BCM_SwitchSts,ACM_Seat_Belt_Status_3rd_Row_Dri,35,2,,SCF0
INF10A0708_BOD10A0708,Msg,Info_CAN,0x10a,BCM_VOLTAGE,CHKSM_BCM_VOLTAGE,7,8,,Body_CAN,0x10a,BCM_VOLTAGE,CHKSM_BCM_VOLTAGE,7,8,,SCF0
INF10A1104_BOD10A1104,Msg,Info_CAN,0x10a,BCM_VOLTAGE,ALIVE_BCM_VOLTAGE,11,4,,Body_CAN,0x10a,BCM_VOLTAGE,ALIVE_BCM_VOLTAGE,11,4,,SCF0
INF10A2314_BOD10A2314,Msg,Info_CAN,0x10a,BCM_VOLTAGE,UBatt,23,14,,Body_CAN,0x10a,BCM_VOLTAGE,UBatt,23,14,,SCF0
INF10A3908_BOD10A3908,Msg,Info_CAN,0x10a,BCM_VOLTAGE,LV_Batt_Temp,39,8,,Body_CAN,0x10a,BCM_VOLTAGE,LV_Batt_Temp,39,8,,SCF0
INF10A4708_BOD10A4708,Msg,Info_CAN,0x10a,BCM_VOLTAGE,LV_SOC,47,8,,Body_CAN,0x10a,BCM_VOLTAGE,LV_SOC,47,8,,SCF0
INF10A5516_BOD10A5516,Msg,Info_CAN,0x10a,BCM_VOLTAGE,LV_Batt_Current,55,16,,Body_CAN,0x10a,BCM_VOLTAGE,LV_Batt_Current,55,16,,SCF0
INF10B1104_BOD10B1104,Msg,Info_CAN,0x10b,TRM_LIGHT,ALIVE_TRM_LIGHT,11,4,,Body_CAN,0x10b,TRM_LIGHT,ALIVE_TRM_LIGHT,11,4,,SCF0
INF10B1302_BOD10B1302,Msg,Info_CAN,0x10b,TRM_LIGHT,TrailerInput,13,2,,Body_CAN,0x10b,TRM_LIGHT,TrailerInput,13,2,,SCF0
INF10B1502_BOD10B1502,Msg,Info_CAN,0x10b,TRM_LIGHT,TrailerSystemError,15,2,,Body_CAN,0x10b,TRM_LIGHT,TrailerSystemError,15,2,,SCF0
INF10B1702_BOD10B1702,Msg,Info_CAN,0x10b,TRM_LIGHT,TRM_VoltageStatus,17,2,,Body_CAN,0x10b,TRM_LIGHT,TRM_VoltageStatus,17,2,,SCF0
INF10B1902_BOD10B1902,Msg,Info_CAN,0x10b,TRM_LIGHT,TRM_STAT_BrakeLight,19,2,,Body_CAN,0x10b,TRM_LIGHT,TRM_STAT_BrakeLight,19,2,,SCF0
INF10B2102_BOD10B2102,Msg,Info_CAN,0x10b,TRM_LIGHT,TRM_STAT_FogLampRear,21,2,,Body_CAN,0x10b,TRM_LIGHT,TRM_STAT_FogLampRear,21,2,,SCF0
INF10B2302_BOD10B2302,Msg,Info_CAN,0x10b,TRM_LIGHT,TRM_STAT_PositionLight,23,2,,Body_CAN,0x10b,TRM_LIGHT,TRM_STAT_PositionLight,23,2,,SCF0
INF10B2704_BOD10B2704,Msg,Info_CAN,0x10b,TRM_LIGHT,TRM_STAT_TurnIndicators,27,4,,Body_CAN,0x10b,TRM_LIGHT,TRM_STAT_TurnIndicators,27,4,,SCF0
INF10B2902_BOD10B2902,Msg,Info_CAN,0x10b,TRM_LIGHT,TRM_STAT_ReverseLight,29,2,,Body_CAN,0x10b,TRM_LIGHT,TRM_STAT_ReverseLight,29,2,,SCF0
INF10B3102_BOD10B3102,Msg,Info_CAN,0x10b,TRM_LIGHT,TRM_STAT_HWBrakeLightInput,31,2,,Body_CAN,0x10b,TRM_LIGHT,TRM_STAT_HWBrakeLightInput,31,2,,SCF0
INF10B3302_BOD10B3302,Msg,Info_CAN,0x10b,TRM_LIGHT,TRM_STAT_HWIndicatorInput,33,2,,Body_CAN,0x10b,TRM_LIGHT,TRM_STAT_HWIndicatorInput,33,2,,SCF0
INF10B3502_BOD10B3502,Msg,Info_CAN,0x10b,TRM_LIGHT,TRM_STAT_HWPosLightInput,35,2,,Body_CAN,0x10b,TRM_LIGHT,TRM_STAT_HWPosLightInput,35,2,,SCF0
INF10C0708_BOD10C0708,Msg,Info_CAN,0x10c,BCM_RemoteCtrlSts,Checksum_0x10C,7,8,,Body_CAN,0x10c,BCM_RemoteCtrlSts,Checksum_0x10C,7,8,,SCF0
INF10C1104_BOD10C1104,Msg,Info_CAN,0x10c,BCM_RemoteCtrlSts,Rolling_Counter_0x10C,11,4,,Body_CAN,0x10c,BCM_RemoteCtrlSts,Rolling_Counter_0x10C,11,4,,SCF0
INF10C2302_BOD10C2302,Msg,Info_CAN,0x10c,BCM_RemoteCtrlSts,BCM_TboxAuthStatus,23,2,,Body_CAN,0x10c,BCM_RemoteCtrlSts,BCM_TboxAuthStatus,23,2,,SCF0
INF10C3132_BOD10C3132,Msg,Info_CAN,0x10c,BCM_RemoteCtrlSts,BCM_RandomNum32bit,31,32,,Body_CAN,0x10c,BCM_RemoteCtrlSts,BCM_RandomNum32bit,31,32,,SCF0
INF10E0704_BOD10E0704,Msg,Info_CAN,0x10e,BCM_ENTRY_CONTROL,RemoteAccessKey,7,4,,Body_CAN,0x10e,BCM_ENTRY_CONTROL,RemoteAccessKey,7,4,,SCF0
INF10E0902_BOD10E0902,Msg,Info_CAN,0x10e,BCM_ENTRY_CONTROL,PassiveAccessTrunk,9,2,,Body_CAN,0x10e,BCM_ENTRY_CONTROL,PassiveAccessTrunk,9,2,,SCF0
INF10E1102_BOD10E1102,Msg,Info_CAN,0x10e,BCM_ENTRY_CONTROL,ComfortOpen,11,2,,Body_CAN,0x10e,BCM_ENTRY_CONTROL,ComfortOpen,11,2,,SCF0
INF10E1302_BOD10E1302,Msg,Info_CAN,0x10e,BCM_ENTRY_CONTROL,PassiveAccessDoor,13,2,,Body_CAN,0x10e,BCM_ENTRY_CONTROL,PassiveAccessDoor,13,2,,SCF0
INF10E1502_BOD10E1502,Msg,Info_CAN,0x10e,BCM_ENTRY_CONTROL,FksOpen,15,2,,Body_CAN,0x10e,BCM_ENTRY_CONTROL,FksOpen,15,2,,SCF0
INF1120708_BOD1120708,Msg,Info_CAN,0x112,BCM_CLAMP_STAT,CHKSM_BCM_CLAMP_STAT,7,8,,Body_CAN,0x112,BCM_CLAMP_STAT,CHKSM_BCM_CLAMP_STAT,7,8,,SCF0
INF1121104_BOD1121104,Msg,Info_CAN,0x112,BCM_CLAMP_STAT,ALIVE_BCM_CLAMP_STAT,11,4,,Body_CAN,0x112,BCM_CLAMP_STAT,ALIVE_BCM_CLAMP_STAT,11,4,,SCF0
INF1121302_BOD1121302,Msg,Info_CAN,0x112,BCM_CLAMP_STAT,RemoteFunctionState,13,2,,Body_CAN,0x112,BCM_CLAMP_STAT,RemoteFunctionState,13,2,,SCF0
INF1121502_BOD1121502,Msg,Info_CAN,0x112,BCM_CLAMP_STAT,STAT_BLS,15,2,,Body_CAN,0x112,BCM_CLAMP_STAT,STAT_BLS,15,2,,SCF0
INF1121702_BOD1121702,Msg,Info_CAN,0x112,BCM_CLAMP_STAT,STAT_CL_50_L,17,2,,Body_CAN,0x112,BCM_CLAMP_STAT,STAT_CL_50_L,17,2,,SCF0
INF1121902_BOD1121902,Msg,Info_CAN,0x112,BCM_CLAMP_STAT,Clamp50AdviceRemoteStart,19,2,,Body_CAN,0x112,BCM_CLAMP_STAT,Clamp50AdviceRemoteStart,19,2,,SCF0
INF1122102_BOD1122102,Msg,Info_CAN,0x112,BCM_CLAMP_STAT,Clamp50AdviceESS,21,2,,Body_CAN,0x112,BCM_CLAMP_STAT,Clamp50AdviceESS,21,2,,SCF0
INF1122502_BOD1122502,Msg,Info_CAN,0x112,BCM_CLAMP_STAT,STAT_CL_R_L,25,2,,Body_CAN,0x112,BCM_CLAMP_STAT,STAT_CL_R_L,25,2,,SCF0
INF1122702_BOD1122702,Msg,Info_CAN,0x112,BCM_CLAMP_STAT,STAT_CL_15_1_L,27,2,,Body_CAN,0x112,BCM_CLAMP_STAT,STAT_CL_15_1_L,27,2,,SCF0
INF1122902_BOD1122902,Msg,Info_CAN,0x112,BCM_CLAMP_STAT,STAT_CL_15_1_DME_L,29,2,,Body_CAN,0x112,BCM_CLAMP_STAT,STAT_CL_15_1_DME_L,29,2,,SCF0
INF1123102_BOD1123102,Msg,Info_CAN,0x112,BCM_CLAMP_STAT,FobId,31,2,,Body_CAN,0x112,BCM_CLAMP_STAT,FobId,31,2,,SCF0
INF1123403_BOD1123403,Msg,Info_CAN,0x112,BCM_CLAMP_STAT,STAT_Terminal,34,3,,Body_CAN,0x112,BCM_CLAMP_STAT,STAT_Terminal,34,3,,SCF0
INF1123602_BOD1123602,Msg,Info_CAN,0x112,BCM_CLAMP_STAT,STAT_CL30_C_BEV,36,2,,Body_CAN,0x112,BCM_CLAMP_STAT,STAT_CL30_C_BEV,36,2,,SCF0
INF1123903_BOD1123903,Msg,Info_CAN,0x112,BCM_CLAMP_STAT,BCM_Clamp_Transport,39,3,,Body_CAN,0x112,BCM_CLAMP_STAT,BCM_Clamp_Transport,39,3,,SCF0
INF1150702_BOD1150702,Msg,Info_CAN,0x115,BCM_Childlock,BCM_ChildLock_Feedback,7,2,,Body_CAN,0x115,BCM_Childlock,BCM_ChildLock_Feedback,7,2,,SCF0
INF1180708_BOD1180708,Msg,Info_CAN,0x118,BCM_MHU_Ctrl_Fbk,CHKSM_BCM_MHU_Ctrl_Fbk,7,8,,Body_CAN,0x118,BCM_MHU_Ctrl_Fbk,CHKSM_BCM_MHU_Ctrl_Fbk,7,8,,SCF0
INF1181104_BOD1181104,Msg,Info_CAN,0x118,BCM_MHU_Ctrl_Fbk,ALV_BCM_MHU_Ctrl_Fbk,11,4,,Body_CAN,0x118,BCM_MHU_Ctrl_Fbk,ALV_BCM_MHU_Ctrl_Fbk,11,4,,SCF0
INF1181302_BOD1181302,Msg,Info_CAN,0x118,BCM_MHU_Ctrl_Fbk,BCM_DrvInhibitStsFbk,13,2,,Body_CAN,0x118,BCM_MHU_Ctrl_Fbk,BCM_DrvInhibitStsFbk,13,2,,SCF0
INF1230708_PWT1230708,Msg,Info_CAN,0x123,VCU_ACCharging_Info,CHKSM_ACChargingInfo,7,8,,PT_CAN,0x123,VCU_ACCharging_Info,CHKSM_ACChargingInfo,7,8,,SCF0
INF1231104_PWT1231104,Msg,Info_CAN,0x123,VCU_ACCharging_Info,ALIVE_ACChargingInfo,11,4,,PT_CAN,0x123,VCU_ACCharging_Info,ALIVE_ACChargingInfo,11,4,,SCF0
INF1232310_PWT1232310,Msg,Info_CAN,0x123,VCU_ACCharging_Info,ACCharging_MaxChargingPower,23,10,,PT_CAN,0x123,VCU_ACCharging_Info,ACCharging_MaxChargingPower,23,10,,SCF0
INF1233916_PWT1233916,Msg,Info_CAN,0x123,VCU_ACCharging_Info,CurrentACChargingPower,39,16,,PT_CAN,0x123,VCU_ACCharging_Info,CurrentACChargingPower,39,16,,SCF0
INF1235516_PWT1235516,Msg,Info_CAN,0x123,VCU_ACCharging_Info,ACCharging_MaxCurrent,55,16,,PT_CAN,0x123,VCU_ACCharging_Info,ACCharging_MaxCurrent,55,16,,SCF0
INF1240708_PWT1240708,Msg,Info_CAN,0x124,VCU_DCCharging_Info,CHKSM_DCChargingInfo,7,8,,PT_CAN,0x124,VCU_DCCharging_Info,CHKSM_DCChargingInfo,7,8,,SCF0
INF1241104_PWT1241104,Msg,Info_CAN,0x124,VCU_DCCharging_Info,ALIVE_DCChargingInfo,11,4,,PT_CAN,0x124,VCU_DCCharging_Info,ALIVE_DCChargingInfo,11,4,,SCF0
INF1242310_PWT1242310,Msg,Info_CAN,0x124,VCU_DCCharging_Info,DCCharging_MaxChargingPower,23,10,,PT_CAN,0x124,VCU_DCCharging_Info,DCCharging_MaxChargingPower,23,10,,SCF0
INF1243916_PWT1243916,Msg,Info_CAN,0x124,VCU_DCCharging_Info,CurrentDCChargingPower,39,16,,PT_CAN,0x124,VCU_DCCharging_Info,CurrentDCChargingPower,39,16,,SCF0
INF1245516_PWT1245516,Msg,Info_CAN,0x124,VCU_DCCharging_Info,DCCharging_MaxCurrent,55,16,,PT_CAN,0x124,VCU_DCCharging_Info,DCCharging_MaxCurrent,55,16,,SCF0
INF12F0708_BOD12F0708,Msg,Info_CAN,0x12f,BCM_TERMINAL,CHKSM_BCM_TERMINAL,7,8,,Body_CAN,0x12f,BCM_TERMINAL,CHKSM_BCM_TERMINAL,7,8,,SCF0
INF12F1104_BOD12F1104,Msg,Info_CAN,0x12f,BCM_TERMINAL,ALV_BCM_TERMINAL,11,4,,Body_CAN,0x12f,BCM_TERMINAL,ALV_BCM_TERMINAL,11,4,,SCF0
INF12F1504_BOD12F1504,Msg,Info_CAN,0x12f,BCM_TERMINAL,ST_KL,15,4,,Body_CAN,0x12f,BCM_TERMINAL,ST_KL,15,4,,SCF0
INF12F1904_BOD12F1904,Msg,Info_CAN,0x12f,BCM_TERMINAL,ST_KL_KEY_VLD,19,4,,Body_CAN,0x12f,BCM_TERMINAL,ST_KL_KEY_VLD,19,4,,SCF0
INF12F2302_BOD12F2302,Msg,Info_CAN,0x12f,BCM_TERMINAL,ST_STCD_PENG,23,2,,Body_CAN,0x12f,BCM_TERMINAL,ST_STCD_PENG,23,2,,SCF0
INF12F2502_BOD12F2502,Msg,Info_CAN,0x12f,BCM_TERMINAL,ST_SSB,25,2,,Body_CAN,0x12f,BCM_TERMINAL,ST_SSB,25,2,,SCF0
INF12F2904_BOD12F2904,Msg,Info_CAN,0x12f,BCM_TERMINAL,RWDT_BLS,29,4,,Body_CAN,0x12f,BCM_TERMINAL,RWDT_BLS,29,4,,SCF0
INF12F3102_BOD12F3102,Msg,Info_CAN,0x12f,BCM_TERMINAL,RQ_DRVG_RDI,31,2,,Body_CAN,0x12f,BCM_TERMINAL,RQ_DRVG_RDI,31,2,,SCF0
INF12F3502_BOD12F3502,Msg,Info_CAN,0x12f,BCM_TERMINAL,CTR_ENG_STOP,35,2,,Body_CAN,0x12f,BCM_TERMINAL,CTR_ENG_STOP,35,2,,SCF0
INF12F3904_BOD12F3904,Msg,Info_CAN,0x12f,BCM_TERMINAL,ST_VEH_CON,39,4,,Body_CAN,0x12f,BCM_TERMINAL,ST_VEH_CON,39,4,,SCF0
INF1370102_PWT1370102,Msg,Info_CAN,0x137,VCU_PnC_ErrorMsg,OK_OldSessionJoined,1,2,,PT_CAN,0x137,VCU_PnC_ErrorMsg,OK_OldSessionJoined,1,2,,SCF0
INF1370302_PWT1370302,Msg,Info_CAN,0x137,VCU_PnC_ErrorMsg,OK_NewSessionEstablished,3,2,,PT_CAN,0x137,VCU_PnC_ErrorMsg,OK_NewSessionEstablished,3,2,,SCF0
INF1370502_PWT1370502,Msg,Info_CAN,0x137,VCU_PnC_ErrorMsg,OK_CertificateExpireSoon,5,2,,PT_CAN,0x137,VCU_PnC_ErrorMsg,OK_CertificateExpireSoon,5,2,,SCF0
INF1370702_PWT1370702,Msg,Info_CAN,0x137,VCU_PnC_ErrorMsg,PnC_OK,7,2,,PT_CAN,0x137,VCU_PnC_ErrorMsg,PnC_OK,7,2,,SCF0
INF1370902_PWT1370902,Msg,Info_CAN,0x137,VCU_PnC_ErrorMsg,Failed_CertificateNoAllowAtEVSE,9,2,,PT_CAN,0x137,VCU_PnC_ErrorMsg,Failed_CertificateNoAllowAtEVSE,9,2,,SCF0
INF1371102_PWT1371102,Msg,Info_CAN,0x137,VCU_PnC_ErrorMsg,Failed_ContactorError,11,2,,PT_CAN,0x137,VCU_PnC_ErrorMsg,Failed_ContactorError,11,2,,SCF0
INF1371302_PWT1371302,Msg,Info_CAN,0x137,VCU_PnC_ErrorMsg,Failed_NoChargeServiceSelectd,13,2,,PT_CAN,0x137,VCU_PnC_ErrorMsg,Failed_NoChargeServiceSelectd,13,2,,SCF0
INF1371502_PWT1371502,Msg,Info_CAN,0x137,VCU_PnC_ErrorMsg,PnC_Failed,15,2,,PT_CAN,0x137,VCU_PnC_ErrorMsg,PnC_Failed,15,2,,SCF0
INF1371702_PWT1371702,Msg,Info_CAN,0x137,VCU_PnC_ErrorMsg,Failed_ServiceIDInvalid,17,2,,PT_CAN,0x137,VCU_PnC_ErrorMsg,Failed_ServiceIDInvalid,17,2,,SCF0
INF1371902_PWT1371902,Msg,Info_CAN,0x137,VCU_PnC_ErrorMsg,Falied_UnknownSession,19,2,,PT_CAN,0x137,VCU_PnC_ErrorMsg,Falied_UnknownSession,19,2,,SCF0
INF1372102_PWT1372102,Msg,Info_CAN,0x137,VCU_PnC_ErrorMsg,Failed_SignatureError,21,2,,PT_CAN,0x137,VCU_PnC_ErrorMsg,Failed_SignatureError,21,2,,SCF0
INF1372302_PWT1372302,Msg,Info_CAN,0x137,VCU_PnC_ErrorMsg,Failed_SequenceError,23,2,,PT_CAN,0x137,VCU_PnC_ErrorMsg,Failed_SequenceError,23,2,,SCF0
INF1372502_PWT1372502,Msg,Info_CAN,0x137,VCU_PnC_ErrorMsg,Failed_CertChainError,25,2,,PT_CAN,0x137,VCU_PnC_ErrorMsg,Failed_CertChainError,25,2,,SCF0
INF1372702_PWT1372702,Msg,Info_CAN,0x137,VCU_PnC_ErrorMsg,Failed_NoCertificateAvailable,27,2,,PT_CAN,0x137,VCU_PnC_ErrorMsg,Failed_NoCertificateAvailable,27,2,,SCF0
INF1372902_PWT1372902,Msg,Info_CAN,0x137,VCU_PnC_ErrorMsg,Failed_CertificateRevoked,29,2,,PT_CAN,0x137,VCU_PnC_ErrorMsg,Failed_CertificateRevoked,29,2,,SCF0
INF1373102_PWT1373102,Msg,Info_CAN,0x137,VCU_PnC_ErrorMsg,Failed_PaymentSelectionInvalid,31,2,,PT_CAN,0x137,VCU_PnC_ErrorMsg,Failed_PaymentSelectionInvalid,31,2,,SCF0
INF1373302_PWT1373302,Msg,Info_CAN,0x137,VCU_PnC_ErrorMsg,Failed_WrongChargeParameter,33,2,,PT_CAN,0x137,VCU_PnC_ErrorMsg,Failed_WrongChargeParameter,33,2,,SCF0
INF1373502_PWT1373502,Msg,Info_CAN,0x137,VCU_PnC_ErrorMsg,Failed_WrongEnergyTranferMode,35,2,,PT_CAN,0x137,VCU_PnC_ErrorMsg,Failed_WrongEnergyTranferMode,35,2,,SCF0
INF1373702_PWT1373702,Msg,Info_CAN,0x137,VCU_PnC_ErrorMsg,Failed_ChallengeInvalid,37,2,,PT_CAN,0x137,VCU_PnC_ErrorMsg,Failed_ChallengeInvalid,37,2,,SCF0
INF1373902_PWT1373902,Msg,Info_CAN,0x137,VCU_PnC_ErrorMsg,Failed_ContractCancelled,39,2,,PT_CAN,0x137,VCU_PnC_ErrorMsg,Failed_ContractCancelled,39,2,,SCF0
INF1374102_PWT1374102,Msg,Info_CAN,0x137,VCU_PnC_ErrorMsg,Failed_MeteringSignatureNotValid,41,2,,PT_CAN,0x137,VCU_PnC_ErrorMsg,Failed_MeteringSignatureNotValid,41,2,,SCF0
INF1374302_PWT1374302,Msg,Info_CAN,0x137,VCU_PnC_ErrorMsg,Failed_PowerDeliverNotApplied,43,2,,PT_CAN,0x137,VCU_PnC_ErrorMsg,Failed_PowerDeliverNotApplied,43,2,,SCF0
INF1374502_PWT1374502,Msg,Info_CAN,0x137,VCU_PnC_ErrorMsg,Failed_TarrifSelectionInvalid,45,2,,PT_CAN,0x137,VCU_PnC_ErrorMsg,Failed_TarrifSelectionInvalid,45,2,,SCF0
INF1374702_PWT1374702,Msg,Info_CAN,0x137,VCU_PnC_ErrorMsg,Failed_ChargingProfileInvalid,47,2,,PT_CAN,0x137,VCU_PnC_ErrorMsg,Failed_ChargingProfileInvalid,47,2,,SCF0
INF1374902_PWT1374902,Msg,Info_CAN,0x137,VCU_PnC_ErrorMsg,Error_message_4,49,2,,PT_CAN,0x137,VCU_PnC_ErrorMsg,Error_message_4,49,2,,SCF0
INF1375102_PWT1375102,Msg,Info_CAN,0x137,VCU_PnC_ErrorMsg,Error_message_3,51,2,,PT_CAN,0x137,VCU_PnC_ErrorMsg,Error_message_3,51,2,,SCF0
INF1375302_PWT1375302,Msg,Info_CAN,0x137,VCU_PnC_ErrorMsg,Error_message_1,53,2,,PT_CAN,0x137,VCU_PnC_ErrorMsg,Error_message_1,53,2,,SCF0
INF1375502_PWT1375502,Msg,Info_CAN,0x137,VCU_PnC_ErrorMsg,Error_message_2,55,2,,PT_CAN,0x137,VCU_PnC_ErrorMsg,Error_message_2,55,2,,SCF0
INF1375702_PWT1375702,Msg,Info_CAN,0x137,VCU_PnC_ErrorMsg,PnC_ChargeSessionEnded,57,2,,PT_CAN,0x137,VCU_PnC_ErrorMsg,PnC_ChargeSessionEnded,57,2,,SCF0
INF1375902_PWT1375902,Msg,Info_CAN,0x137,VCU_PnC_ErrorMsg,PnC_Status,59,2,,PT_CAN,0x137,VCU_PnC_ErrorMsg,PnC_Status,59,2,,SCF0
INF1376102_PWT1376102,Msg,Info_CAN,0x137,VCU_PnC_ErrorMsg,PnC_Contract_Status,61,2,,PT_CAN,0x137,VCU_PnC_ErrorMsg,PnC_Contract_Status,61,2,,SCF0
INF1376302_PWT1376302,Msg,Info_CAN,0x137,VCU_PnC_ErrorMsg,Error_message_5,63,2,,PT_CAN,0x137,VCU_PnC_ErrorMsg,Error_message_5,63,2,,SCF0
INF13D0702_PWT13D0702,Msg,Info_CAN,0x13d,VCU_PnC_ErrorMsg_2,SessionPaymentType,7,2,,PT_CAN,0x13d,VCU_PnC_ErrorMsg_2,SessionPaymentType,7,2,,SCF0
INF1650708_PWT1650708,Msg,Info_CAN,0x165,VCU_ChargingConnection,CHSKM_VCU_ChargingConnection,7,8,,PT_CAN,0x165,VCU_ChargingConnection,CHSKM_VCU_ChargingConnection,7,8,,SCF0
INF1651104_PWT1651104,Msg,Info_CAN,0x165,VCU_ChargingConnection,ALV_VCU_ChargingConnection,11,4,,PT_CAN,0x165,VCU_ChargingConnection,ALV_VCU_ChargingConnection,11,4,,SCF0
INF1651201_PWT1651201,Msg,Info_CAN,0x165,VCU_ChargingConnection,VCU_AcChgGunIn,12,1,,PT_CAN,0x165,VCU_ChargingConnection,VCU_AcChgGunIn,12,1,,SCF0
INF1651301_PWT1651301,Msg,Info_CAN,0x165,VCU_ChargingConnection,VCU_DCChgGunIn,13,1,,PT_CAN,0x165,VCU_ChargingConnection,VCU_DCChgGunIn,13,1,,SCF0
INF1653807_PWT1653807,Msg,Info_CAN,0x165,VCU_ChargingConnection,VCU_CPValue,38,7,,PT_CAN,0x165,VCU_ChargingConnection,VCU_CPValue,38,7,,SCF0
INF1654308_PWT1654308,Msg,Info_CAN,0x165,VCU_ChargingConnection,VCU_ACChargingVoltage,43,8,,PT_CAN,0x165,VCU_ChargingConnection,VCU_ACChargingVoltage,43,8,,SCF0
INF1654703_PWT1654703,Msg,Info_CAN,0x165,VCU_ChargingConnection,VCU_MinCurrentOfACCharging,47,3,,PT_CAN,0x165,VCU_ChargingConnection,VCU_MinCurrentOfACCharging,47,3,,SCF0
INF1654806_PWT1654806,Msg,Info_CAN,0x165,VCU_ChargingConnection,VCU_MaxCurrentOfACCharging,48,6,,PT_CAN,0x165,VCU_ChargingConnection,VCU_MaxCurrentOfACCharging,48,6,,SCF0
INF1742316_BAT1742316,Sig,Info_CAN,0x174,BMS_CurMeas,BMS_PackCur_MEAS,23,16,,BA_CAN,0x174,BMS_CurMeas,BMS_PackCur_MEAS,23,16,,SCF0
INF1762316_BAT1762316,Sig,Info_CAN,0x176,BMS_HVMeas1,BMS_HVPackVol_MEAS,23,16,,BA_CAN,0x176,BMS_HVMeas1,BMS_HVPackVol_MEAS,23,16,,SCF0
INF1763916_BAT1763916,Sig,Info_CAN,0x176,BMS_HVMeas1,BMS_HVLinkVol_MEAS,39,16,,BA_CAN,0x176,BMS_HVMeas1,BMS_HVLinkVol_MEAS,39,16,,SCF0
INF1780708_CHA1780708,Msg,Info_CAN,0x178,YSS_LongAcc,CHKSM_YSS_LongAcc,7,8,,Chassis_CAN,0x178,YSS_LongAcc,CHKSM_YSS_LongAcc,7,8,,SCF0
INF1781104_CHA1781104,Msg,Info_CAN,0x178,YSS_LongAcc,ALV_YSS_LongAcc,11,4,,Chassis_CAN,0x178,YSS_LongAcc,ALV_YSS_LongAcc,11,4,,SCF0
INF1781504_CHA1781504,Msg,Info_CAN,0x178,YSS_LongAcc,YSS_LONG_ACCUNFILTERED_QUAL,15,4,,Chassis_CAN,0x178,YSS_LongAcc,YSS_LONG_ACCUNFILTERED_QUAL,15,4,,SCF0
INF1782316_CHA1782316,Msg,Info_CAN,0x178,YSS_LongAcc,YSS_LONG_ACC_UNFILTERED,23,16,,Chassis_CAN,0x178,YSS_LongAcc,YSS_LONG_ACC_UNFILTERED,23,16,,SCF0
INF1783504_CHA1783504,Msg,Info_CAN,0x178,YSS_LongAcc,YSS_LONG_ACC_QUAL,35,4,,Chassis_CAN,0x178,YSS_LongAcc,YSS_LONG_ACC_QUAL,35,4,,SCF0
INF1784716_CHA1784716,Msg,Info_CAN,0x178,YSS_LongAcc,YSS_LONG_ACC,47,16,,Chassis_CAN,0x178,YSS_LongAcc,YSS_LONG_ACC,47,16,,SCF0
INF1790708_CHA1790708,Msg,Info_CAN,0x179,YSS_LateralAcc,CHKSM_YSS_LateralAcc,7,8,,Chassis_CAN,0x179,YSS_LateralAcc,CHKSM_YSS_LateralAcc,7,8,,SCF0
INF1791104_CHA1791104,Msg,Info_CAN,0x179,YSS_LateralAcc,ALV_YSS_LateralAcc,11,4,,Chassis_CAN,0x179,YSS_LateralAcc,ALV_YSS_LateralAcc,11,4,,SCF0
INF1791504_CHA1791504,Msg,Info_CAN,0x179,YSS_LateralAcc,YSS_LAT_ACCUNFILTERED_QUAL,15,4,,Chassis_CAN,0x179,YSS_LateralAcc,YSS_LAT_ACCUNFILTERED_QUAL,15,4,,SCF0
INF1792316_CHA1792316,Msg,Info_CAN,0x179,YSS_LateralAcc,YSS_LAT_ACC_UNFILTERED,23,16,,Chassis_CAN,0x179,YSS_LateralAcc,YSS_LAT_ACC_UNFILTERED,23,16,,SCF0
INF1793504_CHA1793504,Msg,Info_CAN,0x179,YSS_LateralAcc,YSS_LAT_ACC_QUAL,35,4,,Chassis_CAN,0x179,YSS_LateralAcc,YSS_LAT_ACC_QUAL,35,4,,SCF0
INF1794716_CHA1794716,Msg,Info_CAN,0x179,YSS_LateralAcc,YSS_LAT_ACC,47,16,,Chassis_CAN,0x179,YSS_LateralAcc,YSS_LAT_ACC,47,16,,SCF0
INF17E1302_CHA17E1302,Sig,Info_CAN,0x17e,SAS_Sensor,SAS_SASStsSnsr,13,2,,Chassis_CAN,0x17e,SAS_Sensor,SAS_SASStsSnsr,13,2,,SCF0
INF17E2114_CHA17E2114,Sig,Info_CAN,0x17e,SAS_Sensor,SAS_SteerWhlRotSpd,21,14,,Chassis_CAN,0x17e,SAS_Sensor,SAS_SteerWhlRotSpd,21,14,,SCF0
INF17E2302_CHA17E2302,Sig,Info_CAN,0x17e,SAS_Sensor,SAS_SteerWhlRotSpdStatus,23,2,,Chassis_CAN,0x17e,SAS_Sensor,SAS_SteerWhlRotSpdStatus,23,2,,SCF0
INF17E3302_CHA17E3302,Sig,Info_CAN,0x17e,SAS_Sensor,SAS_SASFailure,33,2,,Chassis_CAN,0x17e,SAS_Sensor,SAS_SASFailure,33,2,,SCF0
INF17E3502_CHA17E3502,Sig,Info_CAN,0x17e,SAS_Sensor,SAS_Calibrated,35,2,,Chassis_CAN,0x17e,SAS_Sensor,SAS_Calibrated,35,2,,SCF0
INF17E3902_CHA17E3902,Sig,Info_CAN,0x17e,SAS_Sensor,SAS_SteerWheelAngleValid,39,2,,Chassis_CAN,0x17e,SAS_Sensor,SAS_SteerWheelAngleValid,39,2,,SCF0
INF17E4716_CHA17E4716,Sig,Info_CAN,0x17e,SAS_Sensor,SAS_SteerWheelAngle,47,16,,Chassis_CAN,0x17e,SAS_Sensor,SAS_SteerWheelAngle,47,16,,SCF0
INF1810708_PWT1810708,Msg,Info_CAN,0x181,VCU_Debug,VCU_Debug1,7,8,,PT_CAN,0x181,VCU_Debug,VCU_Debug1,7,8,,SCF0
INF1811508_PWT1811508,Msg,Info_CAN,0x181,VCU_Debug,VCU_Debug2,15,8,,PT_CAN,0x181,VCU_Debug,VCU_Debug2,15,8,,SCF0
INF1812308_PWT1812308,Msg,Info_CAN,0x181,VCU_Debug,VCU_Debug3,23,8,,PT_CAN,0x181,VCU_Debug,VCU_Debug3,23,8,,SCF0
INF1812705_PWT1812705,Msg,Info_CAN,0x181,VCU_Debug,VCU_Debug4,27,5,,PT_CAN,0x181,VCU_Debug,VCU_Debug4,27,5,,SCF0
INF1820001_PWT1820001,Msg,Info_CAN,0x182,VCU_FS_A,VCU_FS_A_1,0,1,,PT_CAN,0x182,VCU_FS_A,VCU_FS_A_1,0,1,,SCF0
INF1820101_PWT1820101,Msg,Info_CAN,0x182,VCU_FS_A,VCU_FS_A_2,1,1,,PT_CAN,0x182,VCU_FS_A,VCU_FS_A_2,1,1,,SCF0
INF1820201_PWT1820201,Msg,Info_CAN,0x182,VCU_FS_A,VCU_FS_A_3,2,1,,PT_CAN,0x182,VCU_FS_A,VCU_FS_A_3,2,1,,SCF0
INF1820301_PWT1820301,Msg,Info_CAN,0x182,VCU_FS_A,VCU_FS_A_4,3,1,,PT_CAN,0x182,VCU_FS_A,VCU_FS_A_4,3,1,,SCF0
INF1820401_PWT1820401,Msg,Info_CAN,0x182,VCU_FS_A,VCU_FS_A_5,4,1,,PT_CAN,0x182,VCU_FS_A,VCU_FS_A_5,4,1,,SCF0
INF1820501_PWT1820501,Msg,Info_CAN,0x182,VCU_FS_A,VCU_FS_A_6,5,1,,PT_CAN,0x182,VCU_FS_A,VCU_FS_A_6,5,1,,SCF0
INF1820601_PWT1820601,Msg,Info_CAN,0x182,VCU_FS_A,VCU_FS_A_7,6,1,,PT_CAN,0x182,VCU_FS_A,VCU_FS_A_7,6,1,,SCF0
INF1820701_PWT1820701,Msg,Info_CAN,0x182,VCU_FS_A,VCU_FS_A_8,7,1,,PT_CAN,0x182,VCU_FS_A,VCU_FS_A_8,7,1,,SCF0
INF1820801_PWT1820801,Msg,Info_CAN,0x182,VCU_FS_A,VCU_FS_A_9,8,1,,PT_CAN,0x182,VCU_FS_A,VCU_FS_A_9,8,1,,SCF0
INF1820901_PWT1820901,Msg,Info_CAN,0x182,VCU_FS_A,VCU_FS_A_10,9,1,,PT_CAN,0x182,VCU_FS_A,VCU_FS_A_10,9,1,,SCF0
INF1821001_PWT1821001,Msg,Info_CAN,0x182,VCU_FS_A,VCU_FS_A_11,10,1,,PT_CAN,0x182,VCU_FS_A,VCU_FS_A_11,10,1,,SCF0
INF1821101_PWT1821101,Msg,Info_CAN,0x182,VCU_FS_A,VCU_FS_A_12,11,1,,PT_CAN,0x182,VCU_FS_A,VCU_FS_A_12,11,1,,SCF0
INF1821201_PWT1821201,Msg,Info_CAN,0x182,VCU_FS_A,VCU_FS_A_13,12,1,,PT_CAN,0x182,VCU_FS_A,VCU_FS_A_13,12,1,,SCF0
INF1821301_PWT1821301,Msg,Info_CAN,0x182,VCU_FS_A,VCU_FS_A_14,13,1,,PT_CAN,0x182,VCU_FS_A,VCU_FS_A_14,13,1,,SCF0
INF1821401_PWT1821401,Msg,Info_CAN,0x182,VCU_FS_A,VCU_FS_A_15,14,1,,PT_CAN,0x182,VCU_FS_A,VCU_FS_A_15,14,1,,SCF0
INF1821501_PWT1821501,Msg,Info_CAN,0x182,VCU_FS_A,VCU_FS_A_16,15,1,,PT_CAN,0x182,VCU_FS_A,VCU_FS_A_16,15,1,,SCF0
INF1821601_PWT1821601,Msg,Info_CAN,0x182,VCU_FS_A,VCU_FS_A_17,16,1,,PT_CAN,0x182,VCU_FS_A,VCU_FS_A_17,16,1,,SCF0
INF1821701_PWT1821701,Msg,Info_CAN,0x182,VCU_FS_A,VCU_FS_A_18,17,1,,PT_CAN,0x182,VCU_FS_A,VCU_FS_A_18,17,1,,SCF0
INF1821801_PWT1821801,Msg,Info_CAN,0x182,VCU_FS_A,VCU_FS_A_19,18,1,,PT_CAN,0x182,VCU_FS_A,VCU_FS_A_19,18,1,,SCF0
INF1821901_PWT1821901,Msg,Info_CAN,0x182,VCU_FS_A,VCU_FS_A_20,19,1,,PT_CAN,0x182,VCU_FS_A,VCU_FS_A_20,19,1,,SCF0
INF1822001_PWT1822001,Msg,Info_CAN,0x182,VCU_FS_A,VCU_FS_A_21,20,1,,PT_CAN,0x182,VCU_FS_A,VCU_FS_A_21,20,1,,SCF0
INF1822101_PWT1822101,Msg,Info_CAN,0x182,VCU_FS_A,VCU_FS_A_22,21,1,,PT_CAN,0x182,VCU_FS_A,VCU_FS_A_22,21,1,,SCF0
INF1822201_PWT1822201,Msg,Info_CAN,0x182,VCU_FS_A,VCU_FS_A_23,22,1,,PT_CAN,0x182,VCU_FS_A,VCU_FS_A_23,22,1,,SCF0
INF1822301_PWT1822301,Msg,Info_CAN,0x182,VCU_FS_A,VCU_FS_A_24,23,1,,PT_CAN,0x182,VCU_FS_A,VCU_FS_A_24,23,1,,SCF0
INF1822401_PWT1822401,Msg,Info_CAN,0x182,VCU_FS_A,VCU_FS_A_25,24,1,,PT_CAN,0x182,VCU_FS_A,VCU_FS_A_25,24,1,,SCF0
INF1822501_PWT1822501,Msg,Info_CAN,0x182,VCU_FS_A,VCU_FS_A_26,25,1,,PT_CAN,0x182,VCU_FS_A,VCU_FS_A_26,25,1,,SCF0
INF1822601_PWT1822601,Msg,Info_CAN,0x182,VCU_FS_A,VCU_FS_A_27,26,1,,PT_CAN,0x182,VCU_FS_A,VCU_FS_A_27,26,1,,SCF0
INF1822701_PWT1822701,Msg,Info_CAN,0x182,VCU_FS_A,VCU_FS_A_28,27,1,,PT_CAN,0x182,VCU_FS_A,VCU_FS_A_28,27,1,,SCF0
INF1822801_PWT1822801,Msg,Info_CAN,0x182,VCU_FS_A,VCU_FS_A_29,28,1,,PT_CAN,0x182,VCU_FS_A,VCU_FS_A_29,28,1,,SCF0
INF1822901_PWT1822901,Msg,Info_CAN,0x182,VCU_FS_A,VCU_FS_A_30,29,1,,PT_CAN,0x182,VCU_FS_A,VCU_FS_A_30,29,1,,SCF0
INF1823001_PWT1823001,Msg,Info_CAN,0x182,VCU_FS_A,VCU_FS_A_31,30,1,,PT_CAN,0x182,VCU_FS_A,VCU_FS_A_31,30,1,,SCF0
INF1823101_PWT1823101,Msg,Info_CAN,0x182,VCU_FS_A,VCU_FS_A_32,31,1,,PT_CAN,0x182,VCU_FS_A,VCU_FS_A_32,31,1,,SCF0
INF1823201_PWT1823201,Msg,Info_CAN,0x182,VCU_FS_A,VCU_FS_A_33,32,1,,PT_CAN,0x182,VCU_FS_A,VCU_FS_A_33,32,1,,SCF0
INF1823301_PWT1823301,Msg,Info_CAN,0x182,VCU_FS_A,VCU_FS_A_34,33,1,,PT_CAN,0x182,VCU_FS_A,VCU_FS_A_34,33,1,,SCF0
INF1823401_PWT1823401,Msg,Info_CAN,0x182,VCU_FS_A,VCU_FS_A_35,34,1,,PT_CAN,0x182,VCU_FS_A,VCU_FS_A_35,34,1,,SCF0
INF1823501_PWT1823501,Msg,Info_CAN,0x182,VCU_FS_A,VCU_FS_A_36,35,1,,PT_CAN,0x182,VCU_FS_A,VCU_FS_A_36,35,1,,SCF0
INF1823601_PWT1823601,Msg,Info_CAN,0x182,VCU_FS_A,VCU_FS_A_37,36,1,,PT_CAN,0x182,VCU_FS_A,VCU_FS_A_37,36,1,,SCF0
INF1823701_PWT1823701,Msg,Info_CAN,0x182,VCU_FS_A,VCU_FS_A_38,37,1,,PT_CAN,0x182,VCU_FS_A,VCU_FS_A_38,37,1,,SCF0
INF1823801_PWT1823801,Msg,Info_CAN,0x182,VCU_FS_A,VCU_FS_A_39,38,1,,PT_CAN,0x182,VCU_FS_A,VCU_FS_A_39,38,1,,SCF0
INF1823901_PWT1823901,Msg,Info_CAN,0x182,VCU_FS_A,VCU_FS_A_40,39,1,,PT_CAN,0x182,VCU_FS_A,VCU_FS_A_40,39,1,,SCF0
INF1824001_PWT1824001,Msg,Info_CAN,0x182,VCU_FS_A,VCU_FS_A_41,40,1,,PT_CAN,0x182,VCU_FS_A,VCU_FS_A_41,40,1,,SCF0
INF1824101_PWT1824101,Msg,Info_CAN,0x182,VCU_FS_A,VCU_FS_A_42,41,1,,PT_CAN,0x182,VCU_FS_A,VCU_FS_A_42,41,1,,SCF0
INF1824201_PWT1824201,Msg,Info_CAN,0x182,VCU_FS_A,VCU_FS_A_43,42,1,,PT_CAN,0x182,VCU_FS_A,VCU_FS_A_43,42,1,,SCF0
INF1824301_PWT1824301,Msg,Info_CAN,0x182,VCU_FS_A,VCU_FS_A_44,43,1,,PT_CAN,0x182,VCU_FS_A,VCU_FS_A_44,43,1,,SCF0
INF1824401_PWT1824401,Msg,Info_CAN,0x182,VCU_FS_A,VCU_FS_A_45,44,1,,PT_CAN,0x182,VCU_FS_A,VCU_FS_A_45,44,1,,SCF0
INF1824501_PWT1824501,Msg,Info_CAN,0x182,VCU_FS_A,VCU_FS_A_46,45,1,,PT_CAN,0x182,VCU_FS_A,VCU_FS_A_46,45,1,,SCF0
INF1824601_PWT1824601,Msg,Info_CAN,0x182,VCU_FS_A,VCU_FS_A_47,46,1,,PT_CAN,0x182,VCU_FS_A,VCU_FS_A_47,46,1,,SCF0
INF1824701_PWT1824701,Msg,Info_CAN,0x182,VCU_FS_A,VCU_FS_A_48,47,1,,PT_CAN,0x182,VCU_FS_A,VCU_FS_A_48,47,1,,SCF0
INF1824801_PWT1824801,Msg,Info_CAN,0x182,VCU_FS_A,VCU_FS_A_49,48,1,,PT_CAN,0x182,VCU_FS_A,VCU_FS_A_49,48,1,,SCF0
INF1824901_PWT1824901,Msg,Info_CAN,0x182,VCU_FS_A,VCU_FS_A_50,49,1,,PT_CAN,0x182,VCU_FS_A,VCU_FS_A_50,49,1,,SCF0
INF1825001_PWT1825001,Msg,Info_CAN,0x182,VCU_FS_A,VCU_FS_A_51,50,1,,PT_CAN,0x182,VCU_FS_A,VCU_FS_A_51,50,1,,SCF0
INF1825101_PWT1825101,Msg,Info_CAN,0x182,VCU_FS_A,VCU_FS_A_52,51,1,,PT_CAN,0x182,VCU_FS_A,VCU_FS_A_52,51,1,,SCF0
INF1825201_PWT1825201,Msg,Info_CAN,0x182,VCU_FS_A,VCU_FS_A_53,52,1,,PT_CAN,0x182,VCU_FS_A,VCU_FS_A_53,52,1,,SCF0
INF1825301_PWT1825301,Msg,Info_CAN,0x182,VCU_FS_A,VCU_FS_A_54,53,1,,PT_CAN,0x182,VCU_FS_A,VCU_FS_A_54,53,1,,SCF0
INF1825401_PWT1825401,Msg,Info_CAN,0x182,VCU_FS_A,VCU_FS_A_55,54,1,,PT_CAN,0x182,VCU_FS_A,VCU_FS_A_55,54,1,,SCF0
INF1825501_PWT1825501,Msg,Info_CAN,0x182,VCU_FS_A,VCU_FS_A_56,55,1,,PT_CAN,0x182,VCU_FS_A,VCU_FS_A_56,55,1,,SCF0
INF1825601_PWT1825601,Msg,Info_CAN,0x182,VCU_FS_A,VCU_FS_A_57,56,1,,PT_CAN,0x182,VCU_FS_A,VCU_FS_A_57,56,1,,SCF0
INF1825701_PWT1825701,Msg,Info_CAN,0x182,VCU_FS_A,VCU_FS_A_58,57,1,,PT_CAN,0x182,VCU_FS_A,VCU_FS_A_58,57,1,,SCF0
INF1825801_PWT1825801,Msg,Info_CAN,0x182,VCU_FS_A,VCU_FS_A_59,58,1,,PT_CAN,0x182,VCU_FS_A,VCU_FS_A_59,58,1,,SCF0
INF1825901_PWT1825901,Msg,Info_CAN,0x182,VCU_FS_A,VCU_FS_A_60,59,1,,PT_CAN,0x182,VCU_FS_A,VCU_FS_A_60,59,1,,SCF0
INF1826001_PWT1826001,Msg,Info_CAN,0x182,VCU_FS_A,VCU_FS_A_61,60,1,,PT_CAN,0x182,VCU_FS_A,VCU_FS_A_61,60,1,,SCF0
INF1826101_PWT1826101,Msg,Info_CAN,0x182,VCU_FS_A,VCU_FS_A_62,61,1,,PT_CAN,0x182,VCU_FS_A,VCU_FS_A_62,61,1,,SCF0
INF1826201_PWT1826201,Msg,Info_CAN,0x182,VCU_FS_A,VCU_FS_A_63,62,1,,PT_CAN,0x182,VCU_FS_A,VCU_FS_A_63,62,1,,SCF0
INF1826301_PWT1826301,Msg,Info_CAN,0x182,VCU_FS_A,VCU_FS_A_64,63,1,,PT_CAN,0x182,VCU_FS_A,VCU_FS_A_64,63,1,,SCF0
INF1830001_PWT1830001,Msg,Info_CAN,0x183,VCU_FS_B,VCU_FS_B_1,0,1,,PT_CAN,0x183,VCU_FS_B,VCU_FS_B_1,0,1,,SCF0
INF1830101_PWT1830101,Msg,Info_CAN,0x183,VCU_FS_B,VCU_FS_B_2,1,1,,PT_CAN,0x183,VCU_FS_B,VCU_FS_B_2,1,1,,SCF0
INF1830201_PWT1830201,Msg,Info_CAN,0x183,VCU_FS_B,VCU_FS_B_3,2,1,,PT_CAN,0x183,VCU_FS_B,VCU_FS_B_3,2,1,,SCF0
INF1830301_PWT1830301,Msg,Info_CAN,0x183,VCU_FS_B,VCU_FS_B_4,3,1,,PT_CAN,0x183,VCU_FS_B,VCU_FS_B_4,3,1,,SCF0
INF1830401_PWT1830401,Msg,Info_CAN,0x183,VCU_FS_B,VCU_FS_B_5,4,1,,PT_CAN,0x183,VCU_FS_B,VCU_FS_B_5,4,1,,SCF0
INF1830501_PWT1830501,Msg,Info_CAN,0x183,VCU_FS_B,VCU_FS_B_6,5,1,,PT_CAN,0x183,VCU_FS_B,VCU_FS_B_6,5,1,,SCF0
INF1830601_PWT1830601,Msg,Info_CAN,0x183,VCU_FS_B,VCU_FS_B_7,6,1,,PT_CAN,0x183,VCU_FS_B,VCU_FS_B_7,6,1,,SCF0
INF1830701_PWT1830701,Msg,Info_CAN,0x183,VCU_FS_B,VCU_FS_B_8,7,1,,PT_CAN,0x183,VCU_FS_B,VCU_FS_B_8,7,1,,SCF0
INF1830801_PWT1830801,Msg,Info_CAN,0x183,VCU_FS_B,VCU_FS_B_9,8,1,,PT_CAN,0x183,VCU_FS_B,VCU_FS_B_9,8,1,,SCF0
INF1830901_PWT1830901,Msg,Info_CAN,0x183,VCU_FS_B,VCU_FS_B_10,9,1,,PT_CAN,0x183,VCU_FS_B,VCU_FS_B_10,9,1,,SCF0
INF1831001_PWT1831001,Msg,Info_CAN,0x183,VCU_FS_B,VCU_FS_B_11,10,1,,PT_CAN,0x183,VCU_FS_B,VCU_FS_B_11,10,1,,SCF0
INF1831101_PWT1831101,Msg,Info_CAN,0x183,VCU_FS_B,VCU_FS_B_12,11,1,,PT_CAN,0x183,VCU_FS_B,VCU_FS_B_12,11,1,,SCF0
INF1831201_PWT1831201,Msg,Info_CAN,0x183,VCU_FS_B,VCU_FS_B_13,12,1,,PT_CAN,0x183,VCU_FS_B,VCU_FS_B_13,12,1,,SCF0
INF1831301_PWT1831301,Msg,Info_CAN,0x183,VCU_FS_B,VCU_FS_B_14,13,1,,PT_CAN,0x183,VCU_FS_B,VCU_FS_B_14,13,1,,SCF0
INF1831401_PWT1831401,Msg,Info_CAN,0x183,VCU_FS_B,VCU_FS_B_15,14,1,,PT_CAN,0x183,VCU_FS_B,VCU_FS_B_15,14,1,,SCF0
INF1831501_PWT1831501,Msg,Info_CAN,0x183,VCU_FS_B,VCU_FS_B_16,15,1,,PT_CAN,0x183,VCU_FS_B,VCU_FS_B_16,15,1,,SCF0
INF1831601_PWT1831601,Msg,Info_CAN,0x183,VCU_FS_B,VCU_FS_B_17,16,1,,PT_CAN,0x183,VCU_FS_B,VCU_FS_B_17,16,1,,SCF0
INF1831701_PWT1831701,Msg,Info_CAN,0x183,VCU_FS_B,VCU_FS_B_18,17,1,,PT_CAN,0x183,VCU_FS_B,VCU_FS_B_18,17,1,,SCF0
INF1831801_PWT1831801,Msg,Info_CAN,0x183,VCU_FS_B,VCU_FS_B_19,18,1,,PT_CAN,0x183,VCU_FS_B,VCU_FS_B_19,18,1,,SCF0
INF1831901_PWT1831901,Msg,Info_CAN,0x183,VCU_FS_B,VCU_FS_B_20,19,1,,PT_CAN,0x183,VCU_FS_B,VCU_FS_B_20,19,1,,SCF0
INF1832001_PWT1832001,Msg,Info_CAN,0x183,VCU_FS_B,VCU_FS_B_21,20,1,,PT_CAN,0x183,VCU_FS_B,VCU_FS_B_21,20,1,,SCF0
INF1832101_PWT1832101,Msg,Info_CAN,0x183,VCU_FS_B,VCU_FS_B_22,21,1,,PT_CAN,0x183,VCU_FS_B,VCU_FS_B_22,21,1,,SCF0
INF1832201_PWT1832201,Msg,Info_CAN,0x183,VCU_FS_B,VCU_FS_B_23,22,1,,PT_CAN,0x183,VCU_FS_B,VCU_FS_B_23,22,1,,SCF0
INF1832301_PWT1832301,Msg,Info_CAN,0x183,VCU_FS_B,VCU_FS_B_24,23,1,,PT_CAN,0x183,VCU_FS_B,VCU_FS_B_24,23,1,,SCF0
INF1832401_PWT1832401,Msg,Info_CAN,0x183,VCU_FS_B,VCU_FS_B_25,24,1,,PT_CAN,0x183,VCU_FS_B,VCU_FS_B_25,24,1,,SCF0
INF1832501_PWT1832501,Msg,Info_CAN,0x183,VCU_FS_B,VCU_FS_B_26,25,1,,PT_CAN,0x183,VCU_FS_B,VCU_FS_B_26,25,1,,SCF0
INF1832601_PWT1832601,Msg,Info_CAN,0x183,VCU_FS_B,VCU_FS_B_27,26,1,,PT_CAN,0x183,VCU_FS_B,VCU_FS_B_27,26,1,,SCF0
INF1832701_PWT1832701,Msg,Info_CAN,0x183,VCU_FS_B,VCU_FS_B_28,27,1,,PT_CAN,0x183,VCU_FS_B,VCU_FS_B_28,27,1,,SCF0
INF1832801_PWT1832801,Msg,Info_CAN,0x183,VCU_FS_B,VCU_FS_B_29,28,1,,PT_CAN,0x183,VCU_FS_B,VCU_FS_B_29,28,1,,SCF0
INF1832901_PWT1832901,Msg,Info_CAN,0x183,VCU_FS_B,VCU_FS_B_30,29,1,,PT_CAN,0x183,VCU_FS_B,VCU_FS_B_30,29,1,,SCF0
INF1833001_PWT1833001,Msg,Info_CAN,0x183,VCU_FS_B,VCU_FS_B_31,30,1,,PT_CAN,0x183,VCU_FS_B,VCU_FS_B_31,30,1,,SCF0
INF1833101_PWT1833101,Msg,Info_CAN,0x183,VCU_FS_B,VCU_FS_B_32,31,1,,PT_CAN,0x183,VCU_FS_B,VCU_FS_B_32,31,1,,SCF0
INF1833201_PWT1833201,Msg,Info_CAN,0x183,VCU_FS_B,VCU_FS_B_33,32,1,,PT_CAN,0x183,VCU_FS_B,VCU_FS_B_33,32,1,,SCF0
INF1833301_PWT1833301,Msg,Info_CAN,0x183,VCU_FS_B,VCU_FS_B_34,33,1,,PT_CAN,0x183,VCU_FS_B,VCU_FS_B_34,33,1,,SCF0
INF1833401_PWT1833401,Msg,Info_CAN,0x183,VCU_FS_B,VCU_FS_B_35,34,1,,PT_CAN,0x183,VCU_FS_B,VCU_FS_B_35,34,1,,SCF0
INF1833501_PWT1833501,Msg,Info_CAN,0x183,VCU_FS_B,VCU_FS_B_36,35,1,,PT_CAN,0x183,VCU_FS_B,VCU_FS_B_36,35,1,,SCF0
INF1833601_PWT1833601,Msg,Info_CAN,0x183,VCU_FS_B,VCU_FS_B_37,36,1,,PT_CAN,0x183,VCU_FS_B,VCU_FS_B_37,36,1,,SCF0
INF1833701_PWT1833701,Msg,Info_CAN,0x183,VCU_FS_B,VCU_FS_B_38,37,1,,PT_CAN,0x183,VCU_FS_B,VCU_FS_B_38,37,1,,SCF0
INF1833801_PWT1833801,Msg,Info_CAN,0x183,VCU_FS_B,VCU_FS_B_39,38,1,,PT_CAN,0x183,VCU_FS_B,VCU_FS_B_39,38,1,,SCF0
INF1833901_PWT1833901,Msg,Info_CAN,0x183,VCU_FS_B,VCU_FS_B_40,39,1,,PT_CAN,0x183,VCU_FS_B,VCU_FS_B_40,39,1,,SCF0
INF1834001_PWT1834001,Msg,Info_CAN,0x183,VCU_FS_B,VCU_FS_B_41,40,1,,PT_CAN,0x183,VCU_FS_B,VCU_FS_B_41,40,1,,SCF0
INF1834101_PWT1834101,Msg,Info_CAN,0x183,VCU_FS_B,VCU_FS_B_42,41,1,,PT_CAN,0x183,VCU_FS_B,VCU_FS_B_42,41,1,,SCF0
INF1834201_PWT1834201,Msg,Info_CAN,0x183,VCU_FS_B,VCU_FS_B_43,42,1,,PT_CAN,0x183,VCU_FS_B,VCU_FS_B_43,42,1,,SCF0
INF1834301_PWT1834301,Msg,Info_CAN,0x183,VCU_FS_B,VCU_FS_B_44,43,1,,PT_CAN,0x183,VCU_FS_B,VCU_FS_B_44,43,1,,SCF0
INF1834401_PWT1834401,Msg,Info_CAN,0x183,VCU_FS_B,VCU_FS_B_45,44,1,,PT_CAN,0x183,VCU_FS_B,VCU_FS_B_45,44,1,,SCF0
INF1834501_PWT1834501,Msg,Info_CAN,0x183,VCU_FS_B,VCU_FS_B_46,45,1,,PT_CAN,0x183,VCU_FS_B,VCU_FS_B_46,45,1,,SCF0
INF1834601_PWT1834601,Msg,Info_CAN,0x183,VCU_FS_B,VCU_FS_B_47,46,1,,PT_CAN,0x183,VCU_FS_B,VCU_FS_B_47,46,1,,SCF0
INF1834701_PWT1834701,Msg,Info_CAN,0x183,VCU_FS_B,VCU_FS_B_48,47,1,,PT_CAN,0x183,VCU_FS_B,VCU_FS_B_48,47,1,,SCF0
INF1834801_PWT1834801,Msg,Info_CAN,0x183,VCU_FS_B,VCU_FS_B_49,48,1,,PT_CAN,0x183,VCU_FS_B,VCU_FS_B_49,48,1,,SCF0
INF1834901_PWT1834901,Msg,Info_CAN,0x183,VCU_FS_B,VCU_FS_B_50,49,1,,PT_CAN,0x183,VCU_FS_B,VCU_FS_B_50,49,1,,SCF0
INF1835001_PWT1835001,Msg,Info_CAN,0x183,VCU_FS_B,VCU_FS_B_51,50,1,,PT_CAN,0x183,VCU_FS_B,VCU_FS_B_51,50,1,,SCF0
INF1835101_PWT1835101,Msg,Info_CAN,0x183,VCU_FS_B,VCU_FS_B_52,51,1,,PT_CAN,0x183,VCU_FS_B,VCU_FS_B_52,51,1,,SCF0
INF1835201_PWT1835201,Msg,Info_CAN,0x183,VCU_FS_B,VCU_FS_B_53,52,1,,PT_CAN,0x183,VCU_FS_B,VCU_FS_B_53,52,1,,SCF0
INF1835301_PWT1835301,Msg,Info_CAN,0x183,VCU_FS_B,VCU_FS_B_54,53,1,,PT_CAN,0x183,VCU_FS_B,VCU_FS_B_54,53,1,,SCF0
INF1835401_PWT1835401,Msg,Info_CAN,0x183,VCU_FS_B,VCU_FS_B_55,54,1,,PT_CAN,0x183,VCU_FS_B,VCU_FS_B_55,54,1,,SCF0
INF1835501_PWT1835501,Msg,Info_CAN,0x183,VCU_FS_B,VCU_FS_B_56,55,1,,PT_CAN,0x183,VCU_FS_B,VCU_FS_B_56,55,1,,SCF0
INF1835601_PWT1835601,Msg,Info_CAN,0x183,VCU_FS_B,VCU_FS_B_57,56,1,,PT_CAN,0x183,VCU_FS_B,VCU_FS_B_57,56,1,,SCF0
INF1835701_PWT1835701,Msg,Info_CAN,0x183,VCU_FS_B,VCU_FS_B_58,57,1,,PT_CAN,0x183,VCU_FS_B,VCU_FS_B_58,57,1,,SCF0
INF1835801_PWT1835801,Msg,Info_CAN,0x183,VCU_FS_B,VCU_FS_B_59,58,1,,PT_CAN,0x183,VCU_FS_B,VCU_FS_B_59,58,1,,SCF0
INF1835901_PWT1835901,Msg,Info_CAN,0x183,VCU_FS_B,VCU_FS_B_60,59,1,,PT_CAN,0x183,VCU_FS_B,VCU_FS_B_60,59,1,,SCF0
INF1836001_PWT1836001,Msg,Info_CAN,0x183,VCU_FS_B,VCU_FS_B_61,60,1,,PT_CAN,0x183,VCU_FS_B,VCU_FS_B_61,60,1,,SCF0
INF1836101_PWT1836101,Msg,Info_CAN,0x183,VCU_FS_B,VCU_FS_B_62,61,1,,PT_CAN,0x183,VCU_FS_B,VCU_FS_B_62,61,1,,SCF0
INF1836201_PWT1836201,Msg,Info_CAN,0x183,VCU_FS_B,VCU_FS_B_63,62,1,,PT_CAN,0x183,VCU_FS_B,VCU_FS_B_63,62,1,,SCF0
INF1836301_PWT1836301,Msg,Info_CAN,0x183,VCU_FS_B,VCU_FS_B_64,63,1,,PT_CAN,0x183,VCU_FS_B,VCU_FS_B_64,63,1,,SCF0
INF1A10708_PWT1A10708,Msg,Info_CAN,0x1a1,IDB_V_VEH,CHSKM_V_VEH,7,8,,PT_CAN,0x1a1,IDB_V_VEH,CHSKM_V_VEH,7,8,,SCF0
INF1A11104_PWT1A11104,Msg,Info_CAN,0x1a1,IDB_V_VEH,ALIV_V_VEH,11,4,,PT_CAN,0x1a1,IDB_V_VEH,ALIV_V_VEH,11,4,,SCF0
INF1A12316_PWT1A12316,Msg,Info_CAN,0x1a1,IDB_V_VEH,V_VEH_COG,23,16,,PT_CAN,0x1a1,IDB_V_VEH,V_VEH_COG,23,16,,SCF0
INF1A13503_PWT1A13503,Msg,Info_CAN,0x1a1,IDB_V_VEH,DVCO_VEH,35,3,,PT_CAN,0x1a1,IDB_V_VEH,DVCO_VEH,35,3,,SCF0
INF1A13904_PWT1A13904,Msg,Info_CAN,0x1a1,IDB_V_VEH,QU_V_VEH_COG,39,4,,PT_CAN,0x1a1,IDB_V_VEH,QU_V_VEH_COG,39,4,,SCF0
INF1F81504_PWT1F81504,Sig,Info_CAN,0x1f8,EDS_OutPut_FR,EDS_Work_STS_FR,15,4,,PT_CAN,0x1f8,EDS_OutPut_FR,EDS_Work_STS_FR,15,4,,SCF0
INF1F82316_PWT1F82316,Sig,Info_CAN,0x1f8,EDS_OutPut_FR,EDS_Spd_FR,23,16,,PT_CAN,0x1f8,EDS_OutPut_FR,EDS_Spd_FR,23,16,,SCF0
INF1F83302_PWT1F83302,Sig,Info_CAN,0x1f8,EDS_OutPut_FR,EDS_output_trqValid_FR,33,2,,PT_CAN,0x1f8,EDS_OutPut_FR,EDS_output_trqValid_FR,33,2,,SCF0
INF1F83502_PWT1F83502,Sig,Info_CAN,0x1f8,EDS_OutPut_FR,EDS_MotorDriveSts_FR,35,2,,PT_CAN,0x1f8,EDS_OutPut_FR,EDS_MotorDriveSts_FR,35,2,,SCF0
INF1F83702_PWT1F83702,Sig,Info_CAN,0x1f8,EDS_OutPut_FR,EDS_powoff_req_FR,37,2,,PT_CAN,0x1f8,EDS_OutPut_FR,EDS_powoff_req_FR,37,2,,SCF0
INF1F83902_PWT1F83902,Sig,Info_CAN,0x1f8,EDS_OutPut_FR,EDS_SpdValid_FR,39,2,,PT_CAN,0x1f8,EDS_OutPut_FR,EDS_SpdValid_FR,39,2,,SCF0
INF1F84716_PWT1F84716,Sig,Info_CAN,0x1f8,EDS_OutPut_FR,EDS_output_trq_FR,47,16,,PT_CAN,0x1f8,EDS_OutPut_FR,EDS_output_trq_FR,47,16,,SCF0
INF1F86302_PWT1F86302,Sig,Info_CAN,0x1f8,EDS_OutPut_FR,EDS_VCU_6SO_flag_FWD,63,2,,PT_CAN,0x1f8,EDS_OutPut_FR,EDS_VCU_6SO_flag_FWD,63,2,,SCF0
INF1F91504_PWT1F91504,Sig,Info_CAN,0x1f9,EDS_OutPut_RR,EDS_Work_STS_RR,15,4,,PT_CAN,0x1f9,EDS_OutPut_RR,EDS_Work_STS_RR,15,4,,SCF0
INF1F92316_PWT1F92316,Sig,Info_CAN,0x1f9,EDS_OutPut_RR,EDS_Spd_RR,23,16,,PT_CAN,0x1f9,EDS_OutPut_RR,EDS_Spd_RR,23,16,,SCF0
INF1F93302_PWT1F93302,Sig,Info_CAN,0x1f9,EDS_OutPut_RR,EDS_output_trqValid_RR,33,2,,PT_CAN,0x1f9,EDS_OutPut_RR,EDS_output_trqValid_RR,33,2,,SCF0
INF1F93502_PWT1F93502,Sig,Info_CAN,0x1f9,EDS_OutPut_RR,EDS_MotorDriveSts_RR,35,2,,PT_CAN,0x1f9,EDS_OutPut_RR,EDS_MotorDriveSts_RR,35,2,,SCF0
INF1F93702_PWT1F93702,Sig,Info_CAN,0x1f9,EDS_OutPut_RR,EDS_powoff_req_RR,37,2,,PT_CAN,0x1f9,EDS_OutPut_RR,EDS_powoff_req_RR,37,2,,SCF0
INF1F93902_PWT1F93902,Sig,Info_CAN,0x1f9,EDS_OutPut_RR,EDS_SpdValid_RR,39,2,,PT_CAN,0x1f9,EDS_OutPut_RR,EDS_SpdValid_RR,39,2,,SCF0
INF1F94716_PWT1F94716,Sig,Info_CAN,0x1f9,EDS_OutPut_RR,EDS_output_trq_RR,47,16,,PT_CAN,0x1f9,EDS_OutPut_RR,EDS_output_trq_RR,47,16,,SCF0
INF1F96302_PWT1F96302,Sig,Info_CAN,0x1f9,EDS_OutPut_RR,EDS_VCU_6SO_flag_RWD,63,2,,PT_CAN,0x1f9,EDS_OutPut_RR,EDS_VCU_6SO_flag_RWD,63,2,,SCF0
INF2050708_BAT2050708,Msg,Info_CAN,0x205,BMS_VolMeas1,Checksum_0x205,7,8,,BA_CAN,0x205,BMS_VolMeas1,Checksum_0x205,7,8,,SCF0
INF2051104_BAT2051104,Msg,Info_CAN,0x205,BMS_VolMeas1,Rolling_Counter_0x205,11,4,,BA_CAN,0x205,BMS_VolMeas1,Rolling_Counter_0x205,11,4,,SCF0
INF2052308_BAT2052308,Msg,Info_CAN,0x205,BMS_VolMeas1,BMS_CellNumMinCellVol,23,8,,BA_CAN,0x205,BMS_VolMeas1,BMS_CellNumMinCellVol,23,8,,SCF0
INF2053108_BAT2053108,Msg,Info_CAN,0x205,BMS_VolMeas1,BMS_CellNumMaxCellVol,31,8,,BA_CAN,0x205,BMS_VolMeas1,BMS_CellNumMaxCellVol,31,8,,SCF0
INF2053613_BAT2053613,Msg,Info_CAN,0x205,BMS_VolMeas1,BMS_MinCellVol,36,13,,BA_CAN,0x205,BMS_VolMeas1,BMS_MinCellVol,36,13,,SCF0
INF2055213_BAT2055213,Msg,Info_CAN,0x205,BMS_VolMeas1,BMS_MaxCellVol,52,13,,BA_CAN,0x205,BMS_VolMeas1,BMS_MaxCellVol,52,13,,SCF0
INF2070001_BOD2070001,Msg,Info_CAN,0x207,BCM_SunroofSts,SR_Undervoltage_Fault_Sts,0,1,,Body_CAN,0x207,BCM_SunroofSts,SR_Undervoltage_Fault_Sts,0,1,,SCF0
INF2070101_BOD2070101,Msg,Info_CAN,0x207,BCM_SunroofSts,SR_Overvoltage_Fault_Sts,1,1,,Body_CAN,0x207,BCM_SunroofSts,SR_Overvoltage_Fault_Sts,1,1,,SCF0
INF2070201_BOD2070201,Msg,Info_CAN,0x207,BCM_SunroofSts,SR_SLEEP_RQ,2,1,,Body_CAN,0x207,BCM_SunroofSts,SR_SLEEP_RQ,2,1,,SCF0
INF2070503_BOD2070503,Msg,Info_CAN,0x207,BCM_SunroofSts,SR_Position,5,3,,Body_CAN,0x207,BCM_SunroofSts,SR_Position,5,3,,SCF0
INF2070702_BOD2070702,Msg,Info_CAN,0x207,BCM_SunroofSts,SR_Motor_Running_Sts,7,2,,Body_CAN,0x207,BCM_SunroofSts,SR_Motor_Running_Sts,7,2,,SCF0
INF2070801_BOD2070801,Msg,Info_CAN,0x207,BCM_SunroofSts,SR_MotorReverse_Fault_Sts,8,1,,Body_CAN,0x207,BCM_SunroofSts,SR_MotorReverse_Fault_Sts,8,1,,SCF0
INF2070901_BOD2070901,Msg,Info_CAN,0x207,BCM_SunroofSts,SR_Hall_Fault_Sts,9,1,,Body_CAN,0x207,BCM_SunroofSts,SR_Hall_Fault_Sts,9,1,,SCF0
INF2071001_BOD2071001,Msg,Info_CAN,0x207,BCM_SunroofSts,SR_Normalisation_Sts,10,1,,Body_CAN,0x207,BCM_SunroofSts,SR_Normalisation_Sts,10,1,,SCF0
INF2071101_BOD2071101,Msg,Info_CAN,0x207,BCM_SunroofSts,SR_Relay_Fault,11,1,,Body_CAN,0x207,BCM_SunroofSts,SR_Relay_Fault,11,1,,SCF0
INF2071201_BOD2071201,Msg,Info_CAN,0x207,BCM_SunroofSts,SR_Commu_Fault_Sts,12,1,,Body_CAN,0x207,BCM_SunroofSts,SR_Commu_Fault_Sts,12,1,,SCF0
INF2071301_BOD2071301,Msg,Info_CAN,0x207,BCM_SunroofSts,SR_Initialisation_Status,13,1,,Body_CAN,0x207,BCM_SunroofSts,SR_Initialisation_Status,13,1,,SCF0
INF2071502_BOD2071502,Msg,Info_CAN,0x207,BCM_SunroofSts,SR_Ctrl_Result,15,2,,Body_CAN,0x207,BCM_SunroofSts,SR_Ctrl_Result,15,2,,SCF0
INF2071601_BOD2071601,Msg,Info_CAN,0x207,BCM_SunroofSts,SR_ThermalProtection_Fault_Sts,16,1,,Body_CAN,0x207,BCM_SunroofSts,SR_ThermalProtection_Fault_Sts,16,1,,SCF0
INF2072307_BOD2072307,Msg,Info_CAN,0x207,BCM_SunroofSts,SR_Posit_Percentage,23,7,,Body_CAN,0x207,BCM_SunroofSts,SR_Posit_Percentage,23,7,,SCF0
INF2072704_BOD2072704,Msg,Info_CAN,0x207,BCM_SunroofSts,SR_Operation_Stat,27,4,,Body_CAN,0x207,BCM_SunroofSts,SR_Operation_Stat,27,4,,SCF0
INF2072801_BOD2072801,Msg,Info_CAN,0x207,BCM_SunroofSts,SR_Error_RSP,28,1,,Body_CAN,0x207,BCM_SunroofSts,SR_Error_RSP,28,1,,SCF0
INF2080001_BOD2080001,Msg,Info_CAN,0x208,BCM_SunshadeSts,SS_MotorReverse_Fault_Status,0,1,,Body_CAN,0x208,BCM_SunshadeSts,SS_MotorReverse_Fault_Status,0,1,,SCF0
INF2080202_BOD2080202,Msg,Info_CAN,0x208,BCM_SunshadeSts,SS_Motor_Running_Status,2,2,,Body_CAN,0x208,BCM_SunshadeSts,SS_Motor_Running_Status,2,2,,SCF0
INF2080503_BOD2080503,Msg,Info_CAN,0x208,BCM_SunshadeSts,SS_Position,5,3,,Body_CAN,0x208,BCM_SunshadeSts,SS_Position,5,3,,SCF0
INF2080601_BOD2080601,Msg,Info_CAN,0x208,BCM_SunshadeSts,SS_SLEEP_RQ,6,1,,Body_CAN,0x208,BCM_SunshadeSts,SS_SLEEP_RQ,6,1,,SCF0
INF2080701_BOD2080701,Msg,Info_CAN,0x208,BCM_SunshadeSts,SS_Undervoltage_Fault_Status,7,1,,Body_CAN,0x208,BCM_SunshadeSts,SS_Undervoltage_Fault_Status,7,1,,SCF0
INF2080902_BOD2080902,Msg,Info_CAN,0x208,BCM_SunshadeSts,SS_Ctrl_Result,9,2,,Body_CAN,0x208,BCM_SunshadeSts,SS_Ctrl_Result,9,2,,SCF0
INF2081001_BOD2081001,Msg,Info_CAN,0x208,BCM_SunshadeSts,SS_Overvoltage_Fault_Status,10,1,,Body_CAN,0x208,BCM_SunshadeSts,SS_Overvoltage_Fault_Status,10,1,,SCF0
INF2081101_BOD2081101,Msg,Info_CAN,0x208,BCM_SunshadeSts,SS_Relay_Fault,11,1,,Body_CAN,0x208,BCM_SunshadeSts,SS_Relay_Fault,11,1,,SCF0
INF2081201_BOD2081201,Msg,Info_CAN,0x208,BCM_SunshadeSts,SS_Normalisation_Status,12,1,,Body_CAN,0x208,BCM_SunshadeSts,SS_Normalisation_Status,12,1,,SCF0
INF2081301_BOD2081301,Msg,Info_CAN,0x208,BCM_SunshadeSts,SS_Hall_Fault_Status,13,1,,Body_CAN,0x208,BCM_SunshadeSts,SS_Hall_Fault_Status,13,1,,SCF0
INF2081401_BOD2081401,Msg,Info_CAN,0x208,BCM_SunshadeSts,SS_Commu_Fault_Status,14,1,,Body_CAN,0x208,BCM_SunshadeSts,SS_Commu_Fault_Status,14,1,,SCF0
INF2081501_BOD2081501,Msg,Info_CAN,0x208,BCM_SunshadeSts,SS_Initialisation_Status,15,1,,Body_CAN,0x208,BCM_SunshadeSts,SS_Initialisation_Status,15,1,,SCF0
INF2082207_BOD2082207,Msg,Info_CAN,0x208,BCM_SunshadeSts,SS_Posit_Percentage,22,7,,Body_CAN,0x208,BCM_SunshadeSts,SS_Posit_Percentage,22,7,,SCF0
INF2082301_BOD2082301,Msg,Info_CAN,0x208,BCM_SunshadeSts,SS_ThermalProtection_Flt_Sts,23,1,,Body_CAN,0x208,BCM_SunshadeSts,SS_ThermalProtection_Flt_Sts,23,1,,SCF0
INF2083103_BOD2083103,Msg,Info_CAN,0x208,BCM_SunshadeSts,SS_Operation_State,31,3,,Body_CAN,0x208,BCM_SunshadeSts,SS_Operation_State,31,3,,SCF0
INF2085508_BOD2085508,Msg,Info_CAN,0x208,BCM_SunshadeSts,SECCAN_SunshadeSts,55,8,,Body_CAN,0x208,BCM_SunshadeSts,SECCAN_SunshadeSts,55,8,,SCF0
INF2086301_BOD2086301,Msg,Info_CAN,0x208,BCM_SunshadeSts,SS_Error_RSP,63,1,,Body_CAN,0x208,BCM_SunshadeSts,SS_Error_RSP,63,1,,SCF0
INF20A0203_BOD20A0203,Msg,Info_CAN,0x20a,ETG_STATUS,ETG_Lift_Gate_Status,2,3,,Body_CAN,0x20a,ETG_STATUS,ETG_Lift_Gate_Status,2,3,,SCF0
INF20A0503_BOD20A0503,Msg,Info_CAN,0x20a,ETG_STATUS,ETG_Power_Latch_Status,5,3,,Body_CAN,0x20a,ETG_STATUS,ETG_Power_Latch_Status,5,3,,SCF0
INF20A0702_BOD20A0702,Msg,Info_CAN,0x20a,ETG_STATUS,ETG_Latch_Segment,7,2,,Body_CAN,0x20a,ETG_STATUS,ETG_Latch_Segment,7,2,,SCF0
INF20A1508_BOD20A1508,Msg,Info_CAN,0x20a,ETG_STATUS,ETG_Opening_Percentage,15,8,,Body_CAN,0x20a,ETG_STATUS,ETG_Opening_Percentage,15,8,,SCF0
INF20A1601_BOD20A1601,Msg,Info_CAN,0x20a,ETG_STATUS,ETG_DSW_Status,16,1,,Body_CAN,0x20a,ETG_STATUS,ETG_DSW_Status,16,1,,SCF0
INF20A1701_BOD20A1701,Msg,Info_CAN,0x20a,ETG_STATUS,ETG_GSW_Status,17,1,,Body_CAN,0x20a,ETG_STATUS,ETG_GSW_Status,17,1,,SCF0
INF20A1801_BOD20A1801,Msg,Info_CAN,0x20a,ETG_STATUS,ETG_LTS_Status,18,1,,Body_CAN,0x20a,ETG_STATUS,ETG_LTS_Status,18,1,,SCF0
INF20A1901_BOD20A1901,Msg,Info_CAN,0x20a,ETG_STATUS,ETG_RTS_Status,19,1,,Body_CAN,0x20a,ETG_STATUS,ETG_RTS_Status,19,1,,SCF0
INF20A2001_BOD20A2001,Msg,Info_CAN,0x20a,ETG_STATUS,ETG_HAL_Status,20,1,,Body_CAN,0x20a,ETG_STATUS,ETG_HAL_Status,20,1,,SCF0
INF20A2101_BOD20A2101,Msg,Info_CAN,0x20a,ETG_STATUS,ETG_FUL_Status,21,1,,Body_CAN,0x20a,ETG_STATUS,ETG_FUL_Status,21,1,,SCF0
INF20A2201_BOD20A2201,Msg,Info_CAN,0x20a,ETG_STATUS,ETG_AJR_Status,22,1,,Body_CAN,0x20a,ETG_STATUS,ETG_AJR_Status,22,1,,SCF0
INF20A2301_BOD20A2301,Msg,Info_CAN,0x20a,ETG_STATUS,ETG_NTL_Status,23,1,,Body_CAN,0x20a,ETG_STATUS,ETG_NTL_Status,23,1,,SCF0
INF20A2502_BOD20A2502,Msg,Info_CAN,0x20a,ETG_STATUS,ETG_ERR_Voltage,25,2,,Body_CAN,0x20a,ETG_STATUS,ETG_ERR_Voltage,25,2,,SCF0
INF20A2702_BOD20A2702,Msg,Info_CAN,0x20a,ETG_STATUS,ETG_ERR_Left_Motor,27,2,,Body_CAN,0x20a,ETG_STATUS,ETG_ERR_Left_Motor,27,2,,SCF0
INF20A2902_BOD20A2902,Msg,Info_CAN,0x20a,ETG_STATUS,ETG_ERR_Right_Motor,29,2,,Body_CAN,0x20a,ETG_STATUS,ETG_ERR_Right_Motor,29,2,,SCF0
INF20A3102_BOD20A3102,Msg,Info_CAN,0x20a,ETG_STATUS,ETG_ERR_Latch,31,2,,Body_CAN,0x20a,ETG_STATUS,ETG_ERR_Latch,31,2,,SCF0
INF20A3302_BOD20A3302,Msg,Info_CAN,0x20a,ETG_STATUS,ETG_ERR_Hall,33,2,,Body_CAN,0x20a,ETG_STATUS,ETG_ERR_Hall,33,2,,SCF0
INF20A3401_BOD20A3401,Msg,Info_CAN,0x20a,ETG_STATUS,ETG_Lift_Motor_Stall,34,1,,Body_CAN,0x20a,ETG_STATUS,ETG_Lift_Motor_Stall,34,1,,SCF0
INF20A3501_BOD20A3501,Msg,Info_CAN,0x20a,ETG_STATUS,ETG_Lift_Motor_AntiPinch,35,1,,Body_CAN,0x20a,ETG_STATUS,ETG_Lift_Motor_AntiPinch,35,1,,SCF0
INF20A3601_BOD20A3601,Msg,Info_CAN,0x20a,ETG_STATUS,ETG_Lift_Motor_Thermal,36,1,,Body_CAN,0x20a,ETG_STATUS,ETG_Lift_Motor_Thermal,36,1,,SCF0
INF20A3701_BOD20A3701,Msg,Info_CAN,0x20a,ETG_STATUS,ETG_Power_Latch_Thermal,37,1,,Body_CAN,0x20a,ETG_STATUS,ETG_Power_Latch_Thermal,37,1,,SCF0
INF20A3801_BOD20A3801,Msg,Info_CAN,0x20a,ETG_STATUS,ETG_Abuse_Protection,38,1,,Body_CAN,0x20a,ETG_STATUS,ETG_Abuse_Protection,38,1,,SCF0
INF20B0001_BOD20B0001,Msg,Info_CAN,0x20b,BCM_FKS_STATUS,FKS_RespError,0,1,,Body_CAN,0x20b,BCM_FKS_STATUS,FKS_RespError,0,1,,SCF0
INF20B0202_BOD20B0202,Msg,Info_CAN,0x20b,BCM_FKS_STATUS,FKS_OpenReq,2,2,,Body_CAN,0x20b,BCM_FKS_STATUS,FKS_OpenReq,2,2,,SCF0
INF20B0301_BOD20B0301,Msg,Info_CAN,0x20b,BCM_FKS_STATUS,FKS_HWError,3,1,,Body_CAN,0x20b,BCM_FKS_STATUS,FKS_HWError,3,1,,SCF0
INF20B0502_BOD20B0502,Msg,Info_CAN,0x20b,BCM_FKS_STATUS,FKS_AntennaError,5,2,,Body_CAN,0x20b,BCM_FKS_STATUS,FKS_AntennaError,5,2,,SCF0
INF20B0601_BOD20B0601,Msg,Info_CAN,0x20b,BCM_FKS_STATUS,FKS_OverVolDected,6,1,,Body_CAN,0x20b,BCM_FKS_STATUS,FKS_OverVolDected,6,1,,SCF0
INF20B0701_BOD20B0701,Msg,Info_CAN,0x20b,BCM_FKS_STATUS,FKS_UnderVolDected,7,1,,Body_CAN,0x20b,BCM_FKS_STATUS,FKS_UnderVolDected,7,1,,SCF0
INF20B1002_BOD20B1002,Msg,Info_CAN,0x20b,BCM_FKS_STATUS,FKS_activate_deactivate,10,2,,Body_CAN,0x20b,BCM_FKS_STATUS,FKS_activate_deactivate,10,2,,SCF0
INF20D1302_CHA20D1302,Sig,Info_CAN,0x20d,IDB_STATUS,ESPTransRequestType,13,2,,Chassis_CAN,0x20d,IDB_STATUS,ESPTransRequestType,13,2,,SCF0
INF20D1401_CHA20D1401,Sig,Info_CAN,0x20d,IDB_STATUS,ABSFault,14,1,,Chassis_CAN,0x20d,IDB_STATUS,ABSFault,14,1,,SCF0
INF20D1501_CHA20D1501,Sig,Info_CAN,0x20d,IDB_STATUS,ABSActive,15,1,,Chassis_CAN,0x20d,IDB_STATUS,ABSActive,15,1,,SCF0
INF20D2313_CHA20D2313,Sig,Info_CAN,0x20d,IDB_STATUS,VehicleSpd,23,13,,Chassis_CAN,0x20d,IDB_STATUS,VehicleSpd,23,13,,SCF0
INF20D2401_CHA20D2401,Sig,Info_CAN,0x20d,IDB_STATUS,ESC_VehicleStandstill,24,1,,Chassis_CAN,0x20d,IDB_STATUS,ESC_VehicleStandstill,24,1,,SCF0
INF20D2501_CHA20D2501,Sig,Info_CAN,0x20d,IDB_STATUS,MCPressureSts,25,1,,Chassis_CAN,0x20d,IDB_STATUS,MCPressureSts,25,1,,SCF0
INF20D2601_CHA20D2601,Sig,Info_CAN,0x20d,IDB_STATUS,VehicleSpdSts,26,1,,Chassis_CAN,0x20d,IDB_STATUS,VehicleSpdSts,26,1,,SCF0
INF20D3908_CHA20D3908,Sig,Info_CAN,0x20d,IDB_STATUS,MCPressure,39,8,,Chassis_CAN,0x20d,IDB_STATUS,MCPressure,39,8,,SCF0
INF20D4001_CHA20D4001,Sig,Info_CAN,0x20d,IDB_STATUS,ESC_Braking_effort,40,1,,Chassis_CAN,0x20d,IDB_STATUS,ESC_Braking_effort,40,1,,SCF0
INF20D4202_CHA20D4202,Sig,Info_CAN,0x20d,IDB_STATUS,BRAKE_LightonRequestEPBi,42,2,,Chassis_CAN,0x20d,IDB_STATUS,BRAKE_LightonRequestEPBi,42,2,,SCF0
INF20D4301_CHA20D4301,Sig,Info_CAN,0x20d,IDB_STATUS,VDCActive,43,1,,Chassis_CAN,0x20d,IDB_STATUS,VDCActive,43,1,,SCF0
INF20D4401_CHA20D4401,Sig,Info_CAN,0x20d,IDB_STATUS,TCSActive,44,1,,Chassis_CAN,0x20d,IDB_STATUS,TCSActive,44,1,,SCF0
INF20D4501_CHA20D4501,Sig,Info_CAN,0x20d,IDB_STATUS,TCSAvailable,45,1,,Chassis_CAN,0x20d,IDB_STATUS,TCSAvailable,45,1,,SCF0
INF20D4601_CHA20D4601,Sig,Info_CAN,0x20d,IDB_STATUS,IDBActive,46,1,,Chassis_CAN,0x20d,IDB_STATUS,IDBActive,46,1,,SCF0
INF20D4701_CHA20D4701,Sig,Info_CAN,0x20d,IDB_STATUS,IDBFault,47,1,,Chassis_CAN,0x20d,IDB_STATUS,IDBFault,47,1,,SCF0
INF20D5102_CHA20D5102,Sig,Info_CAN,0x20d,IDB_STATUS,ESC_VehicleHoldStat,51,2,,Chassis_CAN,0x20d,IDB_STATUS,ESC_VehicleHoldStat,51,2,,SCF0
INF20D5504_CHA20D5504,Sig,Info_CAN,0x20d,IDB_STATUS,IDB_Power_Stage,55,4,,Chassis_CAN,0x20d,IDB_STATUS,IDB_Power_Stage,55,4,,SCF0
INF20D5601_CHA20D5601,Sig,Info_CAN,0x20d,IDB_STATUS,ESC_BrakeReleasedFailsafe,56,1,,Chassis_CAN,0x20d,IDB_STATUS,ESC_BrakeReleasedFailsafe,56,1,,SCF0
INF2140708_BAT2140708,Msg,Info_CAN,0x214,BMS_Sts_0x214,Checksum_0x214,7,8,,BA_CAN,0x214,BMS_Sts_0x214,Checksum_0x214,7,8,,SCF0
INF2141104_BAT2141104,Msg,Info_CAN,0x214,BMS_Sts_0x214,Rolling_Counter_0x214,11,4,,BA_CAN,0x214,BMS_Sts_0x214,Rolling_Counter_0x214,11,4,,SCF0
INF2142110_BAT2142110,Msg,Info_CAN,0x214,BMS_Sts_0x214,BMS_Display_SOC,21,10,,BA_CAN,0x214,BMS_Sts_0x214,BMS_Display_SOC,21,10,,SCF0
INF2150708_BAT2150708,Msg,Info_CAN,0x215,BMS_Sts,Checksum_0x215,7,8,,BA_CAN,0x215,BMS_Sts,Checksum_0x215,7,8,,SCF0
INF2151104_BAT2151104,Msg,Info_CAN,0x215,BMS_Sts,Rolling_Counter_0x215,11,4,,BA_CAN,0x215,BMS_Sts,Rolling_Counter_0x215,11,4,,SCF0
INF2151201_BAT2151201,Msg,Info_CAN,0x215,BMS_Sts,BMS_BatBalance_ERR,12,1,,BA_CAN,0x215,BMS_Sts,BMS_BatBalance_ERR,12,1,,SCF0
INF2151301_BAT2151301,Msg,Info_CAN,0x215,BMS_Sts,BMS_Balance_STS,13,1,,BA_CAN,0x215,BMS_Sts,BMS_Balance_STS,13,1,,SCF0
INF2151401_BAT2151401,Msg,Info_CAN,0x215,BMS_Sts,BMS_IGN_Sts,14,1,,BA_CAN,0x215,BMS_Sts,BMS_IGN_Sts,14,1,,SCF0
INF2151501_BAT2151501,Msg,Info_CAN,0x215,BMS_Sts,BMS_HWCrash_Sts,15,1,,BA_CAN,0x215,BMS_Sts,BMS_HWCrash_Sts,15,1,,SCF0
INF2151702_BAT2151702,Msg,Info_CAN,0x215,BMS_Sts,BMS_HVIL_STS,17,2,,BA_CAN,0x215,BMS_Sts,BMS_HVIL_STS,17,2,,SCF0
INF2151902_BAT2151902,Msg,Info_CAN,0x215,BMS_Sts,BMS_HVOnOff_STS,19,2,,BA_CAN,0x215,BMS_Sts,BMS_HVOnOff_STS,19,2,,SCF0
INF2152304_BAT2152304,Msg,Info_CAN,0x215,BMS_Sts,BMS_ERR_LEV,23,4,,BA_CAN,0x215,BMS_Sts,BMS_ERR_LEV,23,4,,SCF0
INF2152510_BAT2152510,Msg,Info_CAN,0x215,BMS_Sts,BMS_SocActual_EST,25,10,,BA_CAN,0x215,BMS_Sts,BMS_SocActual_EST,25,10,,SCF0
INF2152904_BAT2152904,Msg,Info_CAN,0x215,BMS_Sts,BMS_Sys_STS,29,4,,BA_CAN,0x215,BMS_Sts,BMS_Sys_STS,29,4,,SCF0
INF2153102_BAT2153102,Msg,Info_CAN,0x215,BMS_Sts,BMS_ISU_Status,31,2,,BA_CAN,0x215,BMS_Sts,BMS_ISU_Status,31,2,,SCF0
INF2154708_BAT2154708,Msg,Info_CAN,0x215,BMS_Sts,BMS_SOH,47,8,,BA_CAN,0x215,BMS_Sts,BMS_SOH,47,8,,SCF0
INF2155508_BAT2155508,Msg,Info_CAN,0x215,BMS_Sts,BMS_SOE,55,8,,BA_CAN,0x215,BMS_Sts,BMS_SOE,55,8,,SCF0
INF2156308_BAT2156308,Msg,Info_CAN,0x215,BMS_Sts,BMS_HV_Sts,63,8,,BA_CAN,0x215,BMS_Sts,BMS_HV_Sts,63,8,,SCF0
INF2160708_BAT2160708,Msg,Info_CAN,0x216,BMS_ChgParamReq,Checksum_0x216,7,8,,BA_CAN,0x216,BMS_ChgParamReq,Checksum_0x216,7,8,,SCF0
INF2161104_BAT2161104,Msg,Info_CAN,0x216,BMS_ChgParamReq,Rolling_Counter_0x216,11,4,,BA_CAN,0x216,BMS_ChgParamReq,Rolling_Counter_0x216,11,4,,SCF0
INF2162114_BAT2162114,Msg,Info_CAN,0x216,BMS_ChgParamReq,BMS_RemainChargeTime,21,14,,BA_CAN,0x216,BMS_ChgParamReq,BMS_RemainChargeTime,21,14,,SCF0
INF2163714_BAT2163714,Msg,Info_CAN,0x216,BMS_ChgParamReq,BMS_ChgVoltage_REQ,37,14,,BA_CAN,0x216,BMS_ChgParamReq,BMS_ChgVoltage_REQ,37,14,,SCF0
INF2165516_BAT2165516,Msg,Info_CAN,0x216,BMS_ChgParamReq,BMS_ChgCurrent_REQ,55,16,,BA_CAN,0x216,BMS_ChgParamReq,BMS_ChgCurrent_REQ,55,16,,SCF0
INF2220703_BOD2A20703,Msg,Info_CAN,0x222,SeatMassage_Output,DrvSeatMsgModeStat,7,3,,Body_CAN,0x2a2,SeatMassage_Output,DrvSeatMsgModeStat,7,3,,SCF0
INF2221503_BOD2A21503,Msg,Info_CAN,0x222,SeatMassage_Output,PassSeatMsgModeStat,15,3,,Body_CAN,0x2a2,SeatMassage_Output,PassSeatMsgModeStat,15,3,,SCF0
INF2222303_BOD2A22303,Msg,Info_CAN,0x222,SeatMassage_Output,RearDrvSeatMsgModeStat,23,3,,Body_CAN,0x2a2,SeatMassage_Output,RearDrvSeatMsgModeStat,23,3,,SCF0
INF2223103_BOD2A23103,Msg,Info_CAN,0x222,SeatMassage_Output,RearPassSeatMsgModeStat,31,3,,Body_CAN,0x2a2,SeatMassage_Output,RearPassSeatMsgModeStat,31,3,,SCF0
INF2223301_BOD2A23301,Msg,Info_CAN,0x222,SeatMassage_Output,LSSM_ALINResErr,33,1,,Body_CAN,0x2a2,SeatMassage_Output,LSSM_ALINResErr,33,1,,SCF0
INF2223502_BOD2A23502,Msg,Info_CAN,0x222,SeatMassage_Output,LSSM_APumpFail,35,2,,Body_CAN,0x2a2,SeatMassage_Output,LSSM_APumpFail,35,2,,SCF0
INF2223903_BOD2A23903,Msg,Info_CAN,0x222,SeatMassage_Output,DrvSeatMsgStrLvlStat,39,3,,Body_CAN,0x2a2,SeatMassage_Output,DrvSeatMsgStrLvlStat,39,3,,SCF0
INF2224101_BOD2A24101,Msg,Info_CAN,0x222,SeatMassage_Output,LSSM_BLINResErr,41,1,,Body_CAN,0x2a2,SeatMassage_Output,LSSM_BLINResErr,41,1,,SCF0
INF2224302_BOD2A24302,Msg,Info_CAN,0x222,SeatMassage_Output,LSSM_BPumpFail,43,2,,Body_CAN,0x2a2,SeatMassage_Output,LSSM_BPumpFail,43,2,,SCF0
INF2224703_BOD2A24703,Msg,Info_CAN,0x222,SeatMassage_Output,PassSeatMsgStrLvlStat,47,3,,Body_CAN,0x2a2,SeatMassage_Output,PassSeatMsgStrLvlStat,47,3,,SCF0
INF2224901_BOD2A24901,Msg,Info_CAN,0x222,SeatMassage_Output,LSSM_CLINResErr,49,1,,Body_CAN,0x2a2,SeatMassage_Output,LSSM_CLINResErr,49,1,,SCF0
INF2225102_BOD2A25102,Msg,Info_CAN,0x222,SeatMassage_Output,LSSM_CPumpFail,51,2,,Body_CAN,0x2a2,SeatMassage_Output,LSSM_CPumpFail,51,2,,SCF0
INF2225503_BOD2A25503,Msg,Info_CAN,0x222,SeatMassage_Output,RearDrvSeatMsgStrLvlStat,55,3,,Body_CAN,0x2a2,SeatMassage_Output,RearDrvSeatMsgStrLvlStat,55,3,,SCF0
INF2225701_BOD2A25701,Msg,Info_CAN,0x222,SeatMassage_Output,LSSM_DLINResErr,57,1,,Body_CAN,0x2a2,SeatMassage_Output,LSSM_DLINResErr,57,1,,SCF0
INF2225902_BOD2A25902,Msg,Info_CAN,0x222,SeatMassage_Output,LSSM_DPumpFail,59,2,,Body_CAN,0x2a2,SeatMassage_Output,LSSM_DPumpFail,59,2,,SCF0
INF2226303_BOD2A26303,Msg,Info_CAN,0x222,SeatMassage_Output,RearPassSeatMsgStrLvlStat,63,3,,Body_CAN,0x2a2,SeatMassage_Output,RearPassSeatMsgStrLvlStat,63,3,,SCF0
INF2250708_BAT2250708,Msg,Info_CAN,0x225,BMS_FaultMgr_0x225,Checksum_0x225,7,8,,BA_CAN,0x225,BMS_FaultMgr_0x225,Checksum_0x225,7,8,,SCF0
INF2251104_BAT2251104,Msg,Info_CAN,0x225,BMS_FaultMgr_0x225,Rolling_Counter_0x225,11,4,,BA_CAN,0x225,BMS_FaultMgr_0x225,Rolling_Counter_0x225,11,4,,SCF0
INF2251201_BAT2251201,Msg,Info_CAN,0x225,BMS_FaultMgr_0x225,CDM_bAcvCanComStblMon,12,1,,BA_CAN,0x225,BMS_FaultMgr_0x225,CDM_bAcvCanComStblMon,12,1,,SCF0
INF2251301_BAT2251301,Msg,Info_CAN,0x225,BMS_FaultMgr_0x225,FRMo_bErrHvbatStReqExtMon,13,1,,BA_CAN,0x225,BMS_FaultMgr_0x225,FRMo_bErrHvbatStReqExtMon,13,1,,SCF0
INF2251401_BAT2251401,Msg,Info_CAN,0x225,BMS_FaultMgr_0x225,FRMo_bErrChrgnAllwdExtMon,14,1,,BA_CAN,0x225,BMS_FaultMgr_0x225,FRMo_bErrChrgnAllwdExtMon,14,1,,SCF0
INF2251501_BAT2251501,Msg,Info_CAN,0x225,BMS_FaultMgr_0x225,FRMo_bErrVehCrashStExtMon,15,1,,BA_CAN,0x225,BMS_FaultMgr_0x225,FRMo_bErrVehCrashStExtMon,15,1,,SCF0
INF2251601_BAT2251601,Msg,Info_CAN,0x225,BMS_FaultMgr_0x225,CDM_bErrComctnLossCanMon,16,1,,BA_CAN,0x225,BMS_FaultMgr_0x225,CDM_bErrComctnLossCanMon,16,1,,SCF0
INF2251701_BAT2251701,Msg,Info_CAN,0x225,BMS_FaultMgr_0x225,CTCMon_bErrCtctrSopcMon,17,1,,BA_CAN,0x225,BMS_FaultMgr_0x225,CTCMon_bErrCtctrSopcMon,17,1,,SCF0
INF2251801_BAT2251801,Msg,Info_CAN,0x225,BMS_FaultMgr_0x225,CTCMon_bInvldCtctrHisdIFbMon,18,1,,BA_CAN,0x225,BMS_FaultMgr_0x225,CTCMon_bInvldCtctrHisdIFbMon,18,1,,SCF0
INF2251901_BAT2251901,Msg,Info_CAN,0x225,BMS_FaultMgr_0x225,CTCMon_bInvldCtctrLosdUFbMon,19,1,,BA_CAN,0x225,BMS_FaultMgr_0x225,CTCMon_bInvldCtctrLosdUFbMon,19,1,,SCF0
INF2252001_BAT2252001,Msg,Info_CAN,0x225,BMS_FaultMgr_0x225,CTM_bErrCellTDifMaxMon,20,1,,BA_CAN,0x225,BMS_FaultMgr_0x225,CTM_bErrCellTDifMaxMon,20,1,,SCF0
INF2252101_BAT2252101,Msg,Info_CAN,0x225,BMS_FaultMgr_0x225,CTM_bErrCellTMaxMon,21,1,,BA_CAN,0x225,BMS_FaultMgr_0x225,CTM_bErrCellTMaxMon,21,1,,SCF0
INF2252201_BAT2252201,Msg,Info_CAN,0x225,BMS_FaultMgr_0x225,CTM_bErrCellTMinMon,22,1,,BA_CAN,0x225,BMS_FaultMgr_0x225,CTM_bErrCellTMinMon,22,1,,SCF0
INF2252301_BAT2252301,Msg,Info_CAN,0x225,BMS_FaultMgr_0x225,CTM_bErrThrwyPredMon,23,1,,BA_CAN,0x225,BMS_FaultMgr_0x225,CTM_bErrThrwyPredMon,23,1,,SCF0
INF2252401_BAT2252401,Msg,Info_CAN,0x225,BMS_FaultMgr_0x225,CUM_bErrCellUDifMaxMon,24,1,,BA_CAN,0x225,BMS_FaultMgr_0x225,CUM_bErrCellUDifMaxMon,24,1,,SCF0
INF2252501_BAT2252501,Msg,Info_CAN,0x225,BMS_FaultMgr_0x225,CUM_bErrCellUMaxMon,25,1,,BA_CAN,0x225,BMS_FaultMgr_0x225,CUM_bErrCellUMaxMon,25,1,,SCF0
INF2252601_BAT2252601,Msg,Info_CAN,0x225,BMS_FaultMgr_0x225,CUM_bErrCellUMinMon,26,1,,BA_CAN,0x225,BMS_FaultMgr_0x225,CUM_bErrCellUMinMon,26,1,,SCF0
INF2252701_BAT2252701,Msg,Info_CAN,0x225,BMS_FaultMgr_0x225,CUM_bErrCellUProtnMaxNvMon,27,1,,BA_CAN,0x225,BMS_FaultMgr_0x225,CUM_bErrCellUProtnMaxNvMon,27,1,,SCF0
INF2252801_BAT2252801,Msg,Info_CAN,0x225,BMS_FaultMgr_0x225,CUM_bErrCellUProtnMinNvMon,28,1,,BA_CAN,0x225,BMS_FaultMgr_0x225,CUM_bErrCellUProtnMinNvMon,28,1,,SCF0
INF2252901_BAT2252901,Msg,Info_CAN,0x225,BMS_FaultMgr_0x225,CUM_bErrPackUImplyMon,29,1,,BA_CAN,0x225,BMS_FaultMgr_0x225,CUM_bErrPackUImplyMon,29,1,,SCF0
INF2253001_BAT2253001,Msg,Info_CAN,0x225,BMS_FaultMgr_0x225,EHPMon_bRdyHvilMon,30,1,,BA_CAN,0x225,BMS_FaultMgr_0x225,EHPMon_bRdyHvilMon,30,1,,SCF0
INF2253101_BAT2253101,Msg,Info_CAN,0x225,BMS_FaultMgr_0x225,EHPMon_bErrWlddNegNvMon,31,1,,BA_CAN,0x225,BMS_FaultMgr_0x225,EHPMon_bErrWlddNegNvMon,31,1,,SCF0
INF2253201_BAT2253201,Msg,Info_CAN,0x225,BMS_FaultMgr_0x225,EHPMon_bErrWlddPosNvMon,32,1,,BA_CAN,0x225,BMS_FaultMgr_0x225,EHPMon_bErrWlddPosNvMon,32,1,,SCF0
INF2253301_BAT2253301,Msg,Info_CAN,0x225,BMS_FaultMgr_0x225,EHPMon_bErrWlddPrechNvMon,33,1,,BA_CAN,0x225,BMS_FaultMgr_0x225,EHPMon_bErrWlddPrechNvMon,33,1,,SCF0
INF2253401_BAT2253401,Msg,Info_CAN,0x225,BMS_FaultMgr_0x225,EHPMon_bErrHvilMon,34,1,,BA_CAN,0x225,BMS_FaultMgr_0x225,EHPMon_bErrHvilMon,34,1,,SCF0
INF2253501_BAT2253501,Msg,Info_CAN,0x225,BMS_FaultMgr_0x225,EHPMon_bErrHvilShoMon,35,1,,BA_CAN,0x225,BMS_FaultMgr_0x225,EHPMon_bErrHvilShoMon,35,1,,SCF0
INF2253601_BAT2253601,Msg,Info_CAN,0x225,BMS_FaultMgr_0x225,EHPMon_bErrPackIslnRNvMon,36,1,,BA_CAN,0x225,BMS_FaultMgr_0x225,EHPMon_bErrPackIslnRNvMon,36,1,,SCF0
INF2253701_BAT2253701,Msg,Info_CAN,0x225,BMS_FaultMgr_0x225,EHPMon_bErrVehCrashNvMon,37,1,,BA_CAN,0x225,BMS_FaultMgr_0x225,EHPMon_bErrVehCrashNvMon,37,1,,SCF0
INF2253801_BAT2253801,Msg,Info_CAN,0x225,BMS_FaultMgr_0x225,EHPMon_bErrVehIslnRNvMon,38,1,,BA_CAN,0x225,BMS_FaultMgr_0x225,EHPMon_bErrVehIslnRNvMon,38,1,,SCF0
INF2253901_BAT2253901,Msg,Info_CAN,0x225,BMS_FaultMgr_0x225,FRMo_bErrMemStorgNvMon,39,1,,BA_CAN,0x225,BMS_FaultMgr_0x225,FRMo_bErrMemStorgNvMon,39,1,,SCF0
INF2254001_BAT2254001,Msg,Info_CAN,0x225,BMS_FaultMgr_0x225,L1IM_bErrClmp30MaxMonInp,40,1,,BA_CAN,0x225,BMS_FaultMgr_0x225,L1IM_bErrClmp30MaxMonInp,40,1,,SCF0
INF2254101_BAT2254101,Msg,Info_CAN,0x225,BMS_FaultMgr_0x225,L1IM_bErrClmp30MinMonInp,41,1,,BA_CAN,0x225,BMS_FaultMgr_0x225,L1IM_bErrClmp30MinMonInp,41,1,,SCF0
INF2254201_BAT2254201,Msg,Info_CAN,0x225,BMS_FaultMgr_0x225,L1IM_bErrCtctrDtrtMonInp,42,1,,BA_CAN,0x225,BMS_FaultMgr_0x225,L1IM_bErrCtctrDtrtMonInp,42,1,,SCF0
INF2254301_BAT2254301,Msg,Info_CAN,0x225,BMS_FaultMgr_0x225,L1IM_bErrUActImplyMonInp,43,1,,BA_CAN,0x225,BMS_FaultMgr_0x225,L1IM_bErrUActImplyMonInp,43,1,,SCF0
INF2254401_BAT2254401,Msg,Info_CAN,0x225,BMS_FaultMgr_0x225,MCCM_bAcvMdulCtlrStsMon,44,1,,BA_CAN,0x225,BMS_FaultMgr_0x225,MCCM_bAcvMdulCtlrStsMon,44,1,,SCF0
INF2254501_BAT2254501,Msg,Info_CAN,0x225,BMS_FaultMgr_0x225,MCCM_bErrLntecSngFltMon,45,1,,BA_CAN,0x225,BMS_FaultMgr_0x225,MCCM_bErrLntecSngFltMon,45,1,,SCF0
INF2254601_BAT2254601,Msg,Info_CAN,0x225,BMS_FaultMgr_0x225,MCCM_bErrLntecLtntFltMon,46,1,,BA_CAN,0x225,BMS_FaultMgr_0x225,MCCM_bErrLntecLtntFltMon,46,1,,SCF0
INF2254701_BAT2254701,Msg,Info_CAN,0x225,BMS_FaultMgr_0x225,MCCM_bErrMdulCellSnsrCfgMon,47,1,,BA_CAN,0x225,BMS_FaultMgr_0x225,MCCM_bErrMdulCellSnsrCfgMon,47,1,,SCF0
INF2254801_BAT2254801,Msg,Info_CAN,0x225,BMS_FaultMgr_0x225,MCCM_bErrMdulCtlrComMon,48,1,,BA_CAN,0x225,BMS_FaultMgr_0x225,MCCM_bErrMdulCtlrComMon,48,1,,SCF0
INF2254901_BAT2254901,Msg,Info_CAN,0x225,BMS_FaultMgr_0x225,MCCM_bErrSnsrTEltlMon,49,1,,BA_CAN,0x225,BMS_FaultMgr_0x225,MCCM_bErrSnsrTEltlMon,49,1,,SCF0
INF2255001_BAT2255001,Msg,Info_CAN,0x225,BMS_FaultMgr_0x225,MCCM_bWarnSnsrTEltlMon,50,1,,BA_CAN,0x225,BMS_FaultMgr_0x225,MCCM_bWarnSnsrTEltlMon,50,1,,SCF0
INF2255101_BAT2255101,Msg,Info_CAN,0x225,BMS_FaultMgr_0x225,PCM_bRdySnsrIMon,51,1,,BA_CAN,0x225,BMS_FaultMgr_0x225,PCM_bRdySnsrIMon,51,1,,SCF0
INF2255201_BAT2255201,Msg,Info_CAN,0x225,BMS_FaultMgr_0x225,PCM_bErrPackEFlowMaxLimMon,52,1,,BA_CAN,0x225,BMS_FaultMgr_0x225,PCM_bErrPackEFlowMaxLimMon,52,1,,SCF0
INF2255301_BAT2255301,Msg,Info_CAN,0x225,BMS_FaultMgr_0x225,PCM_bErrPackIChDchaMaxLimMon,53,1,,BA_CAN,0x225,BMS_FaultMgr_0x225,PCM_bErrPackIChDchaMaxLimMon,53,1,,SCF0
INF2255401_BAT2255401,Msg,Info_CAN,0x225,BMS_FaultMgr_0x225,PCM_bErrSnsrIImplyMon,54,1,,BA_CAN,0x225,BMS_FaultMgr_0x225,PCM_bErrSnsrIImplyMon,54,1,,SCF0
INF2255501_BAT2255501,Msg,Info_CAN,0x225,BMS_FaultMgr_0x225,FRMo_bErrSnsrI1ExtMon,55,1,,BA_CAN,0x225,BMS_FaultMgr_0x225,FRMo_bErrSnsrI1ExtMon,55,1,,SCF0
INF2255601_BAT2255601,Msg,Info_CAN,0x225,BMS_FaultMgr_0x225,PCM_bInvldSnsrI1Mon,56,1,,BA_CAN,0x225,BMS_FaultMgr_0x225,PCM_bInvldSnsrI1Mon,56,1,,SCF0
INF2255701_BAT2255701,Msg,Info_CAN,0x225,BMS_FaultMgr_0x225,PCM_bInvldSnsrI2Mon,57,1,,BA_CAN,0x225,BMS_FaultMgr_0x225,PCM_bInvldSnsrI2Mon,57,1,,SCF0
INF2255801_BAT2255801,Msg,Info_CAN,0x225,BMS_FaultMgr_0x225,FRMo_bErrSopcLvl3Mon,58,1,,BA_CAN,0x225,BMS_FaultMgr_0x225,FRMo_bErrSopcLvl3Mon,58,1,,SCF0
INF2255901_BAT2255901,Msg,Info_CAN,0x225,BMS_FaultMgr_0x225,BMS_FRMo_Reserved_1,59,1,,BA_CAN,0x225,BMS_FaultMgr_0x225,BMS_FRMo_Reserved_1,59,1,,SCF0
INF2256001_BAT2256001,Msg,Info_CAN,0x225,BMS_FaultMgr_0x225,BMS_FRMo_Reserved_2,60,1,,BA_CAN,0x225,BMS_FaultMgr_0x225,BMS_FRMo_Reserved_2,60,1,,SCF0
INF2256101_BAT2256101,Msg,Info_CAN,0x225,BMS_FaultMgr_0x225,BMS_FRMo_Reserved_3,61,1,,BA_CAN,0x225,BMS_FaultMgr_0x225,BMS_FRMo_Reserved_3,61,1,,SCF0
INF2256201_BAT2256201,Msg,Info_CAN,0x225,BMS_FaultMgr_0x225,BMS_FRMo_Reserved_4,62,1,,BA_CAN,0x225,BMS_FaultMgr_0x225,BMS_FRMo_Reserved_4,62,1,,SCF0
INF2256301_BAT2256301,Msg,Info_CAN,0x225,BMS_FaultMgr_0x225,BMS_FRMo_Reserved_5,63,1,,BA_CAN,0x225,BMS_FaultMgr_0x225,BMS_FRMo_Reserved_5,63,1,,SCF0
INF2312603_XL201D1603,Sig,Info_CAN,0x231,DoorFLStatus,NDoorFLOutsideHandleFailure,26,3,,XGW_LIN2,0x1d,DoorFLStatus,NDoorFLOutsideHandleFailure,16,3,,SCF0
INF2315506_XL201D1906,Sig,Info_CAN,0x231,DoorFLStatus,NDoorLatchFLFailure,55,6,,XGW_LIN2,0x1d,DoorFLStatus,NDoorLatchFLFailure,19,6,,SCF0
INF2350708_BOD2350708,Msg,Info_CAN,0x235,TRM_STATUS,CHKSM_TRM_STATUS,7,8,,Body_CAN,0x235,TRM_STATUS,CHKSM_TRM_STATUS,7,8,,SCF0
INF2351104_BOD2351104,Msg,Info_CAN,0x235,TRM_STATUS,ALIVE_TRM_STATUS,11,4,,Body_CAN,0x235,TRM_STATUS,ALIVE_TRM_STATUS,11,4,,SCF0
INF2352102_BOD2352102,Msg,Info_CAN,0x235,TRM_STATUS,TowingDetected,21,2,,Body_CAN,0x235,TRM_STATUS,TowingDetected,21,2,,SCF0
INF2352302_BOD2352302,Msg,Info_CAN,0x235,TRM_STATUS,TrailerDetected,23,2,,Body_CAN,0x235,TRM_STATUS,TrailerDetected,23,2,,SCF0
INF2392603_XL202A1603,Sig,Info_CAN,0x239,DoorRRStatus,NDoorRROutsideHandleFailure,26,3,,XGW_LIN2,0x2a,DoorRRStatus,NDoorRROutsideHandleFailure,16,3,,SCF0
INF2395506_XL202A1906,Sig,Info_CAN,0x239,DoorRRStatus,NDoorLatchRRFailure,55,6,,XGW_LIN2,0x2a,DoorRRStatus,NDoorLatchRRFailure,19,6,,SCF0
INF2452106_BAT2452106,Sig,Info_CAN,0x245,BMS_CellTemp,BMS_ProbeNumMaxCellTemp,21,6,,BA_CAN,0x245,BMS_CellTemp,BMS_ProbeNumMaxCellTemp,21,6,,SCF0
INF2453108_BAT2453108,Sig,Info_CAN,0x245,BMS_CellTemp,BMS_MinCellTemp,31,8,,BA_CAN,0x245,BMS_CellTemp,BMS_MinCellTemp,31,8,,SCF0
INF2453706_BAT2453706,Sig,Info_CAN,0x245,BMS_CellTemp,BMS_ProbeNumMinCellTemp,37,6,,BA_CAN,0x245,BMS_CellTemp,BMS_ProbeNumMinCellTemp,37,6,,SCF0
INF2454708_BAT2454708,Sig,Info_CAN,0x245,BMS_CellTemp,BMS_PackTemp,47,8,,BA_CAN,0x245,BMS_CellTemp,BMS_PackTemp,47,8,,SCF0
INF2455508_BAT2455508,Sig,Info_CAN,0x245,BMS_CellTemp,BMS_MaxCellTemp,55,8,,BA_CAN,0x245,BMS_CellTemp,BMS_MaxCellTemp,55,8,,SCF0
INF2456308_BAT2456308,Sig,Info_CAN,0x245,BMS_CellTemp,BMS_MaxMinDiffCellTemp,63,8,,BA_CAN,0x245,BMS_CellTemp,BMS_MaxMinDiffCellTemp,63,8,,SCF0
INF2482603_XL201F1603,Sig,Info_CAN,0x248,DoorFRStatus,NDoorFROutsideHandleFailure,26,3,,XGW_LIN2,0x1f,DoorFRStatus,NDoorFROutsideHandleFailure,16,3,,SCF0
INF2485506_XL201F1906,Sig,Info_CAN,0x248,DoorFRStatus,NDoorLatchFRFailure,55,6,,XGW_LIN2,0x1f,DoorFRStatus,NDoorLatchFRFailure,19,6,,SCF0
INF2540708_CHA2540708,Msg,Info_CAN,0x254,IDB_AVL_RPM_WHL_REAR,CRC_AVL_RPM_WHL_REAR,7,8,,Chassis_CAN,0x254,IDB_AVL_RPM_WHL_REAR,CRC_AVL_RPM_WHL_REAR,7,8,,SCF0
INF2541104_CHA2541104,Msg,Info_CAN,0x254,IDB_AVL_RPM_WHL_REAR,ALIV_AVL_RPM_WHL_REAR,11,4,,Chassis_CAN,0x254,IDB_AVL_RPM_WHL_REAR,ALIV_AVL_RPM_WHL_REAR,11,4,,SCF0
INF2542316_CHA2542316,Msg,Info_CAN,0x254,IDB_AVL_RPM_WHL_REAR,AVL_RPM_WHL_RLH,23,16,,Chassis_CAN,0x254,IDB_AVL_RPM_WHL_REAR,AVL_RPM_WHL_RLH,23,16,,SCF0
INF2543916_CHA2543916,Msg,Info_CAN,0x254,IDB_AVL_RPM_WHL_REAR,AVL_RPM_WHL_RRH,39,16,,Chassis_CAN,0x254,IDB_AVL_RPM_WHL_REAR,AVL_RPM_WHL_RRH,39,16,,SCF0
INF2545504_CHA2545504,Msg,Info_CAN,0x254,IDB_AVL_RPM_WHL_REAR,QU_AVL_RPM_WHL_RLH,55,4,,Chassis_CAN,0x254,IDB_AVL_RPM_WHL_REAR,QU_AVL_RPM_WHL_RLH,55,4,,SCF0
INF2546304_CHA2546304,Msg,Info_CAN,0x254,IDB_AVL_RPM_WHL_REAR,QU_AVL_RPM_WHL_RRH,63,4,,Chassis_CAN,0x254,IDB_AVL_RPM_WHL_REAR,QU_AVL_RPM_WHL_RRH,63,4,,SCF0
INF2550708_CHA2550708,Msg,Info_CAN,0x255,IDB_AVL_RPM_WHL_FRONT,CRC_AVL_RPM_WHL_FRONT,7,8,,Chassis_CAN,0x255,IDB_AVL_RPM_WHL_FRONT,CRC_AVL_RPM_WHL_FRONT,7,8,,SCF0
INF2551104_CHA2551104,Msg,Info_CAN,0x255,IDB_AVL_RPM_WHL_FRONT,ALIV_AVL_RPM_WHL_FRONT,11,4,,Chassis_CAN,0x255,IDB_AVL_RPM_WHL_FRONT,ALIV_AVL_RPM_WHL_FRONT,11,4,,SCF0
INF2552316_CHA2552316,Msg,Info_CAN,0x255,IDB_AVL_RPM_WHL_FRONT,AVL_RPM_WHL_FLH,23,16,,Chassis_CAN,0x255,IDB_AVL_RPM_WHL_FRONT,AVL_RPM_WHL_FLH,23,16,,SCF0
INF2553916_CHA2553916,Msg,Info_CAN,0x255,IDB_AVL_RPM_WHL_FRONT,AVL_RPM_WHL_FRH,39,16,,Chassis_CAN,0x255,IDB_AVL_RPM_WHL_FRONT,AVL_RPM_WHL_FRH,39,16,,SCF0
INF2555504_CHA2555504,Msg,Info_CAN,0x255,IDB_AVL_RPM_WHL_FRONT,QU_AVL_RPM_WHL_FLH,55,4,,Chassis_CAN,0x255,IDB_AVL_RPM_WHL_FRONT,QU_AVL_RPM_WHL_FLH,55,4,,SCF0
INF2556304_CHA2556304,Msg,Info_CAN,0x255,IDB_AVL_RPM_WHL_FRONT,QU_AVL_RPM_WHL_FRH,63,4,,Chassis_CAN,0x255,IDB_AVL_RPM_WHL_FRONT,QU_AVL_RPM_WHL_FRH,63,4,,SCF0
INF2812603_XL20031603,Sig,Info_CAN,0x281,DoorRLStatus,NDoorRLOutsideHandleFailure,26,3,,XGW_LIN2,0x3,DoorRLStatus,NDoorRLOutsideHandleFailure,16,3,,SCF0
INF2815506_XL20031906,Sig,Info_CAN,0x281,DoorRLStatus,NDoorLatchRLFailure,55,6,,XGW_LIN2,0x3,DoorRLStatus,NDoorLatchRLFailure,19,6,,SCF0
INF2890708_CHA2890708,Msg,Info_CAN,0x289,IDB_ACC_LONG_LAT_YAW,CHKSM_IDB_ZF2,7,8,,Chassis_CAN,0x289,IDB_ACC_LONG_LAT_YAW,CHKSM_IDB_ZF2,7,8,,SCF0
INF2891104_CHA2891104,Msg,Info_CAN,0x289,IDB_ACC_LONG_LAT_YAW,ALIVE_IDB_ZF2,11,4,,Chassis_CAN,0x289,IDB_ACC_LONG_LAT_YAW,ALIVE_IDB_ZF2,11,4,,SCF0
INF2891503_CHA2891503,Msg,Info_CAN,0x289,IDB_ACC_LONG_LAT_YAW,AxOutStatus,15,3,,Chassis_CAN,0x289,IDB_ACC_LONG_LAT_YAW,AxOutStatus,15,3,,SCF0
INF2891904_CHA2891904,Msg,Info_CAN,0x289,IDB_ACC_LONG_LAT_YAW,QU_VYAW_VEH,19,4,,Chassis_CAN,0x289,IDB_ACC_LONG_LAT_YAW,QU_VYAW_VEH,19,4,,SCF0
INF2892303_CHA2892303,Msg,Info_CAN,0x289,IDB_ACC_LONG_LAT_YAW,AyOutStatus,23,3,,Chassis_CAN,0x289,IDB_ACC_LONG_LAT_YAW,AyOutStatus,23,3,,SCF0
INF2893112_CHA2893112,Msg,Info_CAN,0x289,IDB_ACC_LONG_LAT_YAW,AcceleratorY,31,12,,Chassis_CAN,0x289,IDB_ACC_LONG_LAT_YAW,AcceleratorY,31,12,,SCF0
INF2893512_CHA2893512,Msg,Info_CAN,0x289,IDB_ACC_LONG_LAT_YAW,AcceleratorX,35,12,,Chassis_CAN,0x289,IDB_ACC_LONG_LAT_YAW,AcceleratorX,35,12,,SCF0
INF2895516_CHA2895516,Msg,Info_CAN,0x289,IDB_ACC_LONG_LAT_YAW,VYAW_VEH,55,16,,Chassis_CAN,0x289,IDB_ACC_LONG_LAT_YAW,VYAW_VEH,55,16,,SCF0
INF28E0708_BOD28E0708,Msg,Info_CAN,0x28e,APM_WINDOW_POS,CHKSM_APM_WINDOW_POS,7,8,,Body_CAN,0x28e,APM_WINDOW_POS,CHKSM_APM_WINDOW_POS,7,8,,SCF0
INF28E1104_BOD28E1104,Msg,Info_CAN,0x28e,APM_WINDOW_POS,ALV_APM_WINDOW_POS,11,4,,Body_CAN,0x28e,APM_WINDOW_POS,ALV_APM_WINDOW_POS,11,4,,SCF0
INF28E1403_BOD28E1403,Msg,Info_CAN,0x28e,APM_WINDOW_POS,Window_PosFL,14,3,,Body_CAN,0x28e,APM_WINDOW_POS,Window_PosFL,14,3,,SCF0
INF28E1702_BOD28E1702,Msg,Info_CAN,0x28e,APM_WINDOW_POS,Window_Warning,17,2,,Body_CAN,0x28e,APM_WINDOW_POS,Window_Warning,17,2,,SCF0
INF28E2003_BOD28E2003,Msg,Info_CAN,0x28e,APM_WINDOW_POS,Wndow_PosRL,20,3,,Body_CAN,0x28e,APM_WINDOW_POS,Wndow_PosRL,20,3,,SCF0
INF28E2303_BOD28E2303,Msg,Info_CAN,0x28e,APM_WINDOW_POS,Window_PosFR,23,3,,Body_CAN,0x28e,APM_WINDOW_POS,Window_PosFR,23,3,,SCF0
INF28E2602_BOD28E2602,Msg,Info_CAN,0x28e,APM_WINDOW_POS,Global_close,26,2,,Body_CAN,0x28e,APM_WINDOW_POS,Global_close,26,2,,SCF0
INF28E2802_BOD28E2802,Msg,Info_CAN,0x28e,APM_WINDOW_POS,Global_open,28,2,,Body_CAN,0x28e,APM_WINDOW_POS,Global_open,28,2,,SCF0
INF28E3103_BOD28E3103,Msg,Info_CAN,0x28e,APM_WINDOW_POS,Window_PosRR,31,3,,Body_CAN,0x28e,APM_WINDOW_POS,Window_PosRR,31,3,,SCF0
INF2A40008_BOD2A40008,Msg,Info_CAN,0x2a4,SVC_EHC_EHC_2,ID2,0,8,,Body_CAN,0x2a4,SVC_EHC_EHC_2,ID2,0,8,,SCF0
INF2A40808_BOD2A40808_2727,Msg,Info_CAN,0x2a4,SVC_EHC_EHC_2,ECU_ID_WUPREG,8,8,0x27,Body_CAN,0x2a4,SVC_EHC_EHC_2,ECU_ID_WUPREG,8,8,0x27,SCF0
INF2A40816_BOD2A40816_0101,Msg,Info_CAN,0x2a4,SVC_EHC_EHC_2,ID_FN_INQY,8,16,0x1,Body_CAN,0x2a4,SVC_EHC_EHC_2,ID_FN_INQY,8,16,0x1,SCF0
INF2A40816_BOD2A40816_0C0C,Msg,Info_CAN,0x2a4,SVC_EHC_EHC_2,ID_FN_RQ_BUS,8,16,0xC,Body_CAN,0x2a4,SVC_EHC_EHC_2,ID_FN_RQ_BUS,8,16,0xC,SCF0
INF2A40816_BOD2A40816_4040,Msg,Info_CAN,0x2a4,SVC_EHC_EHC_2,NO_CC_MESS_STD,8,16,0x40,Body_CAN,0x2a4,SVC_EHC_EHC_2,NO_CC_MESS_STD,8,16,0x40,SCF0
INF2A40816_BOD2A40816_4141,Msg,Info_CAN,0x2a4,SVC_EHC_EHC_2,NO_CC_MESS_EXT,8,16,0x41,Body_CAN,0x2a4,SVC_EHC_EHC_2,NO_CC_MESS_EXT,8,16,0x41,SCF0
INF2A41608_BOD2A41608_2727,Msg,Info_CAN,0x2a4,SVC_EHC_EHC_2,WACA,16,8,0x27,Body_CAN,0x2a4,SVC_EHC_EHC_2,WACA,16,8,0x27,SCF0
INF2A42402_BOD2A42402_4040,Msg,Info_CAN,0x2a4,SVC_EHC_EHC_2,ST_CC_MESS_STD,24,2,0x40,Body_CAN,0x2a4,SVC_EHC_EHC_2,ST_CC_MESS_STD,24,2,0x40,SCF0
INF2A42402_BOD2A42402_4141,Msg,Info_CAN,0x2a4,SVC_EHC_EHC_2,ST_CC_MESS_EXT,24,2,0x41,Body_CAN,0x2a4,SVC_EHC_EHC_2,ST_CC_MESS_EXT,24,2,0x41,SCF0
INF2A42408_BOD2A42408_0C0C,Msg,Info_CAN,0x2a4,SVC_EHC_EHC_2,ID_RQ_BUS,24,8,0xC,Body_CAN,0x2a4,SVC_EHC_EHC_2,ID_RQ_BUS,24,8,0xC,SCF0
INF2A42604_BOD2A42604_4040,Msg,Info_CAN,0x2a4,SVC_EHC_EHC_2,TRANF_CC_MESS_STD,26,4,0x40,Body_CAN,0x2a4,SVC_EHC_EHC_2,TRANF_CC_MESS_STD,26,4,0x40,SCF0
INF2A42604_BOD2A42604_4141,Msg,Info_CAN,0x2a4,SVC_EHC_EHC_2,TRANF_CC_MESS_EXT,26,4,0x41,Body_CAN,0x2a4,SVC_EHC_EHC_2,TRANF_CC_MESS_EXT,26,4,0x41,SCF0
INF2A43002_BOD2A43002_4040,Msg,Info_CAN,0x2a4,SVC_EHC_EHC_2,ST_IDC_CCLK_CC_MESS_STD,30,2,0x40,Body_CAN,0x2a4,SVC_EHC_EHC_2,ST_IDC_CCLK_CC_MESS_STD,30,2,0x40,SCF0
INF2A43002_BOD2A43002_4141,Msg,Info_CAN,0x2a4,SVC_EHC_EHC_2,ST_IDC_CCLK_CC_MESS_EXT,30,2,0x41,Body_CAN,0x2a4,SVC_EHC_EHC_2,ST_IDC_CCLK_CC_MESS_EXT,30,2,0x41,SCF0
INF2A43204_BOD2A43204_0C0C,Msg,Info_CAN,0x2a4,SVC_EHC_EHC_2,ST_RQ_BUS,32,4,0xC,Body_CAN,0x2a4,SVC_EHC_EHC_2,ST_RQ_BUS,32,4,0xC,SCF0
INF2A43204_BOD2A43204_4141,Msg,Info_CAN,0x2a4,SVC_EHC_EHC_2,NO_FRM_CC_MESS_EXT,32,4,0x41,Body_CAN,0x2a4,SVC_EHC_EHC_2,NO_FRM_CC_MESS_EXT,32,4,0x41,SCF0
INF2A43604_BOD2A43604_0C0C,Msg,Info_CAN,0x2a4,SVC_EHC_EHC_2,ST_LAW_RQ,36,4,0xC,Body_CAN,0x2a4,SVC_EHC_EHC_2,ST_LAW_RQ,36,4,0xC,SCF0
INF2A43604_BOD2A43604_4141,Msg,Info_CAN,0x2a4,SVC_EHC_EHC_2,QUAN_FRM_CC_MESS_EXT,36,4,0x41,Body_CAN,0x2a4,SVC_EHC_EHC_2,QUAN_FRM_CC_MESS_EXT,36,4,0x41,SCF0
INF2A44008_BOD2A44008_0C0C,Msg,Info_CAN,0x2a4,SVC_EHC_EHC_2,DUR_FLLUPT,40,8,0xC,Body_CAN,0x2a4,SVC_EHC_EHC_2,DUR_FLLUPT,40,8,0xC,SCF0
INF2A44024_BOD2A44024_4141,Msg,Info_CAN,0x2a4,SVC_EHC_EHC_2,UTDT_CC_MESS,40,24,0x41,Body_CAN,0x2a4,SVC_EHC_EHC_2,UTDT_CC_MESS,40,24,0x41,SCF0
INF3000102_BOD3000102,Msg,Info_CAN,0x300,CCU_STATUS,CCU_STAT_SyncClimateZone,1,2,,Body_CAN,0x300,CCU_STATUS,CCU_STAT_SyncClimateZone,1,2,,SCF0
INF3000302_BOD3000302,Msg,Info_CAN,0x300,CCU_STATUS,CCU_STAT_Auto,3,2,,Body_CAN,0x300,CCU_STATUS,CCU_STAT_Auto,3,2,,SCF0
INF3000502_BOD3000502,Msg,Info_CAN,0x300,CCU_STATUS,CCU_STAT_Aircondition,5,2,,Body_CAN,0x300,CCU_STATUS,CCU_STAT_Aircondition,5,2,,SCF0
INF3000702_BOD3000702,Msg,Info_CAN,0x300,CCU_STATUS,CCU_STAT_IonButton,7,2,,Body_CAN,0x300,CCU_STATUS,CCU_STAT_IonButton,7,2,,SCF0
INF3000902_BOD3000902,Msg,Info_CAN,0x300,CCU_STATUS,CCU_STAT_MaxAc,9,2,,Body_CAN,0x300,CCU_STATUS,CCU_STAT_MaxAc,9,2,,SCF0
INF3001102_BOD3001102,Msg,Info_CAN,0x300,CCU_STATUS,CCU_STAT_OnOff,11,2,,Body_CAN,0x300,CCU_STATUS,CCU_STAT_OnOff,11,2,,SCF0
INF3001504_BOD3001504,Msg,Info_CAN,0x300,CCU_STATUS,CCU_STAT_FanSpeed,15,4,,Body_CAN,0x300,CCU_STATUS,CCU_STAT_FanSpeed,15,4,,SCF0
INF3002302_BOD3002302,Msg,Info_CAN,0x300,CCU_STATUS,CCU_STAT_RecircFlap,23,2,,Body_CAN,0x300,CCU_STATUS,CCU_STAT_RecircFlap,23,2,,SCF0
INF3002703_BOD3002703,Msg,Info_CAN,0x300,CCU_STATUS,CCU_STAT_FlapPos,27,3,,Body_CAN,0x300,CCU_STATUS,CCU_STAT_FlapPos,27,3,,SCF0
INF3002902_BOD3002902,Msg,Info_CAN,0x300,CCU_STATUS,CCU_STAT_Defrost,29,2,,Body_CAN,0x300,CCU_STATUS,CCU_STAT_Defrost,29,2,,SCF0
INF3003903_BOD3003903,Msg,Info_CAN,0x300,CCU_STATUS,CCU_STAT_PTC_Heater,39,3,,Body_CAN,0x300,CCU_STATUS,CCU_STAT_PTC_Heater,39,3,,SCF0
INF3004708_BOD3004708,Msg,Info_CAN,0x300,CCU_STATUS,CCU_STAT_TempDriver,47,8,,Body_CAN,0x300,CCU_STATUS,CCU_STAT_TempDriver,47,8,,SCF0
INF3005508_BOD3005508,Msg,Info_CAN,0x300,CCU_STATUS,CCU_STAT_TempPassenger,55,8,,Body_CAN,0x300,CCU_STATUS,CCU_STAT_TempPassenger,55,8,,SCF0
INF3020708_BOD3020708,Msg,Info_CAN,0x302,CCU_TEMP_PRESSURE,CHKSM_CCU_TEMP_PRESSURE,7,8,,Body_CAN,0x302,CCU_TEMP_PRESSURE,CHKSM_CCU_TEMP_PRESSURE,7,8,,SCF0
INF3021104_BOD3021104,Msg,Info_CAN,0x302,CCU_TEMP_PRESSURE,ALV_CCU_TEMP_PRESSURE,11,4,,Body_CAN,0x302,CCU_TEMP_PRESSURE,ALV_CCU_TEMP_PRESSURE,11,4,,SCF0
INF3022306_BOD3022306,Msg,Info_CAN,0x302,CCU_TEMP_PRESSURE,CCU_Pressure_AC,23,6,,Body_CAN,0x302,CCU_TEMP_PRESSURE,CCU_Pressure_AC,23,6,,SCF0
INF3023108_BOD3023108,Msg,Info_CAN,0x302,CCU_TEMP_PRESSURE,CCU_InteriorTemp,31,8,,Body_CAN,0x302,CCU_TEMP_PRESSURE,CCU_InteriorTemp,31,8,,SCF0
INF3023908_BOD3023908,Msg,Info_CAN,0x302,CCU_TEMP_PRESSURE,CCU_TempEx_AC,39,8,,Body_CAN,0x302,CCU_TEMP_PRESSURE,CCU_TempEx_AC,39,8,,SCF0
INF3024708_BOD3024708,Msg,Info_CAN,0x302,CCU_TEMP_PRESSURE,CCU_EvaporatorTemp,47,8,,Body_CAN,0x302,CCU_TEMP_PRESSURE,CCU_EvaporatorTemp,47,8,,SCF0
INF3100102_BOD3100102,Msg,Info_CAN,0x310,CCUR_STATUS,CCUR_STAT_IonButton,1,2,,Body_CAN,0x310,CCUR_STATUS,CCUR_STAT_IonButton,1,2,,SCF0
INF3100302_BOD3100302,Msg,Info_CAN,0x310,CCUR_STATUS,CCUR_STAT_Defrost,3,2,,Body_CAN,0x310,CCUR_STATUS,CCUR_STAT_Defrost,3,2,,SCF0
INF3100502_BOD3100502,Msg,Info_CAN,0x310,CCUR_STATUS,CCUR_STAT_Auto,5,2,,Body_CAN,0x310,CCUR_STATUS,CCUR_STAT_Auto,5,2,,SCF0
INF3100702_BOD3100702,Msg,Info_CAN,0x310,CCUR_STATUS,CCUR_STAT_Aircondition,7,2,,Body_CAN,0x310,CCUR_STATUS,CCUR_STAT_Aircondition,7,2,,SCF0
INF3101103_BOD3101103,Msg,Info_CAN,0x310,CCUR_STATUS,CCUR_STAT_FlapPos,11,3,,Body_CAN,0x310,CCUR_STATUS,CCUR_STAT_FlapPos,11,3,,SCF0
INF3101504_BOD3101504,Msg,Info_CAN,0x310,CCUR_STATUS,CCUR_STAT_FanSpeed,15,4,,Body_CAN,0x310,CCUR_STATUS,CCUR_STAT_FanSpeed,15,4,,SCF0
INF3101903_BOD3101903,Msg,Info_CAN,0x310,CCUR_STATUS,CCUR_STAT_PTC_Heater,19,3,,Body_CAN,0x310,CCUR_STATUS,CCUR_STAT_PTC_Heater,19,3,,SCF0
INF3102102_BOD3102102,Msg,Info_CAN,0x310,CCUR_STATUS,CCUR_STAT_OnOff,21,2,,Body_CAN,0x310,CCUR_STATUS,CCUR_STAT_OnOff,21,2,,SCF0
INF3102302_BOD3102302,Msg,Info_CAN,0x310,CCUR_STATUS,CCUR_STAT_MaxAc,23,2,,Body_CAN,0x310,CCUR_STATUS,CCUR_STAT_MaxAc,23,2,,SCF0
INF3102902_BOD3102902,Msg,Info_CAN,0x310,CCUR_STATUS,CCUR_STAT_SyncClimateZone,29,2,,Body_CAN,0x310,CCUR_STATUS,CCUR_STAT_SyncClimateZone,29,2,,SCF0
INF3103102_BOD3103102,Msg,Info_CAN,0x310,CCUR_STATUS,CCUR_STAT_RecircFlap,31,2,,Body_CAN,0x310,CCUR_STATUS,CCUR_STAT_RecircFlap,31,2,,SCF0
INF3104708_BOD3104708,Msg,Info_CAN,0x310,CCUR_STATUS,CCUR_STAT_TempRear,47,8,,Body_CAN,0x310,CCUR_STATUS,CCUR_STAT_TempRear,47,8,,SCF0
INF3130708_PWT3130708,Msg,Info_CAN,0x313,POD_StatusCharger1,CHSKM_POD_StatusCharger1,7,8,,PT_CAN,0x313,POD_StatusCharger1,CHSKM_POD_StatusCharger1,7,8,,SCF0
INF3131104_PWT3131104,Msg,Info_CAN,0x313,POD_StatusCharger1,ALV_POD_StatusCharger1,11,4,,PT_CAN,0x313,POD_StatusCharger1,ALV_POD_StatusCharger1,11,4,,SCF0
INF3131503_PWT3131503,Msg,Info_CAN,0x313,POD_StatusCharger1,POD_statusOBC,15,3,,PT_CAN,0x313,POD_StatusCharger1,POD_statusOBC,15,3,,SCF0
INF3132308_PWT3132308,Msg,Info_CAN,0x313,POD_StatusCharger1,POD_OBC_Max_Current_Out,23,8,,PT_CAN,0x313,POD_StatusCharger1,POD_OBC_Max_Current_Out,23,8,,SCF0
INF3133108_PWT3133108,Msg,Info_CAN,0x313,POD_StatusCharger1,POD_iDCOut,31,8,,PT_CAN,0x313,POD_StatusCharger1,POD_iDCOut,31,8,,SCF0
INF3133916_PWT3133916,Msg,Info_CAN,0x313,POD_StatusCharger1,POD_vDCOut,39,16,,PT_CAN,0x313,POD_StatusCharger1,POD_vDCOut,39,16,,SCF0
INF3230708_PWT3230708,Msg,Info_CAN,0x323,POD_StatusCharger2,CHSKM_POD_StatusCharger2,7,8,,PT_CAN,0x323,POD_StatusCharger2,CHSKM_POD_StatusCharger2,7,8,,SCF0
INF3231104_PWT3231104,Msg,Info_CAN,0x323,POD_StatusCharger2,ALV_POD_StatusCharger2,11,4,,PT_CAN,0x323,POD_StatusCharger2,ALV_POD_StatusCharger2,11,4,,SCF0
INF3231502_PWT3231502,Msg,Info_CAN,0x323,POD_StatusCharger2,POD_phaseACInput,15,2,,PT_CAN,0x323,POD_StatusCharger2,POD_phaseACInput,15,2,,SCF0
INF3232316_PWT3232316,Msg,Info_CAN,0x323,POD_StatusCharger2,POD_iACInput,23,16,,PT_CAN,0x323,POD_StatusCharger2,POD_iACInput,23,16,,SCF0
INF3233916_PWT3233916,Msg,Info_CAN,0x323,POD_StatusCharger2,POD_vACInput,39,16,,PT_CAN,0x323,POD_StatusCharger2,POD_vACInput,39,16,,SCF0
INF3250702_XL10050402,Sig,Info_CAN,0x325,STWH_Feedback,Steering_HeatingControlFdbk,7,2,,XGW_LIN1,0x5,STWH_Feedback,Steering_HeatingControl_feedback,4,2,,SCF0
INF3260708_PWT3260708,Msg,Info_CAN,0x326,POD_StatusDCDC1,CHSKM_POD_StatusDCDC1,7,8,,PT_CAN,0x326,POD_StatusDCDC1,CHSKM_POD_StatusDCDC1,7,8,,SCF0
INF3261104_PWT3261104,Msg,Info_CAN,0x326,POD_StatusDCDC1,ALV_POD_StatusDCDC1,11,4,,PT_CAN,0x326,POD_StatusDCDC1,ALV_POD_StatusDCDC1,11,4,,SCF0
INF3261403_PWT3261403,Msg,Info_CAN,0x326,POD_StatusDCDC1,POD_statusDCDC,14,3,,PT_CAN,0x326,POD_StatusDCDC1,POD_statusDCDC,14,3,,SCF0
INF3262308_PWT3262308,Msg,Info_CAN,0x326,POD_StatusDCDC1,POD_DCDC_Max_Current_Out,23,8,,PT_CAN,0x326,POD_StatusDCDC1,POD_DCDC_Max_Current_Out,23,8,,SCF0
INF3290708_BOD3290708,Msg,Info_CAN,0x329,BCM_ODO,CRC_BCM_ODO,7,8,,Body_CAN,0x329,BCM_ODO,CRC_BCM_ODO,7,8,,SCF0
INF3291104_BOD3291104,Msg,Info_CAN,0x329,BCM_ODO,ALIV_BCM_ODO,11,4,,Body_CAN,0x329,BCM_ODO,ALIV_BCM_ODO,11,4,,SCF0
INF3292320_BOD3292320,Msg,Info_CAN,0x329,BCM_ODO,Odometer_BCM,23,20,,Body_CAN,0x329,BCM_ODO,Odometer_BCM,23,20,,SCF0
INF3296308_BOD3296308,Msg,Info_CAN,0x329,BCM_ODO,SECCAN_BCM_ODO,63,8,,Body_CAN,0x329,BCM_ODO,SECCAN_BCM_ODO,63,8,,SCF0
INF3300724_BOD3300724,Msg,Info_CAN,0x330,IC_MILEAGE,MILE_KM,7,24,,Body_CAN,0x330,IC_MILEAGE,MILE_KM,7,24,,SCF0
INF3303108_BOD3303108,Msg,Info_CAN,0x330,IC_MILEAGE,FLLV_FUTA,31,8,,Body_CAN,0x330,IC_MILEAGE,FLLV_FUTA,31,8,,SCF0
INF3305112_BOD3305112,Msg,Info_CAN,0x330,IC_MILEAGE,RNG,51,12,,Body_CAN,0x330,IC_MILEAGE,RNG,51,12,,SCF0
INF3305502_BOD3305502,Msg,Info_CAN,0x330,IC_MILEAGE,ST_FLLV_FUTA_SPAR,55,2,,Body_CAN,0x330,IC_MILEAGE,ST_FLLV_FUTA_SPAR,55,2,,SCF0
INF3320708_BAT3320708,Msg,Info_CAN,0x332,BMS_PackInfo,Checksum_0x332,7,8,,BA_CAN,0x332,BMS_PackInfo,Checksum_0x332,7,8,,SCF0
INF3321104_BAT3321104,Msg,Info_CAN,0x332,BMS_PackInfo,Rolling_Counter_0x332,11,4,,BA_CAN,0x332,BMS_PackInfo,Rolling_Counter_0x332,11,4,,SCF0
INF3322316_BAT3322316,Msg,Info_CAN,0x332,BMS_PackInfo,BMS_PackCNom,23,16,,BA_CAN,0x332,BMS_PackInfo,BMS_PackCNom,23,16,,SCF0
INF3323908_BAT3323908,Msg,Info_CAN,0x332,BMS_PackInfo,BMS_PackTemp_0x332,39,8,,BA_CAN,0x332,BMS_PackInfo,BMS_PackTemp_0x332,39,8,,SCF0
INF3460708_PWT3460708,Msg,Info_CAN,0x346,POD_StatusDCDC2,CHSKM_POD_StatusDCDC2,7,8,,PT_CAN,0x346,POD_StatusDCDC2,CHSKM_POD_StatusDCDC2,7,8,,SCF0
INF3461104_PWT3461104,Msg,Info_CAN,0x346,POD_StatusDCDC2,ALV_POD_StatusDCDC2,11,4,,PT_CAN,0x346,POD_StatusDCDC2,ALV_POD_StatusDCDC2,11,4,,SCF0
INF3462316_PWT3462316,Msg,Info_CAN,0x346,POD_StatusDCDC2,POD_vDCInput,23,16,,PT_CAN,0x346,POD_StatusDCDC2,POD_vDCInput,23,16,,SCF0
INF3463916_PWT3463916,Msg,Info_CAN,0x346,POD_StatusDCDC2,POD_iDCDCOutput,39,16,,PT_CAN,0x346,POD_StatusDCDC2,POD_iDCDCOutput,39,16,,SCF0
INF3465516_PWT3465516,Msg,Info_CAN,0x346,POD_StatusDCDC2,POD_vDCDCOutput,55,16,,PT_CAN,0x346,POD_StatusDCDC2,POD_vDCDCOutput,55,16,,SCF0
INF3750708_BAT3750708,Msg,Info_CAN,0x375,BMS_Relay,Checksum_0x375,7,8,,BA_CAN,0x375,BMS_Relay,Checksum_0x375,7,8,,SCF0
INF3751104_BAT3751104,Msg,Info_CAN,0x375,BMS_Relay,Rolling_Counter_0x375,11,4,,BA_CAN,0x375,BMS_Relay,Rolling_Counter_0x375,11,4,,SCF0
INF3751201_BAT3751201,Msg,Info_CAN,0x375,BMS_Relay,BMS_PreChgRelay_ERR,12,1,,BA_CAN,0x375,BMS_Relay,BMS_PreChgRelay_ERR,12,1,,SCF0
INF3751301_BAT3751301,Msg,Info_CAN,0x375,BMS_Relay,BMS_TotalNegRelay_ERR,13,1,,BA_CAN,0x375,BMS_Relay,BMS_TotalNegRelay_ERR,13,1,,SCF0
INF3751401_BAT3751401,Msg,Info_CAN,0x375,BMS_Relay,BMS_MainPosRelay_ERR,14,1,,BA_CAN,0x375,BMS_Relay,BMS_MainPosRelay_ERR,14,1,,SCF0
INF3751803_BAT3751803,Msg,Info_CAN,0x375,BMS_Relay,BMS_MainPosRelay_STS,18,3,,BA_CAN,0x375,BMS_Relay,BMS_MainPosRelay_STS,18,3,,SCF0
INF3752103_BAT3752103,Msg,Info_CAN,0x375,BMS_Relay,BMS_PreChgRelay_STS,21,3,,BA_CAN,0x375,BMS_Relay,BMS_PreChgRelay_STS,21,3,,SCF0
INF3752603_BAT3752603,Msg,Info_CAN,0x375,BMS_Relay,BMS_TotalNegRelay_STS,26,3,,BA_CAN,0x375,BMS_Relay,BMS_TotalNegRelay_STS,26,3,,SCF0
INF3800708_BOD3800708,Msg,Info_CAN,0x380,BCM_VEHICLE_IDENT_NUMBER,VIN_Byte1,7,8,,Body_CAN,0x380,BCM_VEHICLE_IDENT_NUMBER,VIN_Byte1,7,8,,SCF0
INF3801508_BOD3801508,Msg,Info_CAN,0x380,BCM_VEHICLE_IDENT_NUMBER,VIN_Byte2,15,8,,Body_CAN,0x380,BCM_VEHICLE_IDENT_NUMBER,VIN_Byte2,15,8,,SCF0
INF3802308_BOD3802308,Msg,Info_CAN,0x380,BCM_VEHICLE_IDENT_NUMBER,VIN_Byte3,23,8,,Body_CAN,0x380,BCM_VEHICLE_IDENT_NUMBER,VIN_Byte3,23,8,,SCF0
INF3803108_BOD3803108,Msg,Info_CAN,0x380,BCM_VEHICLE_IDENT_NUMBER,VIN_Byte4,31,8,,Body_CAN,0x380,BCM_VEHICLE_IDENT_NUMBER,VIN_Byte4,31,8,,SCF0
INF3803908_BOD3803908,Msg,Info_CAN,0x380,BCM_VEHICLE_IDENT_NUMBER,VIN_Byte5,39,8,,Body_CAN,0x380,BCM_VEHICLE_IDENT_NUMBER,VIN_Byte5,39,8,,SCF0
INF3804708_BOD3804708,Msg,Info_CAN,0x380,BCM_VEHICLE_IDENT_NUMBER,VIN_Byte6,47,8,,Body_CAN,0x380,BCM_VEHICLE_IDENT_NUMBER,VIN_Byte6,47,8,,SCF0
INF3805508_BOD3805508,Msg,Info_CAN,0x380,BCM_VEHICLE_IDENT_NUMBER,VIN_Byte7,55,8,,Body_CAN,0x380,BCM_VEHICLE_IDENT_NUMBER,VIN_Byte7,55,8,,SCF0
INF3810708_BOD3810708,Msg,Info_CAN,0x381,ACM_OCCUPANT_STATUS,CHKSM_ACM_SEAT_OCCUPATION,7,8,,Body_CAN,0x381,ACM_OCCUPANT_STATUS,CHKSM_ACM_SEAT_OCCUPATION,7,8,,SCF0
INF3811104_BOD3811104,Msg,Info_CAN,0x381,ACM_OCCUPANT_STATUS,ALV_ACM_SEAT_OCCUPATION,11,4,,Body_CAN,0x381,ACM_OCCUPANT_STATUS,ALV_ACM_SEAT_OCCUPATION,11,4,,SCF0
INF3811702_BOD3811702,Msg,Info_CAN,0x381,ACM_OCCUPANT_STATUS,ACM_Seat_Occupancy_Passenger,17,2,,Body_CAN,0x381,ACM_OCCUPANT_STATUS,ACM_Seat_Occupancy_Passenger,17,2,,SCF0
INF3811902_BOD3811902,Msg,Info_CAN,0x381,ACM_OCCUPANT_STATUS,ACM_Seat_Occupancy_2nd_Row_Dri,19,2,,Body_CAN,0x381,ACM_OCCUPANT_STATUS,ACM_Seat_Occupancy_2nd_Row_Dri,19,2,,SCF0
INF3812102_BOD3812102,Msg,Info_CAN,0x381,ACM_OCCUPANT_STATUS,ACM_Seat_Occupancy_2nd_Row_Pas,21,2,,Body_CAN,0x381,ACM_OCCUPANT_STATUS,ACM_Seat_Occupancy_2nd_Row_Pas,21,2,,SCF0
INF3812302_BOD3812302,Msg,Info_CAN,0x381,ACM_OCCUPANT_STATUS,ACM_Seat_Occupancy_2nd_Row_Mid,23,2,,Body_CAN,0x381,ACM_OCCUPANT_STATUS,ACM_Seat_Occupancy_2nd_Row_Mid,23,2,,SCF0
INF3812502_BOD3812502,Msg,Info_CAN,0x381,ACM_OCCUPANT_STATUS,ACM_Seat_Belt_Status_Passenger,25,2,,Body_CAN,0x381,ACM_OCCUPANT_STATUS,ACM_Seat_Belt_Status_Passenger,25,2,,SCF0
INF3812702_BOD3812702,Msg,Info_CAN,0x381,ACM_OCCUPANT_STATUS,ACM_Seat_Belt_Status_Driver,27,2,,Body_CAN,0x381,ACM_OCCUPANT_STATUS,ACM_Seat_Belt_Status_Driver,27,2,,SCF0
INF3812902_BOD3812902,Msg,Info_CAN,0x381,ACM_OCCUPANT_STATUS,ACM_Seat_Belt_Status_2nd_Row_Dri,29,2,,Body_CAN,0x381,ACM_OCCUPANT_STATUS,ACM_Seat_Belt_Status_2nd_Row_Dri,29,2,,SCF0
INF3813102_BOD3813102,Msg,Info_CAN,0x381,ACM_OCCUPANT_STATUS,ACM_Seat_Belt_Status_2nd_Row_Mid,31,2,,Body_CAN,0x381,ACM_OCCUPANT_STATUS,ACM_Seat_Belt_Status_2nd_Row_Mid,31,2,,SCF0
INF3813302_BOD3813302,Msg,Info_CAN,0x381,ACM_OCCUPANT_STATUS,ACM_Seat_Belt_Status_2nd_Row_Pas,33,2,,Body_CAN,0x381,ACM_OCCUPANT_STATUS,ACM_Seat_Belt_Status_2nd_Row_Pas,33,2,,SCF0
INF3893502_PWT3893502,Msg,Info_CAN,0x389,VCU_Sts3,VCU_IMMO_Sts,35,2,,PT_CAN,0x389,VCU_Sts3,VCU_IMMO_Sts,35,2,,SCF0
INF3896308_PWT3896308,Msg,Info_CAN,0x389,VCU_Sts3,SECCAN_VCU_IMMO_Sts,63,8,,PT_CAN,0x389,VCU_Sts3,SECCAN_VCU_IMMO_Sts,63,8,,SCF0
INF39B0708_BOD39B0708,Msg,Info_CAN,0x39b,BCM_Immo_MHU_Byte_0,BCM_Immo_MHU_Byte_0,7,8,,Body_CAN,0x39b,BCM_Immo_MHU_Byte_0,BCM_Immo_MHU_Byte_0,7,8,,SCF0
INF39B1508_BOD39B1508,Msg,Info_CAN,0x39b,BCM_Immo_MHU_Byte_0,BCM_Immo_MHU_Byte_1,15,8,,Body_CAN,0x39b,BCM_Immo_MHU_Byte_0,BCM_Immo_MHU_Byte_1,15,8,,SCF0
INF39B2308_BOD39B2308,Msg,Info_CAN,0x39b,BCM_Immo_MHU_Byte_0,BCM_Immo_MHU_Byte_2,23,8,,Body_CAN,0x39b,BCM_Immo_MHU_Byte_0,BCM_Immo_MHU_Byte_2,23,8,,SCF0
INF39B3108_BOD39B3108,Msg,Info_CAN,0x39b,BCM_Immo_MHU_Byte_0,BCM_Immo_MHU_Byte_3,31,8,,Body_CAN,0x39b,BCM_Immo_MHU_Byte_0,BCM_Immo_MHU_Byte_3,31,8,,SCF0
INF39B3908_BOD39B3908,Msg,Info_CAN,0x39b,BCM_Immo_MHU_Byte_0,BCM_Immo_MHU_Byte_4,39,8,,Body_CAN,0x39b,BCM_Immo_MHU_Byte_0,BCM_Immo_MHU_Byte_4,39,8,,SCF0
INF39B4708_BOD39B4708,Msg,Info_CAN,0x39b,BCM_Immo_MHU_Byte_0,BCM_Immo_MHU_Byte_5,47,8,,Body_CAN,0x39b,BCM_Immo_MHU_Byte_0,BCM_Immo_MHU_Byte_5,47,8,,SCF0
INF39B5508_BOD39B5508,Msg,Info_CAN,0x39b,BCM_Immo_MHU_Byte_0,BCM_Immo_MHU_Byte_6,55,8,,Body_CAN,0x39b,BCM_Immo_MHU_Byte_0,BCM_Immo_MHU_Byte_6,55,8,,SCF0
INF39B6308_BOD39B6308,Msg,Info_CAN,0x39b,BCM_Immo_MHU_Byte_0,BCM_Immo_MHU_Byte_7,63,8,,Body_CAN,0x39b,BCM_Immo_MHU_Byte_0,BCM_Immo_MHU_Byte_7,63,8,,SCF0
INF39D1702_BOD39D1702,Msg,Info_CAN,0x39d,BCM_HighBeam_PosReq,BCM_AHB_Override,17,2,,Body_CAN,0x39d,BCM_HighBeam_PosReq,BCM_AHB_Override,17,2,,SCF0
INF3E02312_PWT3E02312,Sig,Info_CAN,0x3e0,VCU_HVsystem_status,VCU_RunningRange,23,12,,PT_CAN,0x3e0,VCU_HVsystem_status,VCU_RunningRange,23,12,,SCF0
INF3E02702_PWT3E02702,Sig,Info_CAN,0x3e0,VCU_HVsystem_status,VCU_RunningRange_chrg_estSts,27,2,,PT_CAN,0x3e0,VCU_HVsystem_status,VCU_RunningRange_chrg_estSts,27,2,,SCF0
INF3E03912_PWT3E03912,Sig,Info_CAN,0x3e0,VCU_HVsystem_status,VCU_RunningRange_charged,39,12,,PT_CAN,0x3e0,VCU_HVsystem_status,VCU_RunningRange_charged,39,12,,SCF0
INF3E05510_PWT3E05510,Sig,Info_CAN,0x3e0,VCU_HVsystem_status,VCU_HVbatSoc_charged,55,10,,PT_CAN,0x3e0,VCU_HVsystem_status,VCU_HVbatSoc_charged,55,10,,SCF0
INF3E06102_PWT3E06102,Sig,Info_CAN,0x3e0,VCU_HVsystem_status,VCU_HVbatSoc_charged_estStatus,61,2,,PT_CAN,0x3e0,VCU_HVsystem_status,VCU_HVbatSoc_charged_estStatus,61,2,,SCF0
INF3E10708_PWT3E10708,Msg,Info_CAN,0x3e1,VCU_HMI_Info,CRC_VCU_HMI_Info,7,8,,PT_CAN,0x3e1,VCU_HMI_Info,CRC_VCU_HMI_Info,7,8,,SCF0
INF3E11104_PWT3E11104,Msg,Info_CAN,0x3e1,VCU_HMI_Info,ALIV_VCU_HMI_Info,11,4,,PT_CAN,0x3e1,VCU_HMI_Info,ALIV_VCU_HMI_Info,11,4,,SCF0
INF3E12702_PWT3E12702,Msg,Info_CAN,0x3e1,VCU_HMI_Info,VCU_MHU_Ack_ChgSche_stt,27,2,,PT_CAN,0x3e1,VCU_HMI_Info,VCU_MHU_Ack_ChgSche_stt,27,2,,SCF0
INF3E13907_PWT3E13907,Msg,Info_CAN,0x3e1,VCU_HMI_Info,VCU_MHU_Ack_TargetSOC,39,7,,PT_CAN,0x3e1,VCU_HMI_Info,VCU_MHU_Ack_TargetSOC,39,7,,SCF0
INF3E14708_PWT3E14708,Msg,Info_CAN,0x3e1,VCU_HMI_Info,VCU_ValetMode_sts,47,8,,PT_CAN,0x3e1,VCU_HMI_Info,VCU_ValetMode_sts,47,8,,SCF0
INF3E15508_PWT3E15508,Msg,Info_CAN,0x3e1,VCU_HMI_Info,VCU_ValetMode_MaxSpeedSts,55,8,,PT_CAN,0x3e1,VCU_HMI_Info,VCU_ValetMode_MaxSpeedSts,55,8,,SCF0
INF3E16308_PWT3E16308,Msg,Info_CAN,0x3e1,VCU_HMI_Info,SECCAN_VCU_HMI_Info,63,8,,PT_CAN,0x3e1,VCU_HMI_Info,SECCAN_VCU_HMI_Info,63,8,,SCF0
INF3F71503_XL10030303,Sig,Info_CAN,0x3F7,MFS_Control_Button,MFS_VoiceRecognitionOn_Off,15,3,,XGW_LIN1,0x03,MFS_BC_VOL_CONT,MFS_VoiceRecognitionOn_Off,3,3,,SCF0
INF3F71702_XL102B2002,Sig,Info_CAN,0x3F7,MFS_Control_Button,MFS_ISAControl,17,2,,XGW_LIN1,0x2B,MFS_Control_Button,MFS_ISAControl,20,2,,SCF0
INF3F72003_XL10040303,Sig,Info_CAN,0x3F7,MFS_Control_Button,MFS_CruiseSpeedIncrease,20,3,,XGW_LIN1,0x04,MFS_CRUISE_CONT,MFS_CruiseSpeedIncrease,3,3,,SCF0
INF3F72303_XL10030003,Sig,Info_CAN,0x3F7,MFS_Control_Button,MFS_TelephoneCall_EndCall,23,3,,XGW_LIN1,0x03,MFS_BC_VOL_CONT,MFS_TelephoneCall_EndCall,0,3,,SCF0
INF3F72502_XL102B1802,Sig,Info_CAN,0x3F7,MFS_Control_Button,MFS_LKAControl,25,2,,XGW_LIN1,0x2B,MFS_Control_Button,MFS_LKAControl,18,2,,SCF0
INF3F72803_XL10040903,Sig,Info_CAN,0x3F7,MFS_Control_Button,MFS_CruiseGapIncrease,28,3,,XGW_LIN1,0x04,MFS_CRUISE_CONT,MFS_CruiseGapIncrease,9,3,,SCF0
INF3F73103_XL10040003,Sig,Info_CAN,0x3F7,MFS_Control_Button,MFS_CruiseOn_Off,31,3,,XGW_LIN1,0x04,MFS_CRUISE_CONT,MFS_CruiseOn_Off,0,3,,SCF0
INF3F73403_XL10041203,Sig,Info_CAN,0x3F7,MFS_Control_Button,MFS_CruiseGapDecrease,34,3,,XGW_LIN1,0x04,MFS_CRUISE_CONT,MFS_CruiseGapDecrease,12,3,,SCF0
INF3F73602_XL10041502,Sig,Info_CAN,0x3F7,MFS_Control_Button,MFS_CAN_RESControl,36,2,,XGW_LIN1,0x04,MFS_CRUISE_CONT,MFS_CruiseCancel,15,2,,SCF0
INF3F73903_XL10040603,Sig,Info_CAN,0x3F7,MFS_Control_Button,MFS_CruiseSpeedDecrease,39,3,,XGW_LIN1,0x04,MFS_CRUISE_CONT,MFS_CruiseSpeedDecrease,6,3,,SCF0
INF3F74102_XL102B1802,Sig,Info_CAN,0x3F7,MFS_Control_Button,MFS_M2Control,41,2,,XGW_LIN1,0x2B,MFS_Control_Button,MFS_LKAControl,18,2,,SCF0
INF3F74403_XL102B0003,Sig,Info_CAN,0x3F7,MFS_Control_Button,MFS_SourseControl,44,3,,XGW_LIN1,0x2B,MFS_Control_Button,MFS_SourseControl,0,3,,SCF0
INF3F74703_XL102B0303,Sig,Info_CAN,0x3F7,MFS_Control_Button,MFS_UpControl,47,3,,XGW_LIN1,0x2B,MFS_Control_Button,MFS_UpControl,3,3,,SCF0
INF3F75203_XL102B0603,Sig,Info_CAN,0x3F7,MFS_Control_Button,MFS_DownControl,52,3,,XGW_LIN1,0x2B,MFS_Control_Button,MFS_DownControl,6,3,,SCF0
INF3F75503_XL102B0903,Sig,Info_CAN,0x3F7,MFS_Control_Button,MFS_LeftControl,55,3,,XGW_LIN1,0x2B,MFS_Control_Button,MFS_LeftControl,9,3,,SCF0
INF3F75701_XL102B2201,Sig,Info_CAN,0x3F7,MFS_Control_Button,MFS_Failure,57,1,,XGW_LIN1,0x2B,MFS_Control_Button,MFS_Failure,22,1,,SCF0
INF3F76003_XL102B1203,Sig,Info_CAN,0x3F7,MFS_Control_Button,MFS_RightControl,60,3,,XGW_LIN1,0x2B,MFS_Control_Button,MFS_RightControl,12,3,,SCF0
INF3F76303_XL102B1503,Sig,Info_CAN,0x3F7,MFS_Control_Button,MFS_OK_Control,63,3,,XGW_LIN1,0x2B,MFS_Control_Button,MFS_OK_Control,15,3,,SCF0
INF4160708_BOD4160708,Msg,Info_CAN,0x416,BCM_Mirror_Confirm_sts,BCM_STAT_LeftMirrorPosX,7,8,,Body_CAN,0x416,BCM_Mirror_Confirm_sts,BCM_STAT_LeftMirrorPosX,7,8,,SCF0
INF4161508_BOD4161508,Msg,Info_CAN,0x416,BCM_Mirror_Confirm_sts,BCM_STAT_LeftMirrorPosY,15,8,,Body_CAN,0x416,BCM_Mirror_Confirm_sts,BCM_STAT_LeftMirrorPosY,15,8,,SCF0
INF4162308_BOD4162308,Msg,Info_CAN,0x416,BCM_Mirror_Confirm_sts,BCM_STAT_RightMirrorPosX,23,8,,Body_CAN,0x416,BCM_Mirror_Confirm_sts,BCM_STAT_RightMirrorPosX,23,8,,SCF0
INF4163108_BOD4163108,Msg,Info_CAN,0x416,BCM_Mirror_Confirm_sts,BCM_STAT_RightMirrorPosY,31,8,,Body_CAN,0x416,BCM_Mirror_Confirm_sts,BCM_STAT_RightMirrorPosY,31,8,,SCF0
INF4163702_BOD4163702,Msg,Info_CAN,0x416,BCM_Mirror_Confirm_sts,BCM_STAT_Mirror,37,2,,Body_CAN,0x416,BCM_Mirror_Confirm_sts,BCM_STAT_Mirror,37,2,,SCF0
INF4163902_BOD4163902,Msg,Info_CAN,0x416,BCM_Mirror_Confirm_sts,BCM_STAT_MirrorAdjustLeft,39,2,,Body_CAN,0x416,BCM_Mirror_Confirm_sts,BCM_STAT_MirrorAdjustLeft,39,2,,SCF0
INF4164102_BOD4164102,Msg,Info_CAN,0x416,BCM_Mirror_Confirm_sts,BCM_STAT_MirrorAdjustRight,41,2,,Body_CAN,0x416,BCM_Mirror_Confirm_sts,BCM_STAT_MirrorAdjustRight,41,2,,SCF0
INF4190203_BOD4190203,Msg,Info_CAN,0x419,SHVU_F_Confirm_Sts,SHVU_STAT_SeatHeatingFrontL,2,3,,Body_CAN,0x419,SHVU_F_Confirm_Sts,SHVU_STAT_SeatHeatingFrontL,2,3,,SCF0
INF4190503_BOD4190503,Msg,Info_CAN,0x419,SHVU_F_Confirm_Sts,SHVU_STAT_SeatHeatingFrontR,5,3,,Body_CAN,0x419,SHVU_F_Confirm_Sts,SHVU_STAT_SeatHeatingFrontR,5,3,,SCF0
INF4191003_BOD4191003,Msg,Info_CAN,0x419,SHVU_F_Confirm_Sts,SHVU_STAT_SeatCoolingFrontL,10,3,,Body_CAN,0x419,SHVU_F_Confirm_Sts,SHVU_STAT_SeatCoolingFrontL,10,3,,SCF0
INF4191303_BOD4191303,Msg,Info_CAN,0x419,SHVU_F_Confirm_Sts,SHVU_STAT_SeatCoolingFrontR,13,3,,Body_CAN,0x419,SHVU_F_Confirm_Sts,SHVU_STAT_SeatCoolingFrontR,13,3,,SCF0
INF4191502_BOD4191502,Msg,Info_CAN,0x419,SHVU_F_Confirm_Sts,SHVU_STAT_FrontSeatVentSts,15,2,,Body_CAN,0x419,SHVU_F_Confirm_Sts,SHVU_STAT_FrontSeatVentSts,15,2,,SCF0
INF41A0203_BOD41A0203,Msg,Info_CAN,0x41a,SHVU_R_Confirm_Sts,SHVU_STAT_SeatCoolingRearL,2,3,,Body_CAN,0x41a,SHVU_R_Confirm_Sts,SHVU_STAT_SeatCoolingRearL,2,3,,SCF0
INF41A0503_BOD41A0503,Msg,Info_CAN,0x41a,SHVU_R_Confirm_Sts,SHVU_STAT_SeatCoolingRearR,5,3,,Body_CAN,0x41a,SHVU_R_Confirm_Sts,SHVU_STAT_SeatCoolingRearR,5,3,,SCF0
INF41A1003_BOD41A1003,Msg,Info_CAN,0x41a,SHVU_R_Confirm_Sts,SHVU_STAT_SeatHeatingReartL,10,3,,Body_CAN,0x41a,SHVU_R_Confirm_Sts,SHVU_STAT_SeatHeatingReartL,10,3,,SCF0
INF41A1303_BOD41A1303,Msg,Info_CAN,0x41a,SHVU_R_Confirm_Sts,SHVU_STAT_SeatHeatingRearR,13,3,,Body_CAN,0x41a,SHVU_R_Confirm_Sts,SHVU_STAT_SeatHeatingRearR,13,3,,SCF0
INF41A1502_BOD41A1502,Msg,Info_CAN,0x41a,SHVU_R_Confirm_Sts,SHVU_STAT_RearSeatVentSts,15,2,,Body_CAN,0x41a,SHVU_R_Confirm_Sts,SHVU_STAT_RearSeatVentSts,15,2,,SCF0
INF41C0708_BOD41C0708,Msg,Info_CAN,0x41c,PSM_SEAT_POSITION,CHKSM_PSM_SEAT_POSITION,7,8,,Body_CAN,0x41c,PSM_SEAT_POSITION,CHKSM_PSM_SEAT_POSITION,7,8,,SCF0
INF41C1104_BOD41C1104,Msg,Info_CAN,0x41c,PSM_SEAT_POSITION,AVL_PSM_SEAT_POSITION,11,4,,Body_CAN,0x41c,PSM_SEAT_POSITION,AVL_PSM_SEAT_POSITION,11,4,,SCF0
INF41C1902_BOD41C1902,Msg,Info_CAN,0x41c,PSM_SEAT_POSITION,PSM_Seat_track_pos_Dri,19,2,,Body_CAN,0x41c,PSM_SEAT_POSITION,PSM_Seat_track_pos_Dri,19,2,,SCF0
INF41C2102_BOD41C2102,Msg,Info_CAN,0x41c,PSM_SEAT_POSITION,PSM_Seat_track_posPas,21,2,,Body_CAN,0x41c,PSM_SEAT_POSITION,PSM_Seat_track_posPas,21,2,,SCF0
INF41D0102_BOD41D0102,Msg,Info_CAN,0x41d,BCM_Comfort_Confirm_sts,BCM_STAT_AutoRearWiper,1,2,,Body_CAN,0x41d,BCM_Comfort_Confirm_sts,BCM_STAT_AutoRearWiper,1,2,,SCF0
INF41D0302_BOD41D0302,Msg,Info_CAN,0x41d,BCM_Comfort_Confirm_sts,BCM_STAT_MirrorFoldSetting,3,2,,Body_CAN,0x41d,BCM_Comfort_Confirm_sts,BCM_STAT_MirrorFoldSetting,3,2,,SCF0
INF41D0902_BOD41D0902,Msg,Info_CAN,0x41d,BCM_Comfort_Confirm_sts,BCM_STAT_MirrorAutoUnfold,9,2,,Body_CAN,0x41d,BCM_Comfort_Confirm_sts,BCM_STAT_MirrorAutoUnfold,9,2,,SCF0
INF41D1102_BOD41D1102,Msg,Info_CAN,0x41d,BCM_Comfort_Confirm_sts,BCM_STAT_MirrorReverseLink,11,2,,Body_CAN,0x41d,BCM_Comfort_Confirm_sts,BCM_STAT_MirrorReverseLink,11,2,,SCF0
INF41D1302_BOD41D1302,Msg,Info_CAN,0x41d,BCM_Comfort_Confirm_sts,BCM_STAT_MirrorDefaultSTATting,13,2,,Body_CAN,0x41d,BCM_Comfort_Confirm_sts,BCM_STAT_MirrorDefaultSTATting,13,2,,SCF0
INF41D1502_BOD41D1502,Msg,Info_CAN,0x41d,BCM_Comfort_Confirm_sts,BCM_STAT_WelcomeTriggerCondition,15,2,,Body_CAN,0x41d,BCM_Comfort_Confirm_sts,BCM_STAT_WelcomeTriggerCondition,15,2,,SCF0
INF41D1702_BOD41D1702,Msg,Info_CAN,0x41d,BCM_Comfort_Confirm_sts,BCM_STAT_FrontDomeLamp,17,2,,Body_CAN,0x41d,BCM_Comfort_Confirm_sts,BCM_STAT_FrontDomeLamp,17,2,,SCF0
INF41D2003_BOD41D2003,Msg,Info_CAN,0x41d,BCM_Comfort_Confirm_sts,BCM_STAT_FollowMeHome,20,3,,Body_CAN,0x41d,BCM_Comfort_Confirm_sts,BCM_STAT_FollowMeHome,20,3,,SCF0
INF41D2303_BOD41D2303,Msg,Info_CAN,0x41d,BCM_Comfort_Confirm_sts,BCM_STAT_ExteriorLight,23,3,,Body_CAN,0x41d,BCM_Comfort_Confirm_sts,BCM_STAT_ExteriorLight,23,3,,SCF0
INF41D2603_BOD41D2603,Msg,Info_CAN,0x41d,BCM_Comfort_Confirm_sts,BCM_STAT_RemoteLockFeedback,26,3,,Body_CAN,0x41d,BCM_Comfort_Confirm_sts,BCM_STAT_RemoteLockFeedback,26,3,,SCF0
INF41D2802_BOD41D2802,Msg,Info_CAN,0x41d,BCM_Comfort_Confirm_sts,BCM_STAT_RemoteDoorUnlock,28,2,,Body_CAN,0x41d,BCM_Comfort_Confirm_sts,BCM_STAT_RemoteDoorUnlock,28,2,,SCF0
INF41D3002_BOD41D3002,Msg,Info_CAN,0x41d,BCM_Comfort_Confirm_sts,BCM_STAT_AutoDoorUnlock,30,2,,Body_CAN,0x41d,BCM_Comfort_Confirm_sts,BCM_STAT_AutoDoorUnlock,30,2,,SCF0
INF41D3907_BOD41D3907,Msg,Info_CAN,0x41d,BCM_Comfort_Confirm_sts,BCM_STAT_AmbientLightBrighness,39,7,,Body_CAN,0x41d,BCM_Comfort_Confirm_sts,BCM_STAT_AmbientLightBrighness,39,7,,SCF0
INF41D4202_BOD41D4202,Msg,Info_CAN,0x41d,BCM_Comfort_Confirm_sts,BCM_STAT_WiperServiceMode,42,2,,Body_CAN,0x41d,BCM_Comfort_Confirm_sts,BCM_STAT_WiperServiceMode,42,2,,SCF0
INF41D4502_BOD41D4502,Msg,Info_CAN,0x41d,BCM_Comfort_Confirm_sts,BCM_STAT_IMMO_KeyfobID,45,2,,Body_CAN,0x41d,BCM_Comfort_Confirm_sts,BCM_STAT_IMMO_KeyfobID,45,2,,SCF0
INF41D4702_BOD41D4702,Msg,Info_CAN,0x41d,BCM_Comfort_Confirm_sts,BCM_STAT_RearHeatedWindowMirror,47,2,,Body_CAN,0x41d,BCM_Comfort_Confirm_sts,BCM_STAT_RearHeatedWindowMirror,47,2,,SCF0
INF41D5003_BOD41D5003,Msg,Info_CAN,0x41d,BCM_Comfort_Confirm_sts,BCM_STAT_AntiTheftMode,50,3,,Body_CAN,0x41d,BCM_Comfort_Confirm_sts,BCM_STAT_AntiTheftMode,50,3,,SCF0
INF41D5302_BOD41D5302,Msg,Info_CAN,0x41d,BCM_Comfort_Confirm_sts,BCM_STAT_ClimateKeepOnSts,53,2,,Body_CAN,0x41d,BCM_Comfort_Confirm_sts,BCM_STAT_ClimateKeepOnSts,53,2,,SCF0
INF41D5502_BOD41D5502,Msg,Info_CAN,0x41d,BCM_Comfort_Confirm_sts,BCM_STAT_FKSfeedback,55,2,,Body_CAN,0x41d,BCM_Comfort_Confirm_sts,BCM_STAT_FKSfeedback,55,2,,SCF0
INF41D6308_BOD41D6308,Msg,Info_CAN,0x41d,BCM_Comfort_Confirm_sts,SECCAN_CmftCnfrm,63,8,,Body_CAN,0x41d,BCM_Comfort_Confirm_sts,SECCAN_CmftCnfrm,63,8,,SCF0
INF4230001_CHA4230001,Msg,Info_CAN,0x423,AVAS_STATUS,AVAS_BatteryUnderVoltage,0,1,,Chassis_CAN,0x423,AVAS_STATUS,AVAS_BatteryUnderVoltage,0,1,,SCF0
INF4230101_CHA4230101,Msg,Info_CAN,0x423,AVAS_STATUS,AVAS_BatteryOverVoltage,1,1,,Chassis_CAN,0x423,AVAS_STATUS,AVAS_BatteryOverVoltage,1,1,,SCF0
INF4230201_CHA4230201,Msg,Info_CAN,0x423,AVAS_STATUS,AVAS_VINInfoNotPrgm,2,1,,Chassis_CAN,0x423,AVAS_STATUS,AVAS_VINInfoNotPrgm,2,1,,SCF0
INF4230301_CHA4230301,Msg,Info_CAN,0x423,AVAS_STATUS,AVAS_AMPVoltSplDrvOperationFail,3,1,,Chassis_CAN,0x423,AVAS_STATUS,AVAS_AMPVoltSplDrvOperationFail,3,1,,SCF0
INF4230401_CHA4230401,Msg,Info_CAN,0x423,AVAS_STATUS,AVAS_AMPIntFaultOverCurr,4,1,,Chassis_CAN,0x423,AVAS_STATUS,AVAS_AMPIntFaultOverCurr,4,1,,SCF0
INF4230501_CHA4230501,Msg,Info_CAN,0x423,AVAS_STATUS,AVAS_AMPInternalFaultDCError,5,1,,Chassis_CAN,0x423,AVAS_STATUS,AVAS_AMPInternalFaultDCError,5,1,,SCF0
INF4230601_CHA4230601,Msg,Info_CAN,0x423,AVAS_STATUS,AVAS_AMPInternalFaultOverTemp,6,1,,Chassis_CAN,0x423,AVAS_STATUS,AVAS_AMPInternalFaultOverTemp,6,1,,SCF0
INF4230701_CHA4230701,Msg,Info_CAN,0x423,AVAS_STATUS,AVAS_AMPInternalFaultClockError,7,1,,Chassis_CAN,0x423,AVAS_STATUS,AVAS_AMPInternalFaultClockError,7,1,,SCF0
INF4230801_CHA4230801,Msg,Info_CAN,0x423,AVAS_STATUS,AVAS_SpkrMntPwrSwDrvHighFlt,8,1,,Chassis_CAN,0x423,AVAS_STATUS,AVAS_SpkrMntPwrSwDrvHighFlt,8,1,,SCF0
INF4230901_CHA4230901,Msg,Info_CAN,0x423,AVAS_STATUS,AVAS_SpkrMntPwrSwDrvLowFlt,9,1,,Chassis_CAN,0x423,AVAS_STATUS,AVAS_SpkrMntPwrSwDrvLowFlt,9,1,,SCF0
INF4231001_CHA4231001,Msg,Info_CAN,0x423,AVAS_STATUS,AVAS_InternalSpeakerOpen,10,1,,Chassis_CAN,0x423,AVAS_STATUS,AVAS_InternalSpeakerOpen,10,1,,SCF0
INF4231101_CHA4231101,Msg,Info_CAN,0x423,AVAS_STATUS,AVAS_ECUMalFlshOperationErr,11,1,,Chassis_CAN,0x423,AVAS_STATUS,AVAS_ECUMalFlshOperationErr,11,1,,SCF0
INF4231201_CHA4231201,Msg,Info_CAN,0x423,AVAS_STATUS,AVAS_ECUMalfunctionRamFailure,12,1,,Chassis_CAN,0x423,AVAS_STATUS,AVAS_ECUMalfunctionRamFailure,12,1,,SCF0
INF4231301_CHA4231301,Msg,Info_CAN,0x423,AVAS_STATUS,AVAS_ECUMalEEPROMFailure,13,1,,Chassis_CAN,0x423,AVAS_STATUS,AVAS_ECUMalEEPROMFailure,13,1,,SCF0
INF4231401_CHA4231401,Msg,Info_CAN,0x423,AVAS_STATUS,AVAS_CANBusOff,14,1,,Chassis_CAN,0x423,AVAS_STATUS,AVAS_CANBusOff,14,1,,SCF0
INF4231501_CHA4231501,Msg,Info_CAN,0x423,AVAS_STATUS,AVAS_LossCommVehicleSpeed,15,1,,Chassis_CAN,0x423,AVAS_STATUS,AVAS_LossCommVehicleSpeed,15,1,,SCF0
INF4231601_CHA4231601,Msg,Info_CAN,0x423,AVAS_STATUS,AVAS_LossCommGearPosition,16,1,,Chassis_CAN,0x423,AVAS_STATUS,AVAS_LossCommGearPosition,16,1,,SCF0
INF4231701_CHA4231701,Msg,Info_CAN,0x423,AVAS_STATUS,AVAS_LossCommAVASCloseCmd,17,1,,Chassis_CAN,0x423,AVAS_STATUS,AVAS_LossCommAVASCloseCmd,17,1,,SCF0
INF42C0708_BOD42C0708,Msg,Info_CAN,0x42c,PSM_D_SEAT_CONTROL,CHSKM_PSM_D_SEAT_CONTROL,7,8,,Body_CAN,0x42c,PSM_D_SEAT_CONTROL,CHSKM_PSM_D_SEAT_CONTROL,7,8,,SCF0
INF42C1104_BOD42C1104,Msg,Info_CAN,0x42c,PSM_D_SEAT_CONTROL,ALV_PSM_D_SEAT_CONTROL,11,4,,Body_CAN,0x42c,PSM_D_SEAT_CONTROL,ALV_PSM_D_SEAT_CONTROL,11,4,,SCF0
INF42C1503_BOD42C1503,Msg,Info_CAN,0x42c,PSM_D_SEAT_CONTROL,PSM_D_DrvSeat_Control_Status,15,3,,Body_CAN,0x42c,PSM_D_SEAT_CONTROL,PSM_D_DrvSeat_Control_Status,15,3,,SCF0
INF42C2307_BOD42C2307,Msg,Info_CAN,0x42c,PSM_D_SEAT_CONTROL,PSM_D_DrvReclinerPos,23,7,,Body_CAN,0x42c,PSM_D_SEAT_CONTROL,PSM_D_DrvReclinerPos,23,7,,SCF0
INF42C3105_BOD42C3105,Msg,Info_CAN,0x42c,PSM_D_SEAT_CONTROL,PSM_D_DrvTiltPos,31,5,,Body_CAN,0x42c,PSM_D_SEAT_CONTROL,PSM_D_DrvTiltPos,31,5,,SCF0
INF42C3908_BOD42C3908,Msg,Info_CAN,0x42c,PSM_D_SEAT_CONTROL,PSM_D_DrvTrackPos,39,8,,Body_CAN,0x42c,PSM_D_SEAT_CONTROL,PSM_D_DrvTrackPos,39,8,,SCF0
INF42C4706_BOD42C4706,Msg,Info_CAN,0x42c,PSM_D_SEAT_CONTROL,PSM_D_DrvHeightPos,47,6,,Body_CAN,0x42c,PSM_D_SEAT_CONTROL,PSM_D_DrvHeightPos,47,6,,SCF0
INF4350102_BOD4350102,Msg,Info_CAN,0x435,BCM_SCM_LIN_Info,BCM_SCM_BC_Button,1,2,,Body_CAN,0x435,BCM_SCM_LIN_Info,BCM_SCM_BC_Button,1,2,,SCF0
INF4370708_PWT4370708,Msg,Info_CAN,0x437,VCU_MHU_info_2,CRC_VCU_MHU_info_2,7,8,,PT_CAN,0x437,VCU_MHU_info_2,CRC_VCU_MHU_info_2,7,8,,SCF0
INF4371104_PWT4371104,Msg,Info_CAN,0x437,VCU_MHU_info_2,ALIV_VCU_MHU_info_2,11,4,,PT_CAN,0x437,VCU_MHU_info_2,ALIV_VCU_MHU_info_2,11,4,,SCF0
INF4372410_PWT4372410,Msg,Info_CAN,0x437,VCU_MHU_info_2,VCU_Instant_ConsumEnergy,24,10,,PT_CAN,0x437,VCU_MHU_info_2,VCU_Instant_ConsumEnergy,24,10,,SCF0
INF4375210_PWT4375210,Msg,Info_CAN,0x437,VCU_MHU_info_2,VCU_Average_ConsumEnergy,52,10,,PT_CAN,0x437,VCU_MHU_info_2,VCU_Average_ConsumEnergy,52,10,,SCF0
INF4380708_PWT4380708,Msg,Info_CAN,0x438,EDS_Error_FR_A,CHKSM_EDS_Error_FR_A,7,8,,PT_CAN,0x438,EDS_Error_FR_A,CHKSM_EDS_Error_FR_A,7,8,,SCF0
INF4381104_PWT4381104,Msg,Info_CAN,0x438,EDS_Error_FR_A,ALV_EDS_Error_FR_A,11,4,,PT_CAN,0x438,EDS_Error_FR_A,ALV_EDS_Error_FR_A,11,4,,SCF0
INF4382308_PWT4382308,Msg,Info_CAN,0x438,EDS_Error_FR_A,EDS_FailNum_ERR_FWD,23,8,,PT_CAN,0x438,EDS_Error_FR_A,EDS_FailNum_ERR_FWD,23,8,,SCF0
INF4382603_PWT4382603,Msg,Info_CAN,0x438,EDS_Error_FR_A,EDS_FailGrade_ERR_FWD,26,3,,PT_CAN,0x438,EDS_Error_FR_A,EDS_FailGrade_ERR_FWD,26,3,,SCF0
INF4382701_PWT4382701,Msg,Info_CAN,0x438,EDS_Error_FR_A,EDS_MotOverTempAlarm_FWD,27,1,,PT_CAN,0x438,EDS_Error_FR_A,EDS_MotOverTempAlarm_FWD,27,1,,SCF0
INF4382801_PWT4382801,Msg,Info_CAN,0x438,EDS_Error_FR_A,EDS_MotOverTempFault_FWD,28,1,,PT_CAN,0x438,EDS_Error_FR_A,EDS_MotOverTempFault_FWD,28,1,,SCF0
INF4382901_PWT4382901,Msg,Info_CAN,0x438,EDS_Error_FR_A,EDS_MotTempSenFault_FWD,29,1,,PT_CAN,0x438,EDS_Error_FR_A,EDS_MotTempSenFault_FWD,29,1,,SCF0
INF4383101_PWT4383101,Msg,Info_CAN,0x438,EDS_Error_FR_A,EDS_EDSOverTempVFault_FWD,31,1,,PT_CAN,0x438,EDS_Error_FR_A,EDS_EDSOverTempVFault_FWD,31,1,,SCF0
INF4383201_PWT4383201,Msg,Info_CAN,0x438,EDS_Error_FR_A,EDS_EDSOverTempWFault_FWD,32,1,,PT_CAN,0x438,EDS_Error_FR_A,EDS_EDSOverTempWFault_FWD,32,1,,SCF0
INF4383301_PWT4383301,Msg,Info_CAN,0x438,EDS_Error_FR_A,EDS_EDSOverTempAlarm_FWD,33,1,,PT_CAN,0x438,EDS_Error_FR_A,EDS_EDSOverTempAlarm_FWD,33,1,,SCF0
INF4383401_PWT4383401,Msg,Info_CAN,0x438,EDS_Error_FR_A,EDS_TCoolantOvHi_FWD,34,1,,PT_CAN,0x438,EDS_Error_FR_A,EDS_TCoolantOvHi_FWD,34,1,,SCF0
INF4383501_PWT4383501,Msg,Info_CAN,0x438,EDS_Error_FR_A,EDS_EDSTempCmpAlarm_FWD,35,1,,PT_CAN,0x438,EDS_Error_FR_A,EDS_EDSTempCmpAlarm_FWD,35,1,,SCF0
INF4383601_PWT4383601,Msg,Info_CAN,0x438,EDS_Error_FR_A,EDS_EDSPhaOvCurentHWFault_FWD,36,1,,PT_CAN,0x438,EDS_Error_FR_A,EDS_EDSPhaOvCurentHWFault_FWD,36,1,,SCF0
INF4383701_PWT4383701,Msg,Info_CAN,0x438,EDS_Error_FR_A,EDS_EDSphaOffCalFault_FWD,37,1,,PT_CAN,0x438,EDS_Error_FR_A,EDS_EDSphaOffCalFault_FWD,37,1,,SCF0
INF4383801_PWT4383801,Msg,Info_CAN,0x438,EDS_Error_FR_A,EDS_EDSOverIdcLnkAlarm_FWD,38,1,,PT_CAN,0x438,EDS_Error_FR_A,EDS_EDSOverIdcLnkAlarm_FWD,38,1,,SCF0
INF4383901_PWT4383901,Msg,Info_CAN,0x438,EDS_Error_FR_A,EDS_EDSHVOverVoltageAlarm_FWD,39,1,,PT_CAN,0x438,EDS_Error_FR_A,EDS_EDSHVOverVoltageAlarm_FWD,39,1,,SCF0
INF4384001_PWT4384001,Msg,Info_CAN,0x438,EDS_Error_FR_A,EDS_EDSHVOverVoltageFault_FWD,40,1,,PT_CAN,0x438,EDS_Error_FR_A,EDS_EDSHVOverVoltageFault_FWD,40,1,,SCF0
INF4384101_PWT4384101,Msg,Info_CAN,0x438,EDS_Error_FR_A,EDS_EDSHVUnderVoltageAlarm_FWD,41,1,,PT_CAN,0x438,EDS_Error_FR_A,EDS_EDSHVUnderVoltageAlarm_FWD,41,1,,SCF0
INF4384201_PWT4384201,Msg,Info_CAN,0x438,EDS_Error_FR_A,EDS_EDSHVUnderVoltageFault_FWD,42,1,,PT_CAN,0x438,EDS_Error_FR_A,EDS_EDSHVUnderVoltageFault_FWD,42,1,,SCF0
INF4384301_PWT4384301,Msg,Info_CAN,0x438,EDS_Error_FR_A,EDS_RunToDischaErr_FWD,43,1,,PT_CAN,0x438,EDS_Error_FR_A,EDS_RunToDischaErr_FWD,43,1,,SCF0
INF4384401_PWT4384401,Msg,Info_CAN,0x438,EDS_Error_FR_A,EDS_12VOverVoltageAlarm_FWD,44,1,,PT_CAN,0x438,EDS_Error_FR_A,EDS_12VOverVoltageAlarm_FWD,44,1,,SCF0
INF4384501_PWT4384501,Msg,Info_CAN,0x438,EDS_Error_FR_A,EDS_12VUnderVoltageAlarm_FWD,45,1,,PT_CAN,0x438,EDS_Error_FR_A,EDS_12VUnderVoltageAlarm_FWD,45,1,,SCF0
INF4384601_PWT4384601,Msg,Info_CAN,0x438,EDS_Error_FR_A,EDS_MotOverAlarm_FWD,46,1,,PT_CAN,0x438,EDS_Error_FR_A,EDS_MotOverAlarm_FWD,46,1,,SCF0
INF4384701_PWT4384701,Msg,Info_CAN,0x438,EDS_Error_FR_A,EDS_MotOverFault_FWD,47,1,,PT_CAN,0x438,EDS_Error_FR_A,EDS_MotOverFault_FWD,47,1,,SCF0
INF4384801_PWT4384801,Msg,Info_CAN,0x438,EDS_Error_FR_A,EDS_ResolverOffsetAngle_FWD,48,1,,PT_CAN,0x438,EDS_Error_FR_A,EDS_ResolverOffsetAngle_FWD,48,1,,SCF0
INF4386308_PWT4386308,Msg,Info_CAN,0x438,EDS_Error_FR_A,SECCAN_EDS_Error_FR_A,63,8,,PT_CAN,0x438,EDS_Error_FR_A,SECCAN_EDS_Error_FR_A,63,8,,SCF0
INF4390708_PWT4390708,Msg,Info_CAN,0x439,EDS_Error_RR_A,CHKSM_EDS_Error_RR_A,7,8,,PT_CAN,0x439,EDS_Error_RR_A,CHKSM_EDS_Error_RR_A,7,8,,SCF0
INF4391104_PWT4391104,Msg,Info_CAN,0x439,EDS_Error_RR_A,ALV_EDS_Error_RR_A,11,4,,PT_CAN,0x439,EDS_Error_RR_A,ALV_EDS_Error_RR_A,11,4,,SCF0
INF4392308_PWT4392308,Msg,Info_CAN,0x439,EDS_Error_RR_A,EDS_FailNum_ERR_RWD,23,8,,PT_CAN,0x439,EDS_Error_RR_A,EDS_FailNum_ERR_RWD,23,8,,SCF0
INF4392603_PWT4392603,Msg,Info_CAN,0x439,EDS_Error_RR_A,EDS_FailGrade_ERR_RWD,26,3,,PT_CAN,0x439,EDS_Error_RR_A,EDS_FailGrade_ERR_RWD,26,3,,SCF0
INF4392701_PWT4392701,Msg,Info_CAN,0x439,EDS_Error_RR_A,EDS_MotOverTempAlarm_RWD,27,1,,PT_CAN,0x439,EDS_Error_RR_A,EDS_MotOverTempAlarm_RWD,27,1,,SCF0
INF4392801_PWT4392801,Msg,Info_CAN,0x439,EDS_Error_RR_A,EDS_MotOverTempFault_RWD,28,1,,PT_CAN,0x439,EDS_Error_RR_A,EDS_MotOverTempFault_RWD,28,1,,SCF0
INF4392901_PWT4392901,Msg,Info_CAN,0x439,EDS_Error_RR_A,EDS_MotTempSenFault_RWD,29,1,,PT_CAN,0x439,EDS_Error_RR_A,EDS_MotTempSenFault_RWD,29,1,,SCF0
INF4393001_PWT4393001,Msg,Info_CAN,0x439,EDS_Error_RR_A,EDS_EDSOverTempUFault_RWD,30,1,,PT_CAN,0x439,EDS_Error_RR_A,EDS_EDSOverTempUFault_RWD,30,1,,SCF0
INF4393101_PWT4393101,Msg,Info_CAN,0x439,EDS_Error_RR_A,EDS_EDSOverTempVFault_RWD,31,1,,PT_CAN,0x439,EDS_Error_RR_A,EDS_EDSOverTempVFault_RWD,31,1,,SCF0
INF4393201_PWT4393201,Msg,Info_CAN,0x439,EDS_Error_RR_A,EDS_EDSOverTempWFault_RWD,32,1,,PT_CAN,0x439,EDS_Error_RR_A,EDS_EDSOverTempWFault_RWD,32,1,,SCF0
INF4393301_PWT4393301,Msg,Info_CAN,0x439,EDS_Error_RR_A,EDS_EDSOverTempAlarm_RWD,33,1,,PT_CAN,0x439,EDS_Error_RR_A,EDS_EDSOverTempAlarm_RWD,33,1,,SCF0
INF4393401_PWT4393401,Msg,Info_CAN,0x439,EDS_Error_RR_A,EDS_TCoolantOvHi_RWD,34,1,,PT_CAN,0x439,EDS_Error_RR_A,EDS_TCoolantOvHi_RWD,34,1,,SCF0
INF4393501_PWT4393501,Msg,Info_CAN,0x439,EDS_Error_RR_A,EDS_EDSTempCmpAlarm_RWD,35,1,,PT_CAN,0x439,EDS_Error_RR_A,EDS_EDSTempCmpAlarm_RWD,35,1,,SCF0
INF4393601_PWT4393601,Msg,Info_CAN,0x439,EDS_Error_RR_A,EDS_EDSPhaOvCurentHWFault_RWD,36,1,,PT_CAN,0x439,EDS_Error_RR_A,EDS_EDSPhaOvCurentHWFault_RWD,36,1,,SCF0
INF4393701_PWT4393701,Msg,Info_CAN,0x439,EDS_Error_RR_A,EDS_EDSphaOffCalFault_RWD,37,1,,PT_CAN,0x439,EDS_Error_RR_A,EDS_EDSphaOffCalFault_RWD,37,1,,SCF0
INF4393801_PWT4393801,Msg,Info_CAN,0x439,EDS_Error_RR_A,EDS_EDSOverIdcLnkAlarm_RWD,38,1,,PT_CAN,0x439,EDS_Error_RR_A,EDS_EDSOverIdcLnkAlarm_RWD,38,1,,SCF0
INF4393901_PWT4393901,Msg,Info_CAN,0x439,EDS_Error_RR_A,EDS_EDSHVOverVoltageAlarm_RWD,39,1,,PT_CAN,0x439,EDS_Error_RR_A,EDS_EDSHVOverVoltageAlarm_RWD,39,1,,SCF0
INF4394001_PWT4394001,Msg,Info_CAN,0x439,EDS_Error_RR_A,EDS_EDSHVOverVoltageFault_RWD,40,1,,PT_CAN,0x439,EDS_Error_RR_A,EDS_EDSHVOverVoltageFault_RWD,40,1,,SCF0
INF4394101_PWT4394101,Msg,Info_CAN,0x439,EDS_Error_RR_A,EDS_EDSHVUnderVoltageAlarm_RWD,41,1,,PT_CAN,0x439,EDS_Error_RR_A,EDS_EDSHVUnderVoltageAlarm_RWD,41,1,,SCF0
INF4394201_PWT4394201,Msg,Info_CAN,0x439,EDS_Error_RR_A,EDS_EDSHVUnderVoltageFault_RWD,42,1,,PT_CAN,0x439,EDS_Error_RR_A,EDS_EDSHVUnderVoltageFault_RWD,42,1,,SCF0
INF4394301_PWT4394301,Msg,Info_CAN,0x439,EDS_Error_RR_A,EDS_RunToDischaErr_RWD,43,1,,PT_CAN,0x439,EDS_Error_RR_A,EDS_RunToDischaErr_RWD,43,1,,SCF0
INF4394401_PWT4394401,Msg,Info_CAN,0x439,EDS_Error_RR_A,EDS_12VOverVoltageAlarm_RWD,44,1,,PT_CAN,0x439,EDS_Error_RR_A,EDS_12VOverVoltageAlarm_RWD,44,1,,SCF0
INF4394501_PWT4394501,Msg,Info_CAN,0x439,EDS_Error_RR_A,EDS_12VUnderVoltageAlarm_RWD,45,1,,PT_CAN,0x439,EDS_Error_RR_A,EDS_12VUnderVoltageAlarm_RWD,45,1,,SCF0
INF4394601_PWT4394601,Msg,Info_CAN,0x439,EDS_Error_RR_A,EDS_MotOverAlarm_RWD,46,1,,PT_CAN,0x439,EDS_Error_RR_A,EDS_MotOverAlarm_RWD,46,1,,SCF0
INF4394701_PWT4394701,Msg,Info_CAN,0x439,EDS_Error_RR_A,EDS_MotOverFault_RWD,47,1,,PT_CAN,0x439,EDS_Error_RR_A,EDS_MotOverFault_RWD,47,1,,SCF0
INF4394801_PWT4394801,Msg,Info_CAN,0x439,EDS_Error_RR_A,EDS_ResolverOffsetAngle_RWD,48,1,,PT_CAN,0x439,EDS_Error_RR_A,EDS_ResolverOffsetAngle_RWD,48,1,,SCF0
INF4396308_PWT4396308,Msg,Info_CAN,0x439,EDS_Error_RR_A,SECCAN_EDS_Error_RR_A,63,8,,PT_CAN,0x439,EDS_Error_RR_A,SECCAN_EDS_Error_RR_A,63,8,,SCF0
INF43A0708_PWT43A0708,Msg,Info_CAN,0x43a,VCU_MHU_info,CRC_VCU_MHU_info,7,8,,PT_CAN,0x43a,VCU_MHU_info,CRC_VCU_MHU_info,7,8,,SCF0
INF43A1104_PWT43A1104,Msg,Info_CAN,0x43a,VCU_MHU_info,ALIV_VCU_MHU_info,11,4,,PT_CAN,0x43a,VCU_MHU_info,ALIV_VCU_MHU_info,11,4,,SCF0
INF43A1302_PWT43A1302,Msg,Info_CAN,0x43a,VCU_MHU_info,VCU_BrakeRegenMode,13,2,,PT_CAN,0x43a,VCU_MHU_info,VCU_BrakeRegenMode,13,2,,SCF0
INF43A1401_PWT43A1401,Msg,Info_CAN,0x43a,VCU_MHU_info,VCU_CreepDisable_stt,14,1,,PT_CAN,0x43a,VCU_MHU_info,VCU_CreepDisable_stt,14,1,,SCF0
INF43A2308_PWT43A2308,Msg,Info_CAN,0x43a,VCU_MHU_info,VCU_PowerRegenGaugeDisplay,23,8,,PT_CAN,0x43a,VCU_MHU_info,VCU_PowerRegenGaugeDisplay,23,8,,SCF0
INF43A2703_PWT43A2703,Msg,Info_CAN,0x43a,VCU_MHU_info,VCU_Charging_Authen_stt,27,3,,PT_CAN,0x43a,VCU_MHU_info,VCU_Charging_Authen_stt,27,3,,SCF0
INF43A2801_PWT43A2801,Msg,Info_CAN,0x43a,VCU_MHU_info,VCU_ChgGun_BadConn_stt,28,1,,PT_CAN,0x43a,VCU_MHU_info,VCU_ChgGun_BadConn_stt,28,1,,SCF0
INF43A2901_PWT43A2901,Msg,Info_CAN,0x43a,VCU_MHU_info,VCU_ChgPort_Open_stt,29,1,,PT_CAN,0x43a,VCU_MHU_info,VCU_ChgPort_Open_stt,29,1,,SCF0
INF43A3102_PWT43A3102,Msg,Info_CAN,0x43a,VCU_MHU_info,VCU_Regen_available,31,2,,PT_CAN,0x43a,VCU_MHU_info,VCU_Regen_available,31,2,,SCF0
INF43A3403_PWT43A3403,Msg,Info_CAN,0x43a,VCU_MHU_info,VCU_VehChg_STS,34,3,,PT_CAN,0x43a,VCU_MHU_info,VCU_VehChg_STS,34,3,,SCF0
INF43A3703_PWT43A3703,Msg,Info_CAN,0x43a,VCU_MHU_info,VCU_StoppingMode_stt,37,3,,PT_CAN,0x43a,VCU_MHU_info,VCU_StoppingMode_stt,37,3,,SCF0
INF43A4610_PWT43A4610,Msg,Info_CAN,0x43a,VCU_MHU_info,VCU_SOC_display,46,10,,PT_CAN,0x43a,VCU_MHU_info,VCU_SOC_display,46,10,,SCF0
INF43A5003_PWT43A5003,Msg,Info_CAN,0x43a,VCU_MHU_info,VCU_ChgGun_Status,50,3,,PT_CAN,0x43a,VCU_MHU_info,VCU_ChgGun_Status,50,3,,SCF0
INF43A5701_PWT43A5701,Msg,Info_CAN,0x43a,VCU_MHU_info,VCU_ChgPort_Lock_stt,57,1,,PT_CAN,0x43a,VCU_MHU_info,VCU_ChgPort_Lock_stt,57,1,,SCF0
INF43A5801_PWT43A5801,Msg,Info_CAN,0x43a,VCU_MHU_info,VCU_Hvbatt_charging_stt,58,1,,PT_CAN,0x43a,VCU_MHU_info,VCU_Hvbatt_charging_stt,58,1,,SCF0
INF4420001_BOD4420001,Msg,Info_CAN,0x442,WLC_Status,WLC_IC_Error,0,1,,Body_CAN,0x442,WLC_Status,WLC_IC_Error,0,1,,SCF0
INF4420101_BOD4420101,Msg,Info_CAN,0x442,WLC_Status,WLC_FAN_Error,1,1,,Body_CAN,0x442,WLC_Status,WLC_FAN_Error,1,1,,SCF0
INF4420201_BOD4420201,Msg,Info_CAN,0x442,WLC_Status,WLC_TempSNSR_Error,2,1,,Body_CAN,0x442,WLC_Status,WLC_TempSNSR_Error,2,1,,SCF0
INF4420402_BOD4420402,Msg,Info_CAN,0x442,WLC_Status,WLC_Setting_standard,4,2,,Body_CAN,0x442,WLC_Status,WLC_Setting_standard,4,2,,SCF0
INF4420703_BOD4420703,Msg,Info_CAN,0x442,WLC_Status,Transmit_WLC_situation,7,3,,Body_CAN,0x442,WLC_Status,Transmit_WLC_situation,7,3,,SCF0
INF4421101_BOD4421101,Msg,Info_CAN,0x442,WLC_Status,WLC_VehSpeed_Error,11,1,,Body_CAN,0x442,WLC_Status,WLC_VehSpeed_Error,11,1,,SCF0
INF4421201_BOD4421201,Msg,Info_CAN,0x442,WLC_Status,WLC_Resp_Error,12,1,,Body_CAN,0x442,WLC_Status,WLC_Resp_Error,12,1,,SCF0
INF4421301_BOD4421301,Msg,Info_CAN,0x442,WLC_Status,WLC_FOD_Error,13,1,,Body_CAN,0x442,WLC_Status,WLC_FOD_Error,13,1,,SCF0
INF4421401_BOD4421401,Msg,Info_CAN,0x442,WLC_Status,WLC_Curr_Error,14,1,,Body_CAN,0x442,WLC_Status,WLC_Curr_Error,14,1,,SCF0
INF4421501_BOD4421501,Msg,Info_CAN,0x442,WLC_Status,WLC_Temp_Error,15,1,,Body_CAN,0x442,WLC_Status,WLC_Temp_Error,15,1,,SCF0
INF4430001_BOD4430001,Msg,Info_CAN,0x443,WLC_Status_2,WLC_IC_Error_2,0,1,,Body_CAN,0x443,WLC_Status_2,WLC_IC_Error_2,0,1,,SCF0
INF4430101_BOD4430101,Msg,Info_CAN,0x443,WLC_Status_2,WLC_FAN_Error_2,1,1,,Body_CAN,0x443,WLC_Status_2,WLC_FAN_Error_2,1,1,,SCF0
INF4430201_BOD4430201,Msg,Info_CAN,0x443,WLC_Status_2,WLC_TempSNSR_Error_2,2,1,,Body_CAN,0x443,WLC_Status_2,WLC_TempSNSR_Error_2,2,1,,SCF0
INF4430402_BOD4430402,Msg,Info_CAN,0x443,WLC_Status_2,WLC_Setting_standard_2,4,2,,Body_CAN,0x443,WLC_Status_2,WLC_Setting_standard_2,4,2,,SCF0
INF4430703_BOD4430703,Msg,Info_CAN,0x443,WLC_Status_2,Transmit_WLC_situation_2,7,3,,Body_CAN,0x443,WLC_Status_2,Transmit_WLC_situation_2,7,3,,SCF0
INF4431101_BOD4431101,Msg,Info_CAN,0x443,WLC_Status_2,WLC_VehSpeed_Error_2,11,1,,Body_CAN,0x443,WLC_Status_2,WLC_VehSpeed_Error_2,11,1,,SCF0
INF4431201_BOD4431201,Msg,Info_CAN,0x443,WLC_Status_2,WLC_Resp_Error_2,12,1,,Body_CAN,0x443,WLC_Status_2,WLC_Resp_Error_2,12,1,,SCF0
INF4431301_BOD4431301,Msg,Info_CAN,0x443,WLC_Status_2,WLC_FOD_Error_2,13,1,,Body_CAN,0x443,WLC_Status_2,WLC_FOD_Error_2,13,1,,SCF0
INF4431401_BOD4431401,Msg,Info_CAN,0x443,WLC_Status_2,WLC_Curr_Error_2,14,1,,Body_CAN,0x443,WLC_Status_2,WLC_Curr_Error_2,14,1,,SCF0
INF4431501_BOD4431501,Msg,Info_CAN,0x443,WLC_Status_2,WLC_Temp_Error_2,15,1,,Body_CAN,0x443,WLC_Status_2,WLC_Temp_Error_2,15,1,,SCF0
INF4450708_BOD4450708,Msg,Info_CAN,0x445,BCM_RainLightSnr,RS_Sol_L,7,8,,Body_CAN,0x445,BCM_RainLightSnr,RS_Sol_L,7,8,,SCF0
INF4451508_BOD4451508,Msg,Info_CAN,0x445,BCM_RainLightSnr,RS_Sol_R,15,8,,Body_CAN,0x445,BCM_RainLightSnr,RS_Sol_R,15,8,,SCF0
INF4451801_BOD4451801,Msg,Info_CAN,0x445,BCM_RainLightSnr,RS_F_HUD_Sensor,18,1,,Body_CAN,0x445,BCM_RainLightSnr,RS_F_HUD_Sensor,18,1,,SCF0
INF4452002_BOD4452002,Msg,Info_CAN,0x445,BCM_RainLightSnr,RS_St_LampReq,20,2,,Body_CAN,0x445,BCM_RainLightSnr,RS_St_LampReq,20,2,,SCF0
INF4452303_BOD4452303,Msg,Info_CAN,0x445,BCM_RainLightSnr,RS_St_CurrentRain,23,3,,Body_CAN,0x445,BCM_RainLightSnr,RS_St_CurrentRain,23,3,,SCF0
INF4453116_BOD4453116,Msg,Info_CAN,0x445,BCM_RainLightSnr,RS_HUD_illuminance,31,16,,Body_CAN,0x445,BCM_RainLightSnr,RS_HUD_illuminance,31,16,,SCF0
INF4480708_PWT43B0708,Msg,Info_CAN,0x448,EDS_Error_FR_B,CHKSM_EDS_Error_FR_B,7,8,,PT_CAN,0x43b,EDS_Error_FR_B,CHKSM_EDS_Error_FR_B,7,8,,SCF0
INF4481104_PWT43B1104,Msg,Info_CAN,0x448,EDS_Error_FR_B,ALV_EDS_Error_FR_B,11,4,,PT_CAN,0x43b,EDS_Error_FR_B,ALV_EDS_Error_FR_B,11,4,,SCF0
INF4481601_PWT43B1601,Msg,Info_CAN,0x448,EDS_Error_FR_B,EDS_iDcLnkOvCLimFail_FWD,16,1,,PT_CAN,0x43b,EDS_Error_FR_B,EDS_iDcLnkOvCLimFail_FWD,16,1,,SCF0
INF4481701_PWT43B1701,Msg,Info_CAN,0x448,EDS_Error_FR_B,EDS_MotBlockedFault_FWD,17,1,,PT_CAN,0x43b,EDS_Error_FR_B,EDS_MotBlockedFault_FWD,17,1,,SCF0
INF4481801_PWT43B1801,Msg,Info_CAN,0x448,EDS_Error_FR_B,EDS_RSLErr_FWD,18,1,,PT_CAN,0x43b,EDS_Error_FR_B,EDS_RSLErr_FWD,18,1,,SCF0
INF4481901_PWT43B1901,Msg,Info_CAN,0x448,EDS_Error_FR_B,EDS_MotTrqLimFault_FWD,19,1,,PT_CAN,0x43b,EDS_Error_FR_B,EDS_MotTrqLimFault_FWD,19,1,,SCF0
INF4482001_PWT43B2001,Msg,Info_CAN,0x448,EDS_Error_FR_B,EDS_VCUChksumFault_FWD,20,1,,PT_CAN,0x43b,EDS_Error_FR_B,EDS_VCUChksumFault_FWD,20,1,,SCF0
INF4482201_PWT43B2201,Msg,Info_CAN,0x448,EDS_Error_FR_B,EDS_IGBTFault_FWD,22,1,,PT_CAN,0x43b,EDS_Error_FR_B,EDS_IGBTFault_FWD,22,1,,SCF0
INF4482301_PWT43B2301,Msg,Info_CAN,0x448,EDS_Error_FR_B,EDS_CANBusoffFault_FWD,23,1,,PT_CAN,0x43b,EDS_Error_FR_B,EDS_CANBusoffFault_FWD,23,1,,SCF0
INF4482401_PWT43B2401,Msg,Info_CAN,0x448,EDS_Error_FR_B,EDS_TDrvBoardOvHiWarn_FWD,24,1,,PT_CAN,0x43b,EDS_Error_FR_B,EDS_TDrvBoardOvHiWarn_FWD,24,1,,SCF0
INF4482501_PWT43B2501,Msg,Info_CAN,0x448,EDS_Error_FR_B,EDS_TIGBTOvHiFault_FWD,25,1,,PT_CAN,0x43b,EDS_Error_FR_B,EDS_TIGBTOvHiFault_FWD,25,1,,SCF0
INF4482601_PWT43B2601,Msg,Info_CAN,0x448,EDS_Error_FR_B,EDS_TIGBTOvHiWarn_FWD,26,1,,PT_CAN,0x43b,EDS_Error_FR_B,EDS_TIGBTOvHiWarn_FWD,26,1,,SCF0
INF4482701_PWT43B2701,Msg,Info_CAN,0x448,EDS_Error_FR_B,EDS_IOHWABSampFail_FWD,27,1,,PT_CAN,0x43b,EDS_Error_FR_B,EDS_IOHWABSampFail_FWD,27,1,,SCF0
INF4482801_PWT43B2801,Msg,Info_CAN,0x448,EDS_Error_FR_B,EDS_EDSOpenFault_FWD,28,1,,PT_CAN,0x43b,EDS_Error_FR_B,EDS_EDSOpenFault_FWD,28,1,,SCF0
INF4482901_PWT43B2901,Msg,Info_CAN,0x448,EDS_Error_FR_B,EDS_MotorOpenFault_FWD,29,1,,PT_CAN,0x43b,EDS_Error_FR_B,EDS_MotorOpenFault_FWD,29,1,,SCF0
INF4483001_PWT43B3001,Msg,Info_CAN,0x448,EDS_Error_FR_B,EDS_EparkSampFail_FWD,30,1,,PT_CAN,0x43b,EDS_Error_FR_B,EDS_EparkSampFail_FWD,30,1,,SCF0
INF4483101_PWT43B3101,Msg,Info_CAN,0x448,EDS_Error_FR_B,EDS_EmacBlkdWarn_FWD,31,1,,PT_CAN,0x43b,EDS_Error_FR_B,EDS_EmacBlkdWarn_FWD,31,1,,SCF0
INF4483201_PWT43B3201,Msg,Info_CAN,0x448,EDS_Error_FR_B,EDS_VerMatchFailureErr_FWD,32,1,,PT_CAN,0x43b,EDS_Error_FR_B,EDS_VerMatchFailureErr_FWD,32,1,,SCF0
INF4483301_PWT43B3301,Msg,Info_CAN,0x448,EDS_Error_FR_B,EDS_DiashCirNoPsblErr_FWD,33,1,,PT_CAN,0x43b,EDS_Error_FR_B,EDS_DiashCirNoPsblErr_FWD,33,1,,SCF0
INF4483401_PWT43B3401,Msg,Info_CAN,0x448,EDS_Error_FR_B,EDS_OperOutdRngErr_FWD,34,1,,PT_CAN,0x43b,EDS_Error_FR_B,EDS_OperOutdRngErr_FWD,34,1,,SCF0
INF4483501_PWT43B3501,Msg,Info_CAN,0x448,EDS_Error_FR_B,EDS_PhaseLossFaultErr_FWD,35,1,,PT_CAN,0x43b,EDS_Error_FR_B,EDS_PhaseLossFaultErr_FWD,35,1,,SCF0
INF4483601_PWT43B3601,Msg,Info_CAN,0x448,EDS_Error_FR_B,EDS_CPLDFault_FWD,36,1,,PT_CAN,0x43b,EDS_Error_FR_B,EDS_CPLDFault_FWD,36,1,,SCF0
INF4483701_PWT43B3701,Msg,Info_CAN,0x448,EDS_Error_FR_B,EDS_CPLDFaultBaseSpd_FWD,37,1,,PT_CAN,0x43b,EDS_Error_FR_B,EDS_CPLDFaultBaseSpd_FWD,37,1,,SCF0
INF4483801_PWT43B3801,Msg,Info_CAN,0x448,EDS_Error_FR_B,EDS_IOHWABNen33Fail_FWD,38,1,,PT_CAN,0x43b,EDS_Error_FR_B,EDS_IOHWABNen33Fail_FWD,38,1,,SCF0
INF4483901_PWT43B3901,Msg,Info_CAN,0x448,EDS_Error_FR_B,EDS_HvMcuSlightFault_FWD,39,1,,PT_CAN,0x43b,EDS_Error_FR_B,EDS_HvMcuSlightFault_FWD,39,1,,SCF0
INF4484001_PWT43B4001,Msg,Info_CAN,0x448,EDS_Error_FR_B,EDS_HvMcuSevFault_FWD,40,1,,PT_CAN,0x43b,EDS_Error_FR_B,EDS_HvMcuSevFault_FWD,40,1,,SCF0
INF4484101_PWT43B4101,Msg,Info_CAN,0x448,EDS_Error_FR_B,EDS_EDSPhaSampHWFault_FWD,41,1,,PT_CAN,0x43b,EDS_Error_FR_B,EDS_EDSPhaSampHWFault_FWD,41,1,,SCF0
INF4484201_PWT43B4201,Msg,Info_CAN,0x448,EDS_Error_FR_B,EDS_IsOvHiErr_FWD,42,1,,PT_CAN,0x43b,EDS_Error_FR_B,EDS_IsOvHiErr_FWD,42,1,,SCF0
INF4484301_PWT43B4301,Msg,Info_CAN,0x448,EDS_Error_FR_B,EDS_CanRollingCounterErr_FWD,43,1,,PT_CAN,0x43b,EDS_Error_FR_B,EDS_CanRollingCounterErr_FWD,43,1,,SCF0
INF4484401_PWT43B4401,Msg,Info_CAN,0x448,EDS_Error_FR_B,EDS_CanTimeoutErr_FWD,44,1,,PT_CAN,0x43b,EDS_Error_FR_B,EDS_CanTimeoutErr_FWD,44,1,,SCF0
INF4484501_PWT43B4501,Msg,Info_CAN,0x448,EDS_Error_FR_B,EDS_CrashFault_FWD,45,1,,PT_CAN,0x43b,EDS_Error_FR_B,EDS_CrashFault_FWD,45,1,,SCF0
INF4484601_PWT43B4601,Msg,Info_CAN,0x448,EDS_Error_FR_B,EDS_PCFSlightFault_FWD,46,1,,PT_CAN,0x43b,EDS_Error_FR_B,EDS_PCFSlightFault_FWD,46,1,,SCF0
INF4484701_PWT43B4701,Msg,Info_CAN,0x448,EDS_Error_FR_B,EDS_PCFSerFault_FWD,47,1,,PT_CAN,0x43b,EDS_Error_FR_B,EDS_PCFSerFault_FWD,47,1,,SCF0
INF4486308_PWT43B6308,Msg,Info_CAN,0x448,EDS_Error_FR_B,SECCAN_EDS_Error_FR_B,63,8,,PT_CAN,0x43b,EDS_Error_FR_B,SECCAN_EDS_Error_FR_B,63,8,,SCF0
INF4490708_PWT43C0708,Msg,Info_CAN,0x449,EDS_Error_RR_B,CHKSM_EDS_Error_RR_B,7,8,,PT_CAN,0x43c,EDS_Error_RR_B,CHKSM_EDS_Error_RR_B,7,8,,SCF0
INF4491104_PWT43C1104,Msg,Info_CAN,0x449,EDS_Error_RR_B,ALV_EDS_Error_RR_B,11,4,,PT_CAN,0x43c,EDS_Error_RR_B,ALV_EDS_Error_RR_B,11,4,,SCF0
INF4491601_PWT43C1601,Msg,Info_CAN,0x449,EDS_Error_RR_B,EDS_iDcLnkOvCLimFail_RWD,16,1,,PT_CAN,0x43c,EDS_Error_RR_B,EDS_iDcLnkOvCLimFail_RWD,16,1,,SCF0
INF4491701_PWT43C1701,Msg,Info_CAN,0x449,EDS_Error_RR_B,EDS_MotBlockedFault_RWD,17,1,,PT_CAN,0x43c,EDS_Error_RR_B,EDS_MotBlockedFault_RWD,17,1,,SCF0
INF4491801_PWT43C1801,Msg,Info_CAN,0x449,EDS_Error_RR_B,EDS_RSLErr_RWD,18,1,,PT_CAN,0x43c,EDS_Error_RR_B,EDS_RSLErr_RWD,18,1,,SCF0
INF4491901_PWT43C1901,Msg,Info_CAN,0x449,EDS_Error_RR_B,EDS_MotTrqLimFault_RWD,19,1,,PT_CAN,0x43c,EDS_Error_RR_B,EDS_MotTrqLimFault_RWD,19,1,,SCF0
INF4492001_PWT43C2001,Msg,Info_CAN,0x449,EDS_Error_RR_B,EDS_VCUChksumFault_RWD,20,1,,PT_CAN,0x43c,EDS_Error_RR_B,EDS_VCUChksumFault_RWD,20,1,,SCF0
INF4492201_PWT43C2201,Msg,Info_CAN,0x449,EDS_Error_RR_B,EDS_IGBTFault_RWD,22,1,,PT_CAN,0x43c,EDS_Error_RR_B,EDS_IGBTFault_RWD,22,1,,SCF0
INF4492301_PWT43C2301,Msg,Info_CAN,0x449,EDS_Error_RR_B,EDS_CANBusoffFault_RWD,23,1,,PT_CAN,0x43c,EDS_Error_RR_B,EDS_CANBusoffFault_RWD,23,1,,SCF0
INF4492401_PWT43C2401,Msg,Info_CAN,0x449,EDS_Error_RR_B,EDS_TDrvBoardOvHiWarn_RWD,24,1,,PT_CAN,0x43c,EDS_Error_RR_B,EDS_TDrvBoardOvHiWarn_RWD,24,1,,SCF0
INF4492501_PWT43C2501,Msg,Info_CAN,0x449,EDS_Error_RR_B,EDS_TIGBTOvHiFault_RWD,25,1,,PT_CAN,0x43c,EDS_Error_RR_B,EDS_TIGBTOvHiFault_RWD,25,1,,SCF0
INF4492601_PWT43C2601,Msg,Info_CAN,0x449,EDS_Error_RR_B,EDS_TIGBTOvHiWarn_RWD,26,1,,PT_CAN,0x43c,EDS_Error_RR_B,EDS_TIGBTOvHiWarn_RWD,26,1,,SCF0
INF4492701_PWT43C2701,Msg,Info_CAN,0x449,EDS_Error_RR_B,EDS_IOHWABSampFail_RWD,27,1,,PT_CAN,0x43c,EDS_Error_RR_B,EDS_IOHWABSampFail_RWD,27,1,,SCF0
INF4492801_PWT43C2801,Msg,Info_CAN,0x449,EDS_Error_RR_B,EDS_EDSOpenFault_RWD,28,1,,PT_CAN,0x43c,EDS_Error_RR_B,EDS_EDSOpenFault_RWD,28,1,,SCF0
INF4492901_PWT43C2901,Msg,Info_CAN,0x449,EDS_Error_RR_B,EDS_MotorOpenFault_RWD,29,1,,PT_CAN,0x43c,EDS_Error_RR_B,EDS_MotorOpenFault_RWD,29,1,,SCF0
INF4493001_PWT43C3001,Msg,Info_CAN,0x449,EDS_Error_RR_B,EDS_EparkSampFail_RWD,30,1,,PT_CAN,0x43c,EDS_Error_RR_B,EDS_EparkSampFail_RWD,30,1,,SCF0
INF4493101_PWT43C3101,Msg,Info_CAN,0x449,EDS_Error_RR_B,EDS_EmacBlkdWarn_RWD,31,1,,PT_CAN,0x43c,EDS_Error_RR_B,EDS_EmacBlkdWarn_RWD,31,1,,SCF0
INF4493201_PWT43C3201,Msg,Info_CAN,0x449,EDS_Error_RR_B,EDS_VerMatchFailureErr_RWD,32,1,,PT_CAN,0x43c,EDS_Error_RR_B,EDS_VerMatchFailureErr_RWD,32,1,,SCF0
INF4493301_PWT43C3301,Msg,Info_CAN,0x449,EDS_Error_RR_B,EDS_DiashCirNoPsblErr_RWD,33,1,,PT_CAN,0x43c,EDS_Error_RR_B,EDS_DiashCirNoPsblErr_RWD,33,1,,SCF0
INF4493401_PWT43C3401,Msg,Info_CAN,0x449,EDS_Error_RR_B,EDS_OperOutdRngErr_RWD,34,1,,PT_CAN,0x43c,EDS_Error_RR_B,EDS_OperOutdRngErr_RWD,34,1,,SCF0
INF4493501_PWT43C3501,Msg,Info_CAN,0x449,EDS_Error_RR_B,EDS_PhaseLossFaultErr_RWD,35,1,,PT_CAN,0x43c,EDS_Error_RR_B,EDS_PhaseLossFaultErr_RWD,35,1,,SCF0
INF4493601_PWT43C3601,Msg,Info_CAN,0x449,EDS_Error_RR_B,EDS_CPLDFault_RWD,36,1,,PT_CAN,0x43c,EDS_Error_RR_B,EDS_CPLDFault_RWD,36,1,,SCF0
INF4493701_PWT43C3701,Msg,Info_CAN,0x449,EDS_Error_RR_B,EDS_CPLDFaultBaseSpd_RWD,37,1,,PT_CAN,0x43c,EDS_Error_RR_B,EDS_CPLDFaultBaseSpd_RWD,37,1,,SCF0
INF4493801_PWT43C3801,Msg,Info_CAN,0x449,EDS_Error_RR_B,EDS_IOHWABNen33Fail_RWD,38,1,,PT_CAN,0x43c,EDS_Error_RR_B,EDS_IOHWABNen33Fail_RWD,38,1,,SCF0
INF4493901_PWT43C3901,Msg,Info_CAN,0x449,EDS_Error_RR_B,EDS_HvMcuSlightFault_RWD,39,1,,PT_CAN,0x43c,EDS_Error_RR_B,EDS_HvMcuSlightFault_RWD,39,1,,SCF0
INF4494001_PWT43C4001,Msg,Info_CAN,0x449,EDS_Error_RR_B,EDS_HvMcuSevFault_RWD,40,1,,PT_CAN,0x43c,EDS_Error_RR_B,EDS_HvMcuSevFault_RWD,40,1,,SCF0
INF4494101_PWT43C4101,Msg,Info_CAN,0x449,EDS_Error_RR_B,EDS_EDSPhaSampHWFault_RWD,41,1,,PT_CAN,0x43c,EDS_Error_RR_B,EDS_EDSPhaSampHWFault_RWD,41,1,,SCF0
INF4494201_PWT43C4201,Msg,Info_CAN,0x449,EDS_Error_RR_B,EDS_IsOvHiErr_RWD,42,1,,PT_CAN,0x43c,EDS_Error_RR_B,EDS_IsOvHiErr_RWD,42,1,,SCF0
INF4494301_PWT43C4301,Msg,Info_CAN,0x449,EDS_Error_RR_B,EDS_CanRollingCounterErr_RWD,43,1,,PT_CAN,0x43c,EDS_Error_RR_B,EDS_CanRollingCounterErr_RWD,43,1,,SCF0
INF4494401_PWT43C4401,Msg,Info_CAN,0x449,EDS_Error_RR_B,EDS_CanTimeoutErr_RWD,44,1,,PT_CAN,0x43c,EDS_Error_RR_B,EDS_CanTimeoutErr_RWD,44,1,,SCF0
INF4494501_PWT43C4501,Msg,Info_CAN,0x449,EDS_Error_RR_B,EDS_CrashFault_RWD,45,1,,PT_CAN,0x43c,EDS_Error_RR_B,EDS_CrashFault_RWD,45,1,,SCF0
INF4494601_PWT43C4601,Msg,Info_CAN,0x449,EDS_Error_RR_B,EDS_PCFSlightFault_RWD,46,1,,PT_CAN,0x43c,EDS_Error_RR_B,EDS_PCFSlightFault_RWD,46,1,,SCF0
INF4494701_PWT43C4701,Msg,Info_CAN,0x449,EDS_Error_RR_B,EDS_PCFSerFault_RWD,47,1,,PT_CAN,0x43c,EDS_Error_RR_B,EDS_PCFSerFault_RWD,47,1,,SCF0
INF4496308_PWT43C6308,Msg,Info_CAN,0x449,EDS_Error_RR_B,SECCAN_EDS_Error_RR_B,63,8,,PT_CAN,0x43c,EDS_Error_RR_B,SECCAN_EDS_Error_RR_B,63,8,,SCF0
INF4560708_BOD4560708,Msg,Info_CAN,0x456,SCM_Raw_Status,OP_WISW_SZL_LIN,7,8,,Body_CAN,0x456,SCM_Raw_Status,OP_WISW_SZL_LIN,7,8,,SCF0
INF4560801_BOD4560801,Msg,Info_CAN,0x456,SCM_Raw_Status,COMM_ERR_SZL_LIN,8,1,,Body_CAN,0x456,SCM_Raw_Status,COMM_ERR_SZL_LIN,8,1,,SCF0
INF4561203_BOD4561203,Msg,Info_CAN,0x456,SCM_Raw_Status,BCM_Wiper_Front_Status,12,3,,Body_CAN,0x456,SCM_Raw_Status,BCM_Wiper_Front_Status,12,3,,SCF0
INF4561503_BOD4561503,Msg,Info_CAN,0x456,SCM_Raw_Status,OP_WIPO_SZL_LIN,15,3,,Body_CAN,0x456,SCM_Raw_Status,OP_WIPO_SZL_LIN,15,3,,SCF0
INF4562308_BOD4562308,Msg,Info_CAN,0x456,SCM_Raw_Status,OP_COLS_SZL_LIN,23,8,,Body_CAN,0x456,SCM_Raw_Status,OP_COLS_SZL_LIN,23,8,,SCF0
INF4562502_BOD4562502,Msg,Info_CAN,0x456,SCM_Raw_Status,NOD_ERR_SZL_LIN,25,2,,Body_CAN,0x456,SCM_Raw_Status,NOD_ERR_SZL_LIN,25,2,,SCF0
INF4562702_BOD4562702,Msg,Info_CAN,0x456,SCM_Raw_Status,BCM_Wiper_Rear_Status,27,2,,Body_CAN,0x456,SCM_Raw_Status,BCM_Wiper_Rear_Status,27,2,,SCF0
INF4563104_BOD4563104,Msg,Info_CAN,0x456,SCM_Raw_Status,ALIV_WISW_SZL_LIN,31,4,,Body_CAN,0x456,SCM_Raw_Status,ALIV_WISW_SZL_LIN,31,4,,SCF0
INF4570301_BOD4570301,Msg,Info_CAN,0x457,BCM_ALM_warning,AmbLight_Error_Z5,3,1,,Body_CAN,0x457,BCM_ALM_warning,AmbLight_Error_Z5,3,1,,SCF0
INF4570401_BOD4570401,Msg,Info_CAN,0x457,BCM_ALM_warning,AmbLight_Error_Z4,4,1,,Body_CAN,0x457,BCM_ALM_warning,AmbLight_Error_Z4,4,1,,SCF0
INF4570501_BOD4570501,Msg,Info_CAN,0x457,BCM_ALM_warning,AmbLight_Error_Z3,5,1,,Body_CAN,0x457,BCM_ALM_warning,AmbLight_Error_Z3,5,1,,SCF0
INF4570601_BOD4570601,Msg,Info_CAN,0x457,BCM_ALM_warning,AmbLight_Error_Z2,6,1,,Body_CAN,0x457,BCM_ALM_warning,AmbLight_Error_Z2,6,1,,SCF0
INF4570701_BOD4570701,Msg,Info_CAN,0x457,BCM_ALM_warning,AmbLight_Error_Z1,7,1,,Body_CAN,0x457,BCM_ALM_warning,AmbLight_Error_Z1,7,1,,SCF0
INF4640102_BOD4640102,Msg,Info_CAN,0x464,LDML_LIGHT,LDML_LampAssemblySts,1,2,,Body_CAN,0x464,LDML_LIGHT,LDML_LampAssemblySts,1,2,,SCF0
INF4640302_BOD4640302,Msg,Info_CAN,0x464,LDML_LIGHT,LDML_PosLmpSts,3,2,,Body_CAN,0x464,LDML_LIGHT,LDML_PosLmpSts,3,2,,SCF0
INF4640502_BOD4640502,Msg,Info_CAN,0x464,LDML_LIGHT,LDML_ControllerSts,5,2,,Body_CAN,0x464,LDML_LIGHT,LDML_ControllerSts,5,2,,SCF0
INF4640702_BOD4640702,Msg,Info_CAN,0x464,LDML_LIGHT,LDML_TurnIndicatorSts,7,2,,Body_CAN,0x464,LDML_LIGHT,LDML_TurnIndicatorSts,7,2,,SCF0
INF4640902_BOD4640902,Msg,Info_CAN,0x464,LDML_LIGHT,LDML_AuxLBSts,9,2,,Body_CAN,0x464,LDML_LIGHT,LDML_AuxLBSts,9,2,,SCF0
INF4641102_BOD4641102,Msg,Info_CAN,0x464,LDML_LIGHT,LDML_LowBeamSts,11,2,,Body_CAN,0x464,LDML_LIGHT,LDML_LowBeamSts,11,2,,SCF0
INF4641302_BOD4641302,Msg,Info_CAN,0x464,LDML_LIGHT,LDML_HighBeamSts,13,2,,Body_CAN,0x464,LDML_LIGHT,LDML_HighBeamSts,13,2,,SCF0
INF4641502_BOD4641502,Msg,Info_CAN,0x464,LDML_LIGHT,LDML_DayRunningLampSts,15,2,,Body_CAN,0x464,LDML_LIGHT,LDML_DayRunningLampSts,15,2,,SCF0
INF4641702_BOD4641702,Msg,Info_CAN,0x464,LDML_LIGHT,LDML_DayTimeRunningLightFbSts,17,2,,Body_CAN,0x464,LDML_LIGHT,LDML_DayTimeRunningLightFbSts,17,2,,SCF0
INF4641902_BOD4641902,Msg,Info_CAN,0x464,LDML_LIGHT,LDML_AutoLvlFbSts,19,2,,Body_CAN,0x464,LDML_LIGHT,LDML_AutoLvlFbSts,19,2,,SCF0
INF4642102_BOD4642102,Msg,Info_CAN,0x464,LDML_LIGHT,LDML_AdptvDrvBeamFbSts,21,2,,Body_CAN,0x464,LDML_LIGHT,LDML_AdptvDrvBeamFbSts,21,2,,SCF0
INF4642302_BOD4642302,Msg,Info_CAN,0x464,LDML_LIGHT,LDML_AuxHBSts,23,2,,Body_CAN,0x464,LDML_LIGHT,LDML_AuxHBSts,23,2,,SCF0
INF4642603_BOD4642603,Msg,Info_CAN,0x464,LDML_LIGHT,LDML_FollowMeHomeFbSts,26,3,,Body_CAN,0x464,LDML_LIGHT,LDML_FollowMeHomeFbSts,26,3,,SCF0
INF4642903_BOD4642903,Msg,Info_CAN,0x464,LDML_LIGHT,LDML_ExteriorLightFbSts,29,3,,Body_CAN,0x464,LDML_LIGHT,LDML_ExteriorLightFbSts,29,3,,SCF0
INF4643102_BOD4643102,Msg,Info_CAN,0x464,LDML_LIGHT,LDML_AHB_ICON_Feed,31,2,,Body_CAN,0x464,LDML_LIGHT,LDML_AHB_ICON_Feed,31,2,,SCF0
INF4650102_BOD4650102,Msg,Info_CAN,0x465,LDMR_LIGHT,LDMR_LampAssemblySts,1,2,,Body_CAN,0x465,LDMR_LIGHT,LDMR_LampAssemblySts,1,2,,SCF0
INF4650302_BOD4650302,Msg,Info_CAN,0x465,LDMR_LIGHT,LDMR_PosLmpSts,3,2,,Body_CAN,0x465,LDMR_LIGHT,LDMR_PosLmpSts,3,2,,SCF0
INF4650502_BOD4650502,Msg,Info_CAN,0x465,LDMR_LIGHT,LDMR_ControllerSts,5,2,,Body_CAN,0x465,LDMR_LIGHT,LDMR_ControllerSts,5,2,,SCF0
INF4650702_BOD4650702,Msg,Info_CAN,0x465,LDMR_LIGHT,LDMR_TurnIndicatorSts,7,2,,Body_CAN,0x465,LDMR_LIGHT,LDMR_TurnIndicatorSts,7,2,,SCF0
INF4650902_BOD4650902,Msg,Info_CAN,0x465,LDMR_LIGHT,LDMR_AuxLBSts,9,2,,Body_CAN,0x465,LDMR_LIGHT,LDMR_AuxLBSts,9,2,,SCF0
INF4651102_BOD4651102,Msg,Info_CAN,0x465,LDMR_LIGHT,LDMR_LowBeamSts,11,2,,Body_CAN,0x465,LDMR_LIGHT,LDMR_LowBeamSts,11,2,,SCF0
INF4651302_BOD4651302,Msg,Info_CAN,0x465,LDMR_LIGHT,LDMR_HighBeamSts,13,2,,Body_CAN,0x465,LDMR_LIGHT,LDMR_HighBeamSts,13,2,,SCF0
INF4651502_BOD4651502,Msg,Info_CAN,0x465,LDMR_LIGHT,LDMR_DayRunningLampSts,15,2,,Body_CAN,0x465,LDMR_LIGHT,LDMR_DayRunningLampSts,15,2,,SCF0
INF4651702_BOD4651702,Msg,Info_CAN,0x465,LDMR_LIGHT,LDMR_DayTimeRunningLightFbSts,17,2,,Body_CAN,0x465,LDMR_LIGHT,LDMR_DayTimeRunningLightFbSts,17,2,,SCF0
INF4651902_BOD4651902,Msg,Info_CAN,0x465,LDMR_LIGHT,LDMR_AutoLvlFbSts,19,2,,Body_CAN,0x465,LDMR_LIGHT,LDMR_AutoLvlFbSts,19,2,,SCF0
INF4652102_BOD4652102,Msg,Info_CAN,0x465,LDMR_LIGHT,LDMR_AdptvDrvBeamFbSts,21,2,,Body_CAN,0x465,LDMR_LIGHT,LDMR_AdptvDrvBeamFbSts,21,2,,SCF0
INF4652302_BOD4652302,Msg,Info_CAN,0x465,LDMR_LIGHT,LDMR_AuxHBSts,23,2,,Body_CAN,0x465,LDMR_LIGHT,LDMR_AuxHBSts,23,2,,SCF0
INF4652603_BOD4652603,Msg,Info_CAN,0x465,LDMR_LIGHT,LDMR_FollowMeHomeFbSts,26,3,,Body_CAN,0x465,LDMR_LIGHT,LDMR_FollowMeHomeFbSts,26,3,,SCF0
INF4652903_BOD4652903,Msg,Info_CAN,0x465,LDMR_LIGHT,LDMR_ExteriorLightFbSts,29,3,,Body_CAN,0x465,LDMR_LIGHT,LDMR_ExteriorLightFbSts,29,3,,SCF0
INF4653102_BOD4653102,Msg,Info_CAN,0x465,LDMR_LIGHT,LDMR_AHB_ICON_Feed,31,2,,Body_CAN,0x465,LDMR_LIGHT,LDMR_AHB_ICON_Feed,31,2,,SCF0
INF4800708_BOD4800708,Msg,Info_CAN,0x480,PSM_WarnMsg,CHKSM_PSM_WARNING_MSG,7,8,,Body_CAN,0x480,PSM_WarnMsg,CHKSM_PSM_WARNING_MSG,7,8,,SCF0
INF4801104_BOD4801104,Msg,Info_CAN,0x480,PSM_WarnMsg,ALV_PSM_WARNING_MSG,11,4,,Body_CAN,0x480,PSM_WarnMsg,ALV_PSM_WARNING_MSG,11,4,,SCF0
INF4801601_BOD4801601,Msg,Info_CAN,0x480,PSM_WarnMsg,PSM_DrvSeatMissalignment,16,1,,Body_CAN,0x480,PSM_WarnMsg,PSM_DrvSeatMissalignment,16,1,,SCF0
INF4801701_BOD4801701,Msg,Info_CAN,0x480,PSM_WarnMsg,PSM_PasSeatMisalignment,17,1,,Body_CAN,0x480,PSM_WarnMsg,PSM_PasSeatMisalignment,17,1,,SCF0
INF4801801_BOD4801801,Msg,Info_CAN,0x480,PSM_WarnMsg,PSM_WflagRes3,18,1,,Body_CAN,0x480,PSM_WarnMsg,PSM_WflagRes3,18,1,,SCF0
INF4802002_BOD4802002,Msg,Info_CAN,0x480,PSM_WarnMsg,PSM_WflagRes4,20,2,,Body_CAN,0x480,PSM_WarnMsg,PSM_WflagRes4,20,2,,SCF0
INF4802101_BOD4802101,Msg,Info_CAN,0x480,PSM_WarnMsg,PSM_WflagRes5,21,1,,Body_CAN,0x480,PSM_WarnMsg,PSM_WflagRes5,21,1,,SCF0
INF4802201_BOD4802201,Msg,Info_CAN,0x480,PSM_WarnMsg,PSM_WflagRes6,22,1,,Body_CAN,0x480,PSM_WarnMsg,PSM_WflagRes6,22,1,,SCF0
INF4802301_BOD4802301,Msg,Info_CAN,0x480,PSM_WarnMsg,PSM_WflagRes7,23,1,,Body_CAN,0x480,PSM_WarnMsg,PSM_WflagRes7,23,1,,SCF0
INF4804001_BOD4804001,Msg,Info_CAN,0x480,PSM_WarnMsg,PSM_WflagRes8,40,1,,Body_CAN,0x480,PSM_WarnMsg,PSM_WflagRes8,40,1,,SCF0
INF4804101_BOD4804101,Msg,Info_CAN,0x480,PSM_WarnMsg,PSM_WflagRes9,41,1,,Body_CAN,0x480,PSM_WarnMsg,PSM_WflagRes9,41,1,,SCF0
INF4804201_BOD4804201,Msg,Info_CAN,0x480,PSM_WarnMsg,PSM_WflagRes10,42,1,,Body_CAN,0x480,PSM_WarnMsg,PSM_WflagRes10,42,1,,SCF0
INF4804301_BOD4804301,Msg,Info_CAN,0x480,PSM_WarnMsg,PSM_WflagRes11,43,1,,Body_CAN,0x480,PSM_WarnMsg,PSM_WflagRes11,43,1,,SCF0
INF4804401_BOD4804401,Msg,Info_CAN,0x480,PSM_WarnMsg,PSM_WflagRes12,44,1,,Body_CAN,0x480,PSM_WarnMsg,PSM_WflagRes12,44,1,,SCF0
INF4810708_BOD4810708,Msg,Info_CAN,0x481,BCM_WarnMsg,CHSKM_BCM_WarnMsg,7,8,,Body_CAN,0x481,BCM_WarnMsg,CHSKM_BCM_WarnMsg,7,8,,SCF0
INF4811104_BOD4811104,Msg,Info_CAN,0x481,BCM_WarnMsg,ALV_BCM_WarnMsg,11,4,,Body_CAN,0x481,BCM_WarnMsg,ALV_BCM_WarnMsg,11,4,,SCF0
INF4811201_BOD4811201,Msg,Info_CAN,0x481,BCM_WarnMsg,BCM_NoValidKey_1,12,1,,Body_CAN,0x481,BCM_WarnMsg,BCM_NoValidKey_1,12,1,,SCF0
INF4811301_BOD4811301,Msg,Info_CAN,0x481,BCM_WarnMsg,BCM_SSB_defect,13,1,,Body_CAN,0x481,BCM_WarnMsg,BCM_SSB_defect,13,1,,SCF0
INF4811401_BOD4811401,Msg,Info_CAN,0x481,BCM_WarnMsg,BCM_WrongGearPosToStart,14,1,,Body_CAN,0x481,BCM_WarnMsg,BCM_WrongGearPosToStart,14,1,,SCF0
INF4811501_BOD4811501,Msg,Info_CAN,0x481,BCM_WarnMsg,BCM_NoValidKey_2,15,1,,Body_CAN,0x481,BCM_WarnMsg,BCM_NoValidKey_2,15,1,,SCF0
INF4811601_BOD4811601,Msg,Info_CAN,0x481,BCM_WarnMsg,BCM_PressBrakeToStart,16,1,,Body_CAN,0x481,BCM_WarnMsg,BCM_PressBrakeToStart,16,1,,SCF0
INF4811701_BOD4811701,Msg,Info_CAN,0x481,BCM_WarnMsg,BCM_TurnOffPosLightRemindr,17,1,,Body_CAN,0x481,BCM_WarnMsg,BCM_TurnOffPosLightRemindr,17,1,,SCF0
INF4811801_BOD4811801,Msg,Info_CAN,0x481,BCM_WarnMsg,BCM_KeyFob_LowBattery,18,1,,Body_CAN,0x481,BCM_WarnMsg,BCM_KeyFob_LowBattery,18,1,,SCF0
INF4811901_BOD4811901,Msg,Info_CAN,0x481,BCM_WarnMsg,BCM_StopLightDefect,19,1,,Body_CAN,0x481,BCM_WarnMsg,BCM_StopLightDefect,19,1,,SCF0
INF4812001_BOD4812001,Msg,Info_CAN,0x481,BCM_WarnMsg,BCM_LowBeamDefect,20,1,,Body_CAN,0x481,BCM_WarnMsg,BCM_LowBeamDefect,20,1,,SCF0
INF4812101_BOD4812101,Msg,Info_CAN,0x481,BCM_WarnMsg,BCM_HighBeamDefect,21,1,,Body_CAN,0x481,BCM_WarnMsg,BCM_HighBeamDefect,21,1,,SCF0
INF4812201_BOD4812201,Msg,Info_CAN,0x481,BCM_WarnMsg,BCM_PositionLightDefect,22,1,,Body_CAN,0x481,BCM_WarnMsg,BCM_PositionLightDefect,22,1,,SCF0
INF4812301_BOD4812301,Msg,Info_CAN,0x481,BCM_WarnMsg,BCM_CHMLS_Defect,23,1,,Body_CAN,0x481,BCM_WarnMsg,BCM_CHMLS_Defect,23,1,,SCF0
INF4812401_BOD4812401,Msg,Info_CAN,0x481,BCM_WarnMsg,BCM_LicencePlateLight_Defect,24,1,,Body_CAN,0x481,BCM_WarnMsg,BCM_LicencePlateLight_Defect,24,1,,SCF0
INF4812501_BOD4812501,Msg,Info_CAN,0x481,BCM_WarnMsg,BCM_FrontFog_Defect,25,1,,Body_CAN,0x481,BCM_WarnMsg,BCM_FrontFog_Defect,25,1,,SCF0
INF4812601_BOD4812601,Msg,Info_CAN,0x481,BCM_WarnMsg,BCM_RearFog_Defect,26,1,,Body_CAN,0x481,BCM_WarnMsg,BCM_RearFog_Defect,26,1,,SCF0
INF4812701_BOD4812701,Msg,Info_CAN,0x481,BCM_WarnMsg,BCM_ReverseLightDefect,27,1,,Body_CAN,0x481,BCM_WarnMsg,BCM_ReverseLightDefect,27,1,,SCF0
INF4812801_BOD4812801,Msg,Info_CAN,0x481,BCM_WarnMsg,BCM_RLS_Malfunction,28,1,,Body_CAN,0x481,BCM_WarnMsg,BCM_RLS_Malfunction,28,1,,SCF0
INF4812901_BOD4812901,Msg,Info_CAN,0x481,BCM_WarnMsg,BCM_12VBattery_LowLevel,29,1,,Body_CAN,0x481,BCM_WarnMsg,BCM_12VBattery_LowLevel,29,1,,SCF0
INF4813001_BOD4813001,Msg,Info_CAN,0x481,BCM_WarnMsg,BCM_ForgetKeyFOBInCar,30,1,,Body_CAN,0x481,BCM_WarnMsg,BCM_ForgetKeyFOBInCar,30,1,,SCF0
INF4813101_BOD4813101,Msg,Info_CAN,0x481,BCM_WarnMsg,BCM_12VBattery_Discharging,31,1,,Body_CAN,0x481,BCM_WarnMsg,BCM_12VBattery_Discharging,31,1,,SCF0
INF4813201_BOD4813201,Msg,Info_CAN,0x481,BCM_WarnMsg,BCM_TurnIndicatorDefect,32,1,,Body_CAN,0x481,BCM_WarnMsg,BCM_TurnIndicatorDefect,32,1,,SCF0
INF4813301_BOD4813301,Msg,Info_CAN,0x481,BCM_WarnMsg,BCM_dTPMS_Malfunc,33,1,,Body_CAN,0x481,BCM_WarnMsg,BCM_dTPMS_Malfunc,33,1,,SCF0
INF4813401_BOD4813401,Msg,Info_CAN,0x481,BCM_WarnMsg,BCM_dTPMS_Malfunc_LostSensor,34,1,,Body_CAN,0x481,BCM_WarnMsg,BCM_dTPMS_Malfunc_LostSensor,34,1,,SCF0
INF4813501_BOD4813501,Msg,Info_CAN,0x481,BCM_WarnMsg,BCM_dTPMS_LowPressure,35,1,,Body_CAN,0x481,BCM_WarnMsg,BCM_dTPMS_LowPressure,35,1,,SCF0
INF4813601_BOD4813601,Msg,Info_CAN,0x481,BCM_WarnMsg,BCM_dTPMS_RapidLeak,36,1,,Body_CAN,0x481,BCM_WarnMsg,BCM_dTPMS_RapidLeak,36,1,,SCF0
INF4813701_BOD4813701,Msg,Info_CAN,0x481,BCM_WarnMsg,BCM_dTPMS_HighTemperature,37,1,,Body_CAN,0x481,BCM_WarnMsg,BCM_dTPMS_HighTemperature,37,1,,SCF0
INF4813801_BOD4813801,Msg,Info_CAN,0x481,BCM_WarnMsg,BCM_dTPMS_HighPressure,38,1,,Body_CAN,0x481,BCM_WarnMsg,BCM_dTPMS_HighPressure,38,1,,SCF0
INF4813901_BOD4813901,Msg,Info_CAN,0x481,BCM_WarnMsg,BCM_dTPMS_LowBattery,39,1,,Body_CAN,0x481,BCM_WarnMsg,BCM_dTPMS_LowBattery,39,1,,SCF0
INF4814001_BOD4814001,Msg,Info_CAN,0x481,BCM_WarnMsg,BCM_Keyfob_Leftcar,40,1,,Body_CAN,0x481,BCM_WarnMsg,BCM_Keyfob_Leftcar,40,1,,SCF0
INF4814101_BOD4814101,Msg,Info_CAN,0x481,BCM_WarnMsg,BCM_IDB_Brakelight_Malfunction,41,1,,Body_CAN,0x481,BCM_WarnMsg,BCM_IDB_Brakelight_Malfunction,41,1,,SCF0
INF4814201_BOD4814201,Msg,Info_CAN,0x481,BCM_WarnMsg,BCM_VCU_Brakelight_Malfunction,42,1,,Body_CAN,0x481,BCM_WarnMsg,BCM_VCU_Brakelight_Malfunction,42,1,,SCF0
INF4814301_BOD4814301,Msg,Info_CAN,0x481,BCM_WarnMsg,BCM_ADAS_Turnlight_Malfunction,43,1,,Body_CAN,0x481,BCM_WarnMsg,BCM_ADAS_Turnlight_Malfunction,43,1,,SCF0
INF4814401_BOD4814401,Msg,Info_CAN,0x481,BCM_WarnMsg,BCM_ADAS_Highbeam_Malfunction,44,1,,Body_CAN,0x481,BCM_WarnMsg,BCM_ADAS_Highbeam_Malfunction,44,1,,SCF0
INF4814501_BOD4814501,Msg,Info_CAN,0x481,BCM_WarnMsg,BCM_ADAS_LowBeam_Malfunction,45,1,,Body_CAN,0x481,BCM_WarnMsg,BCM_ADAS_LowBeam_Malfunction,45,1,,SCF0
INF4814601_BOD4814601,Msg,Info_CAN,0x481,BCM_WarnMsg,BCM_MHU_Malfunction,46,1,,Body_CAN,0x481,BCM_WarnMsg,BCM_MHU_Malfunction,46,1,,SCF0
INF4814701_BOD4814701,Msg,Info_CAN,0x481,BCM_WarnMsg,BCM_BCM_Malfunction,47,1,,Body_CAN,0x481,BCM_WarnMsg,BCM_BCM_Malfunction,47,1,,SCF0
INF4814801_BOD4814801,Msg,Info_CAN,0x481,BCM_WarnMsg,BCM_SCM_Malfunction,48,1,,Body_CAN,0x481,BCM_WarnMsg,BCM_SCM_Malfunction,48,1,,SCF0
INF4814901_BOD4814901,Msg,Info_CAN,0x481,BCM_WarnMsg,BCM_CrashSignalDefect,49,1,,Body_CAN,0x481,BCM_WarnMsg,BCM_CrashSignalDefect,49,1,,SCF0
INF4815101_BOD4815101,Msg,Info_CAN,0x481,BCM_WarnMsg,BCM_FrontWiperDefect,51,1,,Body_CAN,0x481,BCM_WarnMsg,BCM_FrontWiperDefect,51,1,,SCF0
INF4815201_BOD4815201,Msg,Info_CAN,0x481,BCM_WarnMsg,BCM_Rear_RightDoorLockDefect,52,1,,Body_CAN,0x481,BCM_WarnMsg,BCM_Rear_RightDoorLockDefect,52,1,,SCF0
INF4815301_BOD4815301,Msg,Info_CAN,0x481,BCM_WarnMsg,BCM_RearLeftDoorLockDefect,53,1,,Body_CAN,0x481,BCM_WarnMsg,BCM_RearLeftDoorLockDefect,53,1,,SCF0
INF4815401_BOD4815401,Msg,Info_CAN,0x481,BCM_WarnMsg,BCM_Front_RightDoorLockDefect,54,1,,Body_CAN,0x481,BCM_WarnMsg,BCM_Front_RightDoorLockDefect,54,1,,SCF0
INF4815501_BOD4815501,Msg,Info_CAN,0x481,BCM_WarnMsg,BCM_FrontLeftDoorLockDefect,55,1,,Body_CAN,0x481,BCM_WarnMsg,BCM_FrontLeftDoorLockDefect,55,1,,SCF0
INF4815601_BOD4815601,Msg,Info_CAN,0x481,BCM_WarnMsg,BCM_LDML_Malfunction,56,1,,Body_CAN,0x481,BCM_WarnMsg,BCM_LDML_Malfunction,56,1,,SCF0
INF4815701_BOD4815701,Msg,Info_CAN,0x481,BCM_WarnMsg,BCM_LDMR_Malfunction,57,1,,Body_CAN,0x481,BCM_WarnMsg,BCM_LDMR_Malfunction,57,1,,SCF0
INF4815801_BOD4815801,Msg,Info_CAN,0x481,BCM_WarnMsg,BCM_RLBL_Malfunction,58,1,,Body_CAN,0x481,BCM_WarnMsg,BCM_RLBL_Malfunction,58,1,,SCF0
INF4815901_BOD4815901,Msg,Info_CAN,0x481,BCM_WarnMsg,BCM_RLBR_Malfunction,59,1,,Body_CAN,0x481,BCM_WarnMsg,BCM_RLBR_Malfunction,59,1,,SCF0
INF4816001_BOD4816001,Msg,Info_CAN,0x481,BCM_WarnMsg,BCM_RLT_Malfunction,60,1,,Body_CAN,0x481,BCM_WarnMsg,BCM_RLT_Malfunction,60,1,,SCF0
INF4816101_BOD4816101,Msg,Info_CAN,0x481,BCM_WarnMsg,BCM_BCM_POWER_Malfunction,61,1,,Body_CAN,0x481,BCM_WarnMsg,BCM_BCM_POWER_Malfunction,61,1,,SCF0
INF4816201_BOD4816201,Msg,Info_CAN,0x481,BCM_WarnMsg,BCM_IDB_AutoHazardBlinking_Malf,62,1,,Body_CAN,0x481,BCM_WarnMsg,BCM_IDB_AutoHazardBlinking_Malf,62,1,,SCF0
INF4830708_BOD4830708,Msg,Info_CAN,0x483,TPMS_TirePressure,TPMS_FLTirePress,7,8,,Body_CAN,0x483,TPMS_TirePressure,TPMS_FLTirePress,7,8,,SCF0
INF4831508_BOD4831508,Msg,Info_CAN,0x483,TPMS_TirePressure,TPMS_FRTirePress,15,8,,Body_CAN,0x483,TPMS_TirePressure,TPMS_FRTirePress,15,8,,SCF0
INF4832308_BOD4832308,Msg,Info_CAN,0x483,TPMS_TirePressure,TPMS_RLTirePress,23,8,,Body_CAN,0x483,TPMS_TirePressure,TPMS_RLTirePress,23,8,,SCF0
INF4833108_BOD4833108,Msg,Info_CAN,0x483,TPMS_TirePressure,TPMS_RRTirePress,31,8,,Body_CAN,0x483,TPMS_TirePressure,TPMS_RRTirePress,31,8,,SCF0
INF4833403_BOD4833403,Msg,Info_CAN,0x483,TPMS_TirePressure,TPMS_FLTirePressAlarm,34,3,,Body_CAN,0x483,TPMS_TirePressure,TPMS_FLTirePressAlarm,34,3,,SCF0
INF4833803_BOD4833803,Msg,Info_CAN,0x483,TPMS_TirePressure,TPMS_FRTirePressAlarm,38,3,,Body_CAN,0x483,TPMS_TirePressure,TPMS_FRTirePressAlarm,38,3,,SCF0
INF4834203_BOD4834203,Msg,Info_CAN,0x483,TPMS_TirePressure,TPMS_RLTirePressAlarm,42,3,,Body_CAN,0x483,TPMS_TirePressure,TPMS_RLTirePressAlarm,42,3,,SCF0
INF4834603_BOD4834603,Msg,Info_CAN,0x483,TPMS_TirePressure,TPMS_RRTirePressAlarm,46,3,,Body_CAN,0x483,TPMS_TirePressure,TPMS_RRTirePressAlarm,46,3,,SCF0
INF4835003_BOD4835003,Msg,Info_CAN,0x483,TPMS_TirePressure,TPMS_TirePosition,50,3,,Body_CAN,0x483,TPMS_TirePressure,TPMS_TirePosition,50,3,,SCF0
INF4835101_BOD4835101,Msg,Info_CAN,0x483,TPMS_TirePressure,TPMS_ready2learning,51,1,,Body_CAN,0x483,TPMS_TirePressure,TPMS_ready2learning,51,1,,SCF0
INF4835201_BOD4835201,Msg,Info_CAN,0x483,TPMS_TirePressure,TPMS_TireTempAlarm,52,1,,Body_CAN,0x483,TPMS_TirePressure,TPMS_TireTempAlarm,52,1,,SCF0
INF4835503_BOD4835503,Msg,Info_CAN,0x483,TPMS_TirePressure,TPMS_LearningStatus,55,3,,Body_CAN,0x483,TPMS_TirePressure,TPMS_LearningStatus,55,3,,SCF0
INF4836308_BOD4836308,Msg,Info_CAN,0x483,TPMS_TirePressure,TPMS_TireTemp,63,8,,Body_CAN,0x483,TPMS_TirePressure,TPMS_TireTemp,63,8,,SCF0
INF4880708_BOD4880708,Msg,Info_CAN,0x488,ACM_WarnMsg,CHKSM_ACM_WARNING_MSG,7,8,,Body_CAN,0x488,ACM_WarnMsg,CHKSM_ACM_WARNING_MSG,7,8,,SCF0
INF4881104_BOD4881104,Msg,Info_CAN,0x488,ACM_WarnMsg,ALV_ACM_WARNING_MSG,11,4,,Body_CAN,0x488,ACM_WarnMsg,ALV_ACM_WARNING_MSG,11,4,,SCF0
INF4881601_BOD4881601,Msg,Info_CAN,0x488,ACM_WarnMsg,ACM_Malfunction,16,1,,Body_CAN,0x488,ACM_WarnMsg,ACM_Malfunction,16,1,,SCF0
INF4881701_BOD4881701,Msg,Info_CAN,0x488,ACM_WarnMsg,ACM_Pre_Drive_Check,17,1,,Body_CAN,0x488,ACM_WarnMsg,ACM_Pre_Drive_Check,17,1,,SCF0
INF4881801_BOD4881801,Msg,Info_CAN,0x488,ACM_WarnMsg,ACM_in_Plant_Mode,18,1,,Body_CAN,0x488,ACM_WarnMsg,ACM_in_Plant_Mode,18,1,,SCF0
INF4882002_BOD4882002,Msg,Info_CAN,0x488,ACM_WarnMsg,ACM_PAB_Suppression,20,2,,Body_CAN,0x488,ACM_WarnMsg,ACM_PAB_Suppression,20,2,,SCF0
INF4882101_BOD4882101,Msg,Info_CAN,0x488,ACM_WarnMsg,ACM_Airbag_Disabled,21,1,,Body_CAN,0x488,ACM_WarnMsg,ACM_Airbag_Disabled,21,1,,SCF0
INF4882201_BOD4882201,Msg,Info_CAN,0x488,ACM_WarnMsg,ACM_Development_Calibration,22,1,,Body_CAN,0x488,ACM_WarnMsg,ACM_Development_Calibration,22,1,,SCF0
INF4882301_BOD4882301,Msg,Info_CAN,0x488,ACM_WarnMsg,ACM_In_Disposal_Mode,23,1,,Body_CAN,0x488,ACM_WarnMsg,ACM_In_Disposal_Mode,23,1,,SCF0
INF4884001_BOD4884001,Msg,Info_CAN,0x488,ACM_WarnMsg,ACM_Seatbelt_Reminder_Request,40,1,,Body_CAN,0x488,ACM_WarnMsg,ACM_Seatbelt_Reminder_Request,40,1,,SCF0
INF4884101_BOD4884101,Msg,Info_CAN,0x488,ACM_WarnMsg,ACM_SBR_Chime_Req,41,1,,Body_CAN,0x488,ACM_WarnMsg,ACM_SBR_Chime_Req,41,1,,SCF0
INF4884201_BOD4884201,Msg,Info_CAN,0x488,ACM_WarnMsg,ACM_SBR_Blinking_Req,42,1,,Body_CAN,0x488,ACM_WarnMsg,ACM_SBR_Blinking_Req,42,1,,SCF0
INF4890708_BOD4890708,Msg,Info_CAN,0x489,CCU_WarnMsg,CHSKM_CCU_WarnMsg,7,8,,Body_CAN,0x489,CCU_WarnMsg,CHSKM_CCU_WarnMsg,7,8,,SCF0
INF4891104_BOD4891104,Msg,Info_CAN,0x489,CCU_WarnMsg,ALV_CCU_WarnMsg,11,4,,Body_CAN,0x489,CCU_WarnMsg,ALV_CCU_WarnMsg,11,4,,SCF0
INF4891201_BOD4891201,Msg,Info_CAN,0x489,CCU_WarnMsg,CCU_Malfunction,12,1,,Body_CAN,0x489,CCU_WarnMsg,CCU_Malfunction,12,1,,SCF0
INF4891301_BOD4891301,Msg,Info_CAN,0x489,CCU_WarnMsg,CCU_Warning_Flag_2,13,1,,Body_CAN,0x489,CCU_WarnMsg,CCU_Warning_Flag_2,13,1,,SCF0
INF4891401_BOD4891401,Msg,Info_CAN,0x489,CCU_WarnMsg,CCU_Warning_Flag_3,14,1,,Body_CAN,0x489,CCU_WarnMsg,CCU_Warning_Flag_3,14,1,,SCF0
INF4891501_BOD4891501,Msg,Info_CAN,0x489,CCU_WarnMsg,CCU_Warning_Flag_4,15,1,,Body_CAN,0x489,CCU_WarnMsg,CCU_Warning_Flag_4,15,1,,SCF0
INF4891601_BOD4891601,Msg,Info_CAN,0x489,CCU_WarnMsg,CCU_Warning_Flag_5,16,1,,Body_CAN,0x489,CCU_WarnMsg,CCU_Warning_Flag_5,16,1,,SCF0
INF4891701_BOD4891701,Msg,Info_CAN,0x489,CCU_WarnMsg,CCU_Warning_Flag_6,17,1,,Body_CAN,0x489,CCU_WarnMsg,CCU_Warning_Flag_6,17,1,,SCF0
INF4891801_BOD4891801,Msg,Info_CAN,0x489,CCU_WarnMsg,CCU_Warning_Flag_7,18,1,,Body_CAN,0x489,CCU_WarnMsg,CCU_Warning_Flag_7,18,1,,SCF0
INF4891901_BOD4891901,Msg,Info_CAN,0x489,CCU_WarnMsg,CCU_Warning_Flag_8,19,1,,Body_CAN,0x489,CCU_WarnMsg,CCU_Warning_Flag_8,19,1,,SCF0
INF4892001_BOD4892001,Msg,Info_CAN,0x489,CCU_WarnMsg,CCU_Warning_Flag_9,20,1,,Body_CAN,0x489,CCU_WarnMsg,CCU_Warning_Flag_9,20,1,,SCF0
INF4892101_BOD4892101,Msg,Info_CAN,0x489,CCU_WarnMsg,CCU_Warning_Flag_10,21,1,,Body_CAN,0x489,CCU_WarnMsg,CCU_Warning_Flag_10,21,1,,SCF0
INF4892201_BOD4892201,Msg,Info_CAN,0x489,CCU_WarnMsg,CCU_Warning_Flag_11,22,1,,Body_CAN,0x489,CCU_WarnMsg,CCU_Warning_Flag_11,22,1,,SCF0
INF4892301_BOD4892301,Msg,Info_CAN,0x489,CCU_WarnMsg,CCU_Warning_Flag_12,23,1,,Body_CAN,0x489,CCU_WarnMsg,CCU_Warning_Flag_12,23,1,,SCF0
INF48E0708_BOD48E0708,Msg,Info_CAN,0x48e,ETG_WarnMsg,CHSKM_ETG_WarnMsg,7,8,,Body_CAN,0x48e,ETG_WarnMsg,CHSKM_ETG_WarnMsg,7,8,,SCF0
INF48E1104_BOD48E1104,Msg,Info_CAN,0x48e,ETG_WarnMsg,ALV_ETG_WarnMsg,11,4,,Body_CAN,0x48e,ETG_WarnMsg,ALV_ETG_WarnMsg,11,4,,SCF0
INF48E1201_BOD48E1201,Msg,Info_CAN,0x48e,ETG_WarnMsg,ETG_Malfunction,12,1,,Body_CAN,0x48e,ETG_WarnMsg,ETG_Malfunction,12,1,,SCF0
INF48E1301_BOD48E1301,Msg,Info_CAN,0x48e,ETG_WarnMsg,ETG_Warning_Flag_2,13,1,,Body_CAN,0x48e,ETG_WarnMsg,ETG_Warning_Flag_2,13,1,,SCF0
INF48E1401_BOD48E1401,Msg,Info_CAN,0x48e,ETG_WarnMsg,ETG_Warning_Flag_3,14,1,,Body_CAN,0x48e,ETG_WarnMsg,ETG_Warning_Flag_3,14,1,,SCF0
INF48E1501_BOD48E1501,Msg,Info_CAN,0x48e,ETG_WarnMsg,ETG_Warning_Flag_4,15,1,,Body_CAN,0x48e,ETG_WarnMsg,ETG_Warning_Flag_4,15,1,,SCF0
INF48E1601_BOD48E1601,Msg,Info_CAN,0x48e,ETG_WarnMsg,ETG_Warning_Flag_5,16,1,,Body_CAN,0x48e,ETG_WarnMsg,ETG_Warning_Flag_5,16,1,,SCF0
INF48E1701_BOD48E1701,Msg,Info_CAN,0x48e,ETG_WarnMsg,ETG_Warning_Flag_6,17,1,,Body_CAN,0x48e,ETG_WarnMsg,ETG_Warning_Flag_6,17,1,,SCF0
INF48E1801_BOD48E1801,Msg,Info_CAN,0x48e,ETG_WarnMsg,ETG_Warning_Flag_7,18,1,,Body_CAN,0x48e,ETG_WarnMsg,ETG_Warning_Flag_7,18,1,,SCF0
INF48E1901_BOD48E1901,Msg,Info_CAN,0x48e,ETG_WarnMsg,ETG_Warning_Flag_8,19,1,,Body_CAN,0x48e,ETG_WarnMsg,ETG_Warning_Flag_8,19,1,,SCF0
INF48E2001_BOD48E2001,Msg,Info_CAN,0x48e,ETG_WarnMsg,ETG_Warning_Flag_9,20,1,,Body_CAN,0x48e,ETG_WarnMsg,ETG_Warning_Flag_9,20,1,,SCF0
INF48E2101_BOD48E2101,Msg,Info_CAN,0x48e,ETG_WarnMsg,ETG_Warning_Flag_10,21,1,,Body_CAN,0x48e,ETG_WarnMsg,ETG_Warning_Flag_10,21,1,,SCF0
INF48E2201_BOD48E2201,Msg,Info_CAN,0x48e,ETG_WarnMsg,ETG_Warning_Flag_11,22,1,,Body_CAN,0x48e,ETG_WarnMsg,ETG_Warning_Flag_11,22,1,,SCF0
INF48E2301_BOD48E2301,Msg,Info_CAN,0x48e,ETG_WarnMsg,ETG_Warning_Flag_12,23,1,,Body_CAN,0x48e,ETG_WarnMsg,ETG_Warning_Flag_12,23,1,,SCF0
INF4900708_PWT4900708,Msg,Info_CAN,0x490,GS_WarnMsg,CHSKM_GS_WarnMsg,7,8,,PT_CAN,0x490,GS_WarnMsg,CHSKM_GS_WarnMsg,7,8,,SCF0
INF4901104_PWT4901104,Msg,Info_CAN,0x490,GS_WarnMsg,ALV_GS_WarnMsg,11,4,,PT_CAN,0x490,GS_WarnMsg,ALV_GS_WarnMsg,11,4,,SCF0
INF4901201_PWT4901201,Msg,Info_CAN,0x490,GS_WarnMsg,GS_Warning_Flag_1,12,1,,PT_CAN,0x490,GS_WarnMsg,GS_Warning_Flag_1,12,1,,SCF0
INF4901301_PWT4901301,Msg,Info_CAN,0x490,GS_WarnMsg,GS_Warning_Flag_2,13,1,,PT_CAN,0x490,GS_WarnMsg,GS_Warning_Flag_2,13,1,,SCF0
INF4901401_PWT4901401,Msg,Info_CAN,0x490,GS_WarnMsg,GS_Warning_Flag_3,14,1,,PT_CAN,0x490,GS_WarnMsg,GS_Warning_Flag_3,14,1,,SCF0
INF4901501_PWT4901501,Msg,Info_CAN,0x490,GS_WarnMsg,GS_Warning_Flag_4,15,1,,PT_CAN,0x490,GS_WarnMsg,GS_Warning_Flag_4,15,1,,SCF0
INF4901601_PWT4901601,Msg,Info_CAN,0x490,GS_WarnMsg,GS_Warning_Flag_5,16,1,,PT_CAN,0x490,GS_WarnMsg,GS_Warning_Flag_5,16,1,,SCF0
INF4901701_PWT4901701,Msg,Info_CAN,0x490,GS_WarnMsg,GS_Warning_Flag_6,17,1,,PT_CAN,0x490,GS_WarnMsg,GS_Warning_Flag_6,17,1,,SCF0
INF4901801_PWT4901801,Msg,Info_CAN,0x490,GS_WarnMsg,GS_Warning_Flag_7,18,1,,PT_CAN,0x490,GS_WarnMsg,GS_Warning_Flag_7,18,1,,SCF0
INF4901901_PWT4901901,Msg,Info_CAN,0x490,GS_WarnMsg,GS_Warning_Flag_8,19,1,,PT_CAN,0x490,GS_WarnMsg,GS_Warning_Flag_8,19,1,,SCF0
INF4902001_PWT4902001,Msg,Info_CAN,0x490,GS_WarnMsg,GS_Warning_Flag_9,20,1,,PT_CAN,0x490,GS_WarnMsg,GS_Warning_Flag_9,20,1,,SCF0
INF4902101_PWT4902101,Msg,Info_CAN,0x490,GS_WarnMsg,GS_Warning_Flag_10,21,1,,PT_CAN,0x490,GS_WarnMsg,GS_Warning_Flag_10,21,1,,SCF0
INF4902201_PWT4902201,Msg,Info_CAN,0x490,GS_WarnMsg,GS_Warning_Flag_11,22,1,,PT_CAN,0x490,GS_WarnMsg,GS_Warning_Flag_11,22,1,,SCF0
INF4902301_PWT4902301,Msg,Info_CAN,0x490,GS_WarnMsg,GS_Warning_Flag_12,23,1,,PT_CAN,0x490,GS_WarnMsg,GS_Warning_Flag_12,23,1,,SCF0
INF4903108_PWT4903108,Msg,Info_CAN,0x490,GS_WarnMsg,GS_Reserved_signal1,31,8,,PT_CAN,0x490,GS_WarnMsg,GS_Reserved_signal1,31,8,,SCF0
INF4903908_PWT4903908,Msg,Info_CAN,0x490,GS_WarnMsg,GS_Reserved_signal2,39,8,,PT_CAN,0x490,GS_WarnMsg,GS_Reserved_signal2,39,8,,SCF0
INF4904708_PWT4904708,Msg,Info_CAN,0x490,GS_WarnMsg,GS_Reserved_signal3,47,8,,PT_CAN,0x490,GS_WarnMsg,GS_Reserved_signal3,47,8,,SCF0
INF4905508_PWT4905508,Msg,Info_CAN,0x490,GS_WarnMsg,GS_Reserved_signal4,55,8,,PT_CAN,0x490,GS_WarnMsg,GS_Reserved_signal4,55,8,,SCF0
INF4906308_PWT4906308,Msg,Info_CAN,0x490,GS_WarnMsg,GS_Reserved_signal5,63,8,,PT_CAN,0x490,GS_WarnMsg,GS_Reserved_signal5,63,8,,SCF0
INF4930708_BAT4930708,Msg,Info_CAN,0x493,BMS_WarnMsg,CHSKM_BMS_WarnMsg,7,8,,BA_CAN,0x493,BMS_WarnMsg,CHSKM_BMS_WarnMsg,7,8,,SCF0
INF4931104_BAT4931104,Msg,Info_CAN,0x493,BMS_WarnMsg,ALV_BMS_WarnMsg,11,4,,BA_CAN,0x493,BMS_WarnMsg,ALV_BMS_WarnMsg,11,4,,SCF0
INF4931302_BAT4931302,Msg,Info_CAN,0x493,BMS_WarnMsg,BMS_PackTempSts,13,2,,BA_CAN,0x493,BMS_WarnMsg,BMS_PackTempSts,13,2,,SCF0
INF4931401_BAT4931401,Msg,Info_CAN,0x493,BMS_WarnMsg,BMS_ThermalRunaway,14,1,,BA_CAN,0x493,BMS_WarnMsg,BMS_ThermalRunaway,14,1,,SCF0
INF4931501_BAT4931501,Msg,Info_CAN,0x493,BMS_WarnMsg,BMS_BatteryReplacement,15,1,,BA_CAN,0x493,BMS_WarnMsg,BMS_BatteryReplacement,15,1,,SCF0
INF4931601_BAT4931601,Msg,Info_CAN,0x493,BMS_WarnMsg,BMS_Warning_PowerDegrade,16,1,,BA_CAN,0x493,BMS_WarnMsg,BMS_Warning_PowerDegrade,16,1,,SCF0
INF4931701_BAT4931701,Msg,Info_CAN,0x493,BMS_WarnMsg,BMS_Warning_DeltaSoC,17,1,,BA_CAN,0x493,BMS_WarnMsg,BMS_Warning_DeltaSoC,17,1,,SCF0
INF4931801_BAT4931801,Msg,Info_CAN,0x493,BMS_WarnMsg,BMS_Warning_HVILSts,18,1,,BA_CAN,0x493,BMS_WarnMsg,BMS_Warning_HVILSts,18,1,,SCF0
INF4931901_BAT4931901,Msg,Info_CAN,0x493,BMS_WarnMsg,BMS_Warning_Isolation,19,1,,BA_CAN,0x493,BMS_WarnMsg,BMS_Warning_Isolation,19,1,,SCF0
INF4932001_BAT4932001,Msg,Info_CAN,0x493,BMS_WarnMsg,BMS_Warning_CoolantLeakage,20,1,,BA_CAN,0x493,BMS_WarnMsg,BMS_Warning_CoolantLeakage,20,1,,SCF0
INF4932101_BAT4932101,Msg,Info_CAN,0x493,BMS_WarnMsg,BMS_MalfunctionSts,21,1,,BA_CAN,0x493,BMS_WarnMsg,BMS_MalfunctionSts,21,1,,SCF0
INF4932302_BAT4932302,Msg,Info_CAN,0x493,BMS_WarnMsg,BMS_LowBattery,23,2,,BA_CAN,0x493,BMS_WarnMsg,BMS_LowBattery,23,2,,SCF0
INF4933108_BAT4933108,Msg,Info_CAN,0x493,BMS_WarnMsg,BMS_Warning_DeltaTemperature,31,8,,BA_CAN,0x493,BMS_WarnMsg,BMS_Warning_DeltaTemperature,31,8,,SCF0
INF4933908_BAT4933908,Msg,Info_CAN,0x493,BMS_WarnMsg,BMS_Warning_BDUTemperatureSts,39,8,,BA_CAN,0x493,BMS_WarnMsg,BMS_Warning_BDUTemperatureSts,39,8,,SCF0
INF4934708_BAT4934708,Msg,Info_CAN,0x493,BMS_WarnMsg,BMS_Reserved_signal3,47,8,,BA_CAN,0x493,BMS_WarnMsg,BMS_Reserved_signal3,47,8,,SCF0
INF4935508_BAT4935508,Msg,Info_CAN,0x493,BMS_WarnMsg,BMS_Reserved_signal4,55,8,,BA_CAN,0x493,BMS_WarnMsg,BMS_Reserved_signal4,55,8,,SCF0
INF4936308_BAT4936308,Msg,Info_CAN,0x493,BMS_WarnMsg,BMS_Reserved_signal5,63,8,,BA_CAN,0x493,BMS_WarnMsg,BMS_Reserved_signal5,63,8,,SCF0
INF49A0708_PWT49A0708,Msg,Info_CAN,0x49a,EDS_R_WarnMsg,CHSKM_EDS_R_WarnMsg,7,8,,PT_CAN,0x49a,EDS_R_WarnMsg,CHSKM_EDS_R_WarnMsg,7,8,,SCF0
INF49A1104_PWT49A1104,Msg,Info_CAN,0x49a,EDS_R_WarnMsg,ALV_EDS_R_WarnMsg,11,4,,PT_CAN,0x49a,EDS_R_WarnMsg,ALV_EDS_R_WarnMsg,11,4,,SCF0
INF49A1201_PWT49A1201,Msg,Info_CAN,0x49a,EDS_R_WarnMsg,EDS_R_Warning_Flag_1,12,1,,PT_CAN,0x49a,EDS_R_WarnMsg,EDS_R_Warning_Flag_1,12,1,,SCF0
INF49A1301_PWT49A1301,Msg,Info_CAN,0x49a,EDS_R_WarnMsg,EDS_R_Warning_Flag_2,13,1,,PT_CAN,0x49a,EDS_R_WarnMsg,EDS_R_Warning_Flag_2,13,1,,SCF0
INF49A1401_PWT49A1401,Msg,Info_CAN,0x49a,EDS_R_WarnMsg,EDS_R_Warning_Flag_3,14,1,,PT_CAN,0x49a,EDS_R_WarnMsg,EDS_R_Warning_Flag_3,14,1,,SCF0
INF49A1501_PWT49A1501,Msg,Info_CAN,0x49a,EDS_R_WarnMsg,EDS_R_Warning_Flag_4,15,1,,PT_CAN,0x49a,EDS_R_WarnMsg,EDS_R_Warning_Flag_4,15,1,,SCF0
INF49A1601_PWT49A1601,Msg,Info_CAN,0x49a,EDS_R_WarnMsg,EDS_R_Warning_Flag_5,16,1,,PT_CAN,0x49a,EDS_R_WarnMsg,EDS_R_Warning_Flag_5,16,1,,SCF0
INF49A1701_PWT49A1701,Msg,Info_CAN,0x49a,EDS_R_WarnMsg,EDS_R_Warning_Flag_6,17,1,,PT_CAN,0x49a,EDS_R_WarnMsg,EDS_R_Warning_Flag_6,17,1,,SCF0
INF49A1801_PWT49A1801,Msg,Info_CAN,0x49a,EDS_R_WarnMsg,EDS_R_Warning_Flag_7,18,1,,PT_CAN,0x49a,EDS_R_WarnMsg,EDS_R_Warning_Flag_7,18,1,,SCF0
INF49A1901_PWT49A1901,Msg,Info_CAN,0x49a,EDS_R_WarnMsg,EDS_R_Warning_Flag_8,19,1,,PT_CAN,0x49a,EDS_R_WarnMsg,EDS_R_Warning_Flag_8,19,1,,SCF0
INF49A2001_PWT49A2001,Msg,Info_CAN,0x49a,EDS_R_WarnMsg,EDS_R_Warning_Flag_9,20,1,,PT_CAN,0x49a,EDS_R_WarnMsg,EDS_R_Warning_Flag_9,20,1,,SCF0
INF49A2101_PWT49A2101,Msg,Info_CAN,0x49a,EDS_R_WarnMsg,EDS_R_Warning_Flag_10,21,1,,PT_CAN,0x49a,EDS_R_WarnMsg,EDS_R_Warning_Flag_10,21,1,,SCF0
INF49A2201_PWT49A2201,Msg,Info_CAN,0x49a,EDS_R_WarnMsg,EDS_R_Warning_Flag_11,22,1,,PT_CAN,0x49a,EDS_R_WarnMsg,EDS_R_Warning_Flag_11,22,1,,SCF0
INF49A2301_PWT49A2301,Msg,Info_CAN,0x49a,EDS_R_WarnMsg,EDS_R_Warning_Flag_12,23,1,,PT_CAN,0x49a,EDS_R_WarnMsg,EDS_R_Warning_Flag_12,23,1,,SCF0
INF49A3108_PWT49A3108,Msg,Info_CAN,0x49a,EDS_R_WarnMsg,EDS_R_Reserved_signal1,31,8,,PT_CAN,0x49a,EDS_R_WarnMsg,EDS_R_Reserved_signal1,31,8,,SCF0
INF49A3908_PWT49A3908,Msg,Info_CAN,0x49a,EDS_R_WarnMsg,EDS_R_Reserved_signal2,39,8,,PT_CAN,0x49a,EDS_R_WarnMsg,EDS_R_Reserved_signal2,39,8,,SCF0
INF49A4708_PWT49A4708,Msg,Info_CAN,0x49a,EDS_R_WarnMsg,EDS_R_Reserved_signal3,47,8,,PT_CAN,0x49a,EDS_R_WarnMsg,EDS_R_Reserved_signal3,47,8,,SCF0
INF49A5508_PWT49A5508,Msg,Info_CAN,0x49a,EDS_R_WarnMsg,EDS_R_Reserved_signal4,55,8,,PT_CAN,0x49a,EDS_R_WarnMsg,EDS_R_Reserved_signal4,55,8,,SCF0
INF49A6308_PWT49A6308,Msg,Info_CAN,0x49a,EDS_R_WarnMsg,EDS_R_Reserved_signal5,63,8,,PT_CAN,0x49a,EDS_R_WarnMsg,EDS_R_Reserved_signal5,63,8,,SCF0
INF49B0708_PWT49B0708,Msg,Info_CAN,0x49b,EDS_F_WarnMsg,CHSKM_EDS_F_WarnMsg,7,8,,PT_CAN,0x49b,EDS_F_WarnMsg,CHSKM_EDS_F_WarnMsg,7,8,,SCF0
INF49B1104_PWT49B1104,Msg,Info_CAN,0x49b,EDS_F_WarnMsg,ALV_EDS_F_WarnMsg,11,4,,PT_CAN,0x49b,EDS_F_WarnMsg,ALV_EDS_F_WarnMsg,11,4,,SCF0
INF49B1201_PWT49B1201,Msg,Info_CAN,0x49b,EDS_F_WarnMsg,EDS_F_Warning_Flag_1,12,1,,PT_CAN,0x49b,EDS_F_WarnMsg,EDS_F_Warning_Flag_1,12,1,,SCF0
INF49B1301_PWT49B1301,Msg,Info_CAN,0x49b,EDS_F_WarnMsg,EDS_F_Warning_Flag_2,13,1,,PT_CAN,0x49b,EDS_F_WarnMsg,EDS_F_Warning_Flag_2,13,1,,SCF0
INF49B1401_PWT49B1401,Msg,Info_CAN,0x49b,EDS_F_WarnMsg,EDS_F_Warning_Flag_3,14,1,,PT_CAN,0x49b,EDS_F_WarnMsg,EDS_F_Warning_Flag_3,14,1,,SCF0
INF49B1501_PWT49B1501,Msg,Info_CAN,0x49b,EDS_F_WarnMsg,EDS_F_Warning_Flag_4,15,1,,PT_CAN,0x49b,EDS_F_WarnMsg,EDS_F_Warning_Flag_4,15,1,,SCF0
INF49B1601_PWT49B1601,Msg,Info_CAN,0x49b,EDS_F_WarnMsg,EDS_F_Warning_Flag_5,16,1,,PT_CAN,0x49b,EDS_F_WarnMsg,EDS_F_Warning_Flag_5,16,1,,SCF0
INF49B1701_PWT49B1701,Msg,Info_CAN,0x49b,EDS_F_WarnMsg,EDS_F_Warning_Flag_6,17,1,,PT_CAN,0x49b,EDS_F_WarnMsg,EDS_F_Warning_Flag_6,17,1,,SCF0
INF49B1801_PWT49B1801,Msg,Info_CAN,0x49b,EDS_F_WarnMsg,EDS_F_Warning_Flag_7,18,1,,PT_CAN,0x49b,EDS_F_WarnMsg,EDS_F_Warning_Flag_7,18,1,,SCF0
INF49B1901_PWT49B1901,Msg,Info_CAN,0x49b,EDS_F_WarnMsg,EDS_F_Warning_Flag_8,19,1,,PT_CAN,0x49b,EDS_F_WarnMsg,EDS_F_Warning_Flag_8,19,1,,SCF0
INF49B2001_PWT49B2001,Msg,Info_CAN,0x49b,EDS_F_WarnMsg,EDS_F_Warning_Flag_9,20,1,,PT_CAN,0x49b,EDS_F_WarnMsg,EDS_F_Warning_Flag_9,20,1,,SCF0
INF49B2101_PWT49B2101,Msg,Info_CAN,0x49b,EDS_F_WarnMsg,EDS_F_Warning_Flag_10,21,1,,PT_CAN,0x49b,EDS_F_WarnMsg,EDS_F_Warning_Flag_10,21,1,,SCF0
INF49B2201_PWT49B2201,Msg,Info_CAN,0x49b,EDS_F_WarnMsg,EDS_F_Warning_Flag_11,22,1,,PT_CAN,0x49b,EDS_F_WarnMsg,EDS_F_Warning_Flag_11,22,1,,SCF0
INF49B2301_PWT49B2301,Msg,Info_CAN,0x49b,EDS_F_WarnMsg,EDS_F_Warning_Flag_12,23,1,,PT_CAN,0x49b,EDS_F_WarnMsg,EDS_F_Warning_Flag_12,23,1,,SCF0
INF49B3108_PWT49B3108,Msg,Info_CAN,0x49b,EDS_F_WarnMsg,EDS_F_Reserved_signal1,31,8,,PT_CAN,0x49b,EDS_F_WarnMsg,EDS_F_Reserved_signal1,31,8,,SCF0
INF49B3908_PWT49B3908,Msg,Info_CAN,0x49b,EDS_F_WarnMsg,EDS_F_Reserved_signal2,39,8,,PT_CAN,0x49b,EDS_F_WarnMsg,EDS_F_Reserved_signal2,39,8,,SCF0
INF49B4708_PWT49B4708,Msg,Info_CAN,0x49b,EDS_F_WarnMsg,EDS_F_Reserved_signal3,47,8,,PT_CAN,0x49b,EDS_F_WarnMsg,EDS_F_Reserved_signal3,47,8,,SCF0
INF49B5508_PWT49B5508,Msg,Info_CAN,0x49b,EDS_F_WarnMsg,EDS_F_Reserved_signal4,55,8,,PT_CAN,0x49b,EDS_F_WarnMsg,EDS_F_Reserved_signal4,55,8,,SCF0
INF49B6308_PWT49B6308,Msg,Info_CAN,0x49b,EDS_F_WarnMsg,EDS_F_Reserved_signal5,63,8,,PT_CAN,0x49b,EDS_F_WarnMsg,EDS_F_Reserved_signal5,63,8,,SCF0
INF4A70708_CHA4A70708,Msg,Info_CAN,0x4a7,RCU_WarnMsg,CHSKM_RCU_WarnMsg,7,8,,Chassis_CAN,0x4a7,RCU_WarnMsg,CHSKM_RCU_WarnMsg,7,8,,SCF0
INF4A71104_CHA4A71104,Msg,Info_CAN,0x4a7,RCU_WarnMsg,ALV_RCU_WarnMsg,11,4,,Chassis_CAN,0x4a7,RCU_WarnMsg,ALV_RCU_WarnMsg,11,4,,SCF0
INF4A71201_CHA4A71201,Msg,Info_CAN,0x4a7,RCU_WarnMsg,RCU_DAA_NoOpDoorOpen,12,1,,Chassis_CAN,0x4a7,RCU_WarnMsg,RCU_DAA_NoOpDoorOpen,12,1,,SCF0
INF4A71301_CHA4A71301,Msg,Info_CAN,0x4a7,RCU_WarnMsg,RCU_EHandBrk_fault,13,1,,Chassis_CAN,0x4a7,RCU_WarnMsg,RCU_EHandBrk_fault,13,1,,SCF0
INF4A71401_CHA4A71401,Msg,Info_CAN,0x4a7,RCU_WarnMsg,RCU_EOL_NotDone,14,1,,Chassis_CAN,0x4a7,RCU_WarnMsg,RCU_EOL_NotDone,14,1,,SCF0
INF4A71501_CHA4A71501,Msg,Info_CAN,0x4a7,RCU_WarnMsg,RCU_ECD_RWU_active,15,1,,Chassis_CAN,0x4a7,RCU_WarnMsg,RCU_ECD_RWU_active,15,1,,SCF0
INF4A71601_CHA4A71601,Msg,Info_CAN,0x4a7,RCU_WarnMsg,RCU_ParkOnSteepInclination,16,1,,Chassis_CAN,0x4a7,RCU_WarnMsg,RCU_ParkOnSteepInclination,16,1,,SCF0
INF4A71701_CHA4A71701,Msg,Info_CAN,0x4a7,RCU_WarnMsg,RCU_BrkForceNotEnough,17,1,,Chassis_CAN,0x4a7,RCU_WarnMsg,RCU_BrkForceNotEnough,17,1,,SCF0
INF4A72001_CHA4A72001,Msg,Info_CAN,0x4a7,RCU_WarnMsg,RCU_ReleaseEPB_Wo_PressBrk,20,1,,Chassis_CAN,0x4a7,RCU_WarnMsg,RCU_ReleaseEPB_Wo_PressBrk,20,1,,SCF0
INF4A72101_CHA4A72101,Msg,Info_CAN,0x4a7,RCU_WarnMsg,RCU_ParkBrkApplied,21,1,,Chassis_CAN,0x4a7,RCU_WarnMsg,RCU_ParkBrkApplied,21,1,,SCF0
INF4A72701_CHA4A72701,Msg,Info_CAN,0x4a7,RCU_WarnMsg,RCU_Swch_Mafnc,27,1,,Chassis_CAN,0x4a7,RCU_WarnMsg,RCU_Swch_Mafnc,27,1,,SCF0
INF4A72801_CHA4A72801,Msg,Info_CAN,0x4a7,RCU_WarnMsg,RCU_DAA_NoOpBeltUnbuckled,28,1,,Chassis_CAN,0x4a7,RCU_WarnMsg,RCU_DAA_NoOpBeltUnbuckled,28,1,,SCF0
INF4A72901_CHA4A72901,Msg,Info_CAN,0x4a7,RCU_WarnMsg,RCU_RollerBenchMode,29,1,,Chassis_CAN,0x4a7,RCU_WarnMsg,RCU_RollerBenchMode,29,1,,SCF0
INF4A73102_CHA4A73102,Msg,Info_CAN,0x4a7,RCU_WarnMsg,RCU_EPB_ParkLampState,31,2,,Chassis_CAN,0x4a7,RCU_WarnMsg,RCU_EPB_ParkLampState,31,2,,SCF0
INF4A73402_CHA4A73402,Msg,Info_CAN,0x4a7,RCU_WarnMsg,RCU_EPB_WarnLampState,34,2,,Chassis_CAN,0x4a7,RCU_WarnMsg,RCU_EPB_WarnLampState,34,2,,SCF0
INF4A73601_CHA4A73601,Msg,Info_CAN,0x4a7,RCU_WarnMsg,RCU_WflagRes36,36,1,,Chassis_CAN,0x4a7,RCU_WarnMsg,RCU_WflagRes36,36,1,,SCF0
INF4A73701_CHA4A73701,Msg,Info_CAN,0x4a7,RCU_WarnMsg,RCU_WflagRes37,37,1,,Chassis_CAN,0x4a7,RCU_WarnMsg,RCU_WflagRes37,37,1,,SCF0
INF4A73801_CHA4A73801,Msg,Info_CAN,0x4a7,RCU_WarnMsg,RCU_WflagRes38,38,1,,Chassis_CAN,0x4a7,RCU_WarnMsg,RCU_WflagRes38,38,1,,SCF0
INF4A73901_CHA4A73901,Msg,Info_CAN,0x4a7,RCU_WarnMsg,RCU_WflagRes39,39,1,,Chassis_CAN,0x4a7,RCU_WarnMsg,RCU_WflagRes39,39,1,,SCF0
INF4A74001_CHA4A74001,Msg,Info_CAN,0x4a7,RCU_WarnMsg,RCU_WflagRes40,40,1,,Chassis_CAN,0x4a7,RCU_WarnMsg,RCU_WflagRes40,40,1,,SCF0
INF4A74101_CHA4A74101,Msg,Info_CAN,0x4a7,RCU_WarnMsg,RCU_WflagRes41,41,1,,Chassis_CAN,0x4a7,RCU_WarnMsg,RCU_WflagRes41,41,1,,SCF0
INF4A74201_CHA4A74201,Msg,Info_CAN,0x4a7,RCU_WarnMsg,RCU_WflagRes42,42,1,,Chassis_CAN,0x4a7,RCU_WarnMsg,RCU_WflagRes42,42,1,,SCF0
INF4A74301_CHA4A74301,Msg,Info_CAN,0x4a7,RCU_WarnMsg,RCU_WflagRes43,43,1,,Chassis_CAN,0x4a7,RCU_WarnMsg,RCU_WflagRes43,43,1,,SCF0
INF4A74401_CHA4A74401,Msg,Info_CAN,0x4a7,RCU_WarnMsg,RCU_WflagRes44,44,1,,Chassis_CAN,0x4a7,RCU_WarnMsg,RCU_WflagRes44,44,1,,SCF0
INF4A74501_CHA4A74501,Msg,Info_CAN,0x4a7,RCU_WarnMsg,RCU_WflagRes45,45,1,,Chassis_CAN,0x4a7,RCU_WarnMsg,RCU_WflagRes45,45,1,,SCF0
INF4A74601_CHA4A74601,Msg,Info_CAN,0x4a7,RCU_WarnMsg,RCU_WflagRes46,46,1,,Chassis_CAN,0x4a7,RCU_WarnMsg,RCU_WflagRes46,46,1,,SCF0
INF4A74701_CHA4A74701,Msg,Info_CAN,0x4a7,RCU_WarnMsg,RCU_WflagRes47,47,1,,Chassis_CAN,0x4a7,RCU_WarnMsg,RCU_WflagRes47,47,1,,SCF0
INF4A75508_CHA4A75508,Msg,Info_CAN,0x4a7,RCU_WarnMsg,RCU_Reserved_signal1,55,8,,Chassis_CAN,0x4a7,RCU_WarnMsg,RCU_Reserved_signal1,55,8,,SCF0
INF4A80708_CHA4A80708,Msg,Info_CAN,0x4a8,EPS_WarnMsg,CHSKM_EPS_WarnMsg,7,8,,Chassis_CAN,0x4a8,EPS_WarnMsg,CHSKM_EPS_WarnMsg,7,8,,SCF0
INF4A81104_CHA4A81104,Msg,Info_CAN,0x4a8,EPS_WarnMsg,ALV_EPS_WarnMsg,11,4,,Chassis_CAN,0x4a8,EPS_WarnMsg,ALV_EPS_WarnMsg,11,4,,SCF0
INF4A81201_CHA4A81201,Msg,Info_CAN,0x4a8,EPS_WarnMsg,EPS_Malfunction,12,1,,Chassis_CAN,0x4a8,EPS_WarnMsg,EPS_Malfunction,12,1,,SCF0
INF4A81301_CHA4A81301,Msg,Info_CAN,0x4a8,EPS_WarnMsg,EPS_Reduced,13,1,,Chassis_CAN,0x4a8,EPS_WarnMsg,EPS_Reduced,13,1,,SCF0
INF4A81401_CHA4A81401,Msg,Info_CAN,0x4a8,EPS_WarnMsg,EPS_Overheat,14,1,,Chassis_CAN,0x4a8,EPS_WarnMsg,EPS_Overheat,14,1,,SCF0
INF4A81501_CHA4A81501,Msg,Info_CAN,0x4a8,EPS_WarnMsg,EPS_NotReady,15,1,,Chassis_CAN,0x4a8,EPS_WarnMsg,EPS_NotReady,15,1,,SCF0
INF4A81601_CHA4A81601,Msg,Info_CAN,0x4a8,EPS_WarnMsg,EPS_Warning_Flag_5,16,1,,Chassis_CAN,0x4a8,EPS_WarnMsg,EPS_Warning_Flag_5,16,1,,SCF0
INF4A81701_CHA4A81701,Msg,Info_CAN,0x4a8,EPS_WarnMsg,EPS_Warning_Flag_6,17,1,,Chassis_CAN,0x4a8,EPS_WarnMsg,EPS_Warning_Flag_6,17,1,,SCF0
INF4A81801_CHA4A81801,Msg,Info_CAN,0x4a8,EPS_WarnMsg,EPS_Warning_Flag_7,18,1,,Chassis_CAN,0x4a8,EPS_WarnMsg,EPS_Warning_Flag_7,18,1,,SCF0
INF4A81901_CHA4A81901,Msg,Info_CAN,0x4a8,EPS_WarnMsg,EPS_Warning_Flag_8,19,1,,Chassis_CAN,0x4a8,EPS_WarnMsg,EPS_Warning_Flag_8,19,1,,SCF0
INF4A82001_CHA4A82001,Msg,Info_CAN,0x4a8,EPS_WarnMsg,EPS_Warning_Flag_9,20,1,,Chassis_CAN,0x4a8,EPS_WarnMsg,EPS_Warning_Flag_9,20,1,,SCF0
INF4A82101_CHA4A82101,Msg,Info_CAN,0x4a8,EPS_WarnMsg,EPS_Warning_Flag_10,21,1,,Chassis_CAN,0x4a8,EPS_WarnMsg,EPS_Warning_Flag_10,21,1,,SCF0
INF4A82201_CHA4A82201,Msg,Info_CAN,0x4a8,EPS_WarnMsg,EPS_Warning_Flag_11,22,1,,Chassis_CAN,0x4a8,EPS_WarnMsg,EPS_Warning_Flag_11,22,1,,SCF0
INF4A82301_CHA4A82301,Msg,Info_CAN,0x4a8,EPS_WarnMsg,EPS_Warning_Flag_12,23,1,,Chassis_CAN,0x4a8,EPS_WarnMsg,EPS_Warning_Flag_12,23,1,,SCF0
INF4A83108_CHA4A83108,Msg,Info_CAN,0x4a8,EPS_WarnMsg,EPS_Reserved_signal1,31,8,,Chassis_CAN,0x4a8,EPS_WarnMsg,EPS_Reserved_signal1,31,8,,SCF0
INF4A83908_CHA4A83908,Msg,Info_CAN,0x4a8,EPS_WarnMsg,EPS_Reserved_signal2,39,8,,Chassis_CAN,0x4a8,EPS_WarnMsg,EPS_Reserved_signal2,39,8,,SCF0
INF4A84708_CHA4A84708,Msg,Info_CAN,0x4a8,EPS_WarnMsg,EPS_Reserved_signal3,47,8,,Chassis_CAN,0x4a8,EPS_WarnMsg,EPS_Reserved_signal3,47,8,,SCF0
INF4A85508_CHA4A85508,Msg,Info_CAN,0x4a8,EPS_WarnMsg,EPS_Reserved_signal4,55,8,,Chassis_CAN,0x4a8,EPS_WarnMsg,EPS_Reserved_signal4,55,8,,SCF0
INF4A86308_CHA4A86308,Msg,Info_CAN,0x4a8,EPS_WarnMsg,EPS_Reserved_signal5,63,8,,Chassis_CAN,0x4a8,EPS_WarnMsg,EPS_Reserved_signal5,63,8,,SCF0
INF4A90708_CHA4A90708,Msg,Info_CAN,0x4a9,IDB_WarnMsg,CHSKM_IDB_WarnMsg,7,8,,Chassis_CAN,0x4a9,IDB_WarnMsg,CHSKM_IDB_WarnMsg,7,8,,SCF0
INF4A91104_CHA4A91104,Msg,Info_CAN,0x4a9,IDB_WarnMsg,ALV_IDB_WarnMsg,11,4,,Chassis_CAN,0x4a9,IDB_WarnMsg,ALV_IDB_WarnMsg,11,4,,SCF0
INF4A91201_CHA4A91201,Msg,Info_CAN,0x4a9,IDB_WarnMsg,IDB_ESC_fault,12,1,,Chassis_CAN,0x4a9,IDB_WarnMsg,IDB_ESC_fault,12,1,,SCF0
INF4A91301_CHA4A91301,Msg,Info_CAN,0x4a9,IDB_WarnMsg,IDB_ABS_fault,13,1,,Chassis_CAN,0x4a9,IDB_WarnMsg,IDB_ABS_fault,13,1,,SCF0
INF4A91401_CHA4A91401,Msg,Info_CAN,0x4a9,IDB_WarnMsg,IDB_BrkLowFluid,14,1,,Chassis_CAN,0x4a9,IDB_WarnMsg,IDB_BrkLowFluid,14,1,,SCF0
INF4A91501_CHA4A91501,Msg,Info_CAN,0x4a9,IDB_WarnMsg,IDB_BrkSysFault,15,1,,Chassis_CAN,0x4a9,IDB_WarnMsg,IDB_BrkSysFault,15,1,,SCF0
INF4A92801_CHA4A92801,Msg,Info_CAN,0x4a9,IDB_WarnMsg,IDB_fault,28,1,,Chassis_CAN,0x4a9,IDB_WarnMsg,IDB_fault,28,1,,SCF0
INF4A92901_CHA4A92901,Msg,Info_CAN,0x4a9,IDB_WarnMsg,IDB_HydraulicBrkAssist_Fault,29,1,,Chassis_CAN,0x4a9,IDB_WarnMsg,IDB_HydraulicBrkAssist_Fault,29,1,,SCF0
INF4A93001_CHA4A93001,Msg,Info_CAN,0x4a9,IDB_WarnMsg,IDB_HAS_Fault,30,1,,Chassis_CAN,0x4a9,IDB_WarnMsg,IDB_HAS_Fault,30,1,,SCF0
INF4A93101_CHA4A93101,Msg,Info_CAN,0x4a9,IDB_WarnMsg,IDB_TSM_Fault,31,1,,Chassis_CAN,0x4a9,IDB_WarnMsg,IDB_TSM_Fault,31,1,,SCF0
INF4A93908_CHA4A93908,Msg,Info_CAN,0x4a9,IDB_WarnMsg,IDB_Reserved_signal2,39,8,,Chassis_CAN,0x4a9,IDB_WarnMsg,IDB_Reserved_signal2,39,8,,SCF0
INF4A94708_CHA4A94708,Msg,Info_CAN,0x4a9,IDB_WarnMsg,IDB_Reserved_signal3,47,8,,Chassis_CAN,0x4a9,IDB_WarnMsg,IDB_Reserved_signal3,47,8,,SCF0
INF4A95508_CHA4A95508,Msg,Info_CAN,0x4a9,IDB_WarnMsg,IDB_Reserved_signal4,55,8,,Chassis_CAN,0x4a9,IDB_WarnMsg,IDB_Reserved_signal4,55,8,,SCF0
INF4A96308_CHA4A96308,Msg,Info_CAN,0x4a9,IDB_WarnMsg,IDB_Reserved_signal5,63,8,,Chassis_CAN,0x4a9,IDB_WarnMsg,IDB_Reserved_signal5,63,8,,SCF0
INF4AC0708_PWT4AC0708,Msg,Info_CAN,0x4ac,VCU_WarnMsg,CHSKM_VCU_WarnMsg,7,8,,PT_CAN,0x4ac,VCU_WarnMsg,CHSKM_VCU_WarnMsg,7,8,,SCF0
INF4AC1104_PWT4AC1104,Msg,Info_CAN,0x4ac,VCU_WarnMsg,ALV_VCU_WarnMsg,11,4,,PT_CAN,0x4ac,VCU_WarnMsg,ALV_VCU_WarnMsg,11,4,,SCF0
INF4AC1201_PWT4AC1201,Msg,Info_CAN,0x4ac,VCU_WarnMsg,VCU_GearPOnlyAtStationaryAlert,12,1,,PT_CAN,0x4ac,VCU_WarnMsg,VCU_GearPOnlyAtStationaryAlert,12,1,,SCF0
INF4AC1301_PWT4AC1301,Msg,Info_CAN,0x4ac,VCU_WarnMsg,VCU_GearP_NotPossibleAlert,13,1,,PT_CAN,0x4ac,VCU_WarnMsg,VCU_GearP_NotPossibleAlert,13,1,,SCF0
INF4AC1401_PWT4AC1401,Msg,Info_CAN,0x4ac,VCU_WarnMsg,VCU_PressBrakeToEngageGear,14,1,,PT_CAN,0x4ac,VCU_WarnMsg,VCU_PressBrakeToEngageGear,14,1,,SCF0
INF4AC1501_PWT4AC1501,Msg,Info_CAN,0x4ac,VCU_WarnMsg,VCU_CantChangeGear,15,1,,PT_CAN,0x4ac,VCU_WarnMsg,VCU_CantChangeGear,15,1,,SCF0
INF4AC1601_PWT4AC1601,Msg,Info_CAN,0x4ac,VCU_WarnMsg,VCU_GearMalfunction,16,1,,PT_CAN,0x4ac,VCU_WarnMsg,VCU_GearMalfunction,16,1,,SCF0
INF4AC1701_PWT4AC1701,Msg,Info_CAN,0x4ac,VCU_WarnMsg,VCU_RangeAlert,17,1,,PT_CAN,0x4ac,VCU_WarnMsg,VCU_RangeAlert,17,1,,SCF0
INF4AC1801_PWT4AC1801,Msg,Info_CAN,0x4ac,VCU_WarnMsg,VCU_HVSystemReduced,18,1,,PT_CAN,0x4ac,VCU_WarnMsg,VCU_HVSystemReduced,18,1,,SCF0
INF4AC1901_PWT4AC1901,Msg,Info_CAN,0x4ac,VCU_WarnMsg,VCU_FrontEDSReduced,19,1,,PT_CAN,0x4ac,VCU_WarnMsg,VCU_FrontEDSReduced,19,1,,SCF0
INF4AC2001_PWT4AC2001,Msg,Info_CAN,0x4ac,VCU_WarnMsg,VCU_FrontEDS_Malfunc,20,1,,PT_CAN,0x4ac,VCU_WarnMsg,VCU_FrontEDS_Malfunc,20,1,,SCF0
INF4AC2101_PWT4AC2101,Msg,Info_CAN,0x4ac,VCU_WarnMsg,VCU_RearEDSReduced,21,1,,PT_CAN,0x4ac,VCU_WarnMsg,VCU_RearEDSReduced,21,1,,SCF0
INF4AC2201_PWT4AC2201,Msg,Info_CAN,0x4ac,VCU_WarnMsg,VCU_RearEDS_Malfunc,22,1,,PT_CAN,0x4ac,VCU_WarnMsg,VCU_RearEDS_Malfunc,22,1,,SCF0
INF4AC2301_PWT4AC2301,Msg,Info_CAN,0x4ac,VCU_WarnMsg,VCU_CoolingSystem_Malfunc,23,1,,PT_CAN,0x4ac,VCU_WarnMsg,VCU_CoolingSystem_Malfunc,23,1,,SCF0
INF4AC2401_PWT4AC2401,Msg,Info_CAN,0x4ac,VCU_WarnMsg,VCU_NeutralRequest,24,1,,PT_CAN,0x4ac,VCU_WarnMsg,VCU_NeutralRequest,24,1,,SCF0
INF4AC2501_PWT4AC2501,Msg,Info_CAN,0x4ac,VCU_WarnMsg,VCU_SoftShutdown,25,1,,PT_CAN,0x4ac,VCU_WarnMsg,VCU_SoftShutdown,25,1,,SCF0
INF4AC2601_PWT4AC2601,Msg,Info_CAN,0x4ac,VCU_WarnMsg,VCU_EmergencyShutdown,26,1,,PT_CAN,0x4ac,VCU_WarnMsg,VCU_EmergencyShutdown,26,1,,SCF0
INF4AC2701_PWT4AC2701,Msg,Info_CAN,0x4ac,VCU_WarnMsg,VCU_ChgPortDoorSys_Malfunc,27,1,,PT_CAN,0x4ac,VCU_WarnMsg,VCU_ChgPortDoorSys_Malfunc,27,1,,SCF0
INF4AC2801_PWT4AC2801,Msg,Info_CAN,0x4ac,VCU_WarnMsg,VCU_Gearchange_NotPossible,28,1,,PT_CAN,0x4ac,VCU_WarnMsg,VCU_Gearchange_NotPossible,28,1,,SCF0
INF4AC2901_PWT4AC2901,Msg,Info_CAN,0x4ac,VCU_WarnMsg,VCU_12v_Warning,29,1,,PT_CAN,0x4ac,VCU_WarnMsg,VCU_12v_Warning,29,1,,SCF0
INF4AC3001_PWT4AC3001,Msg,Info_CAN,0x4ac,VCU_WarnMsg,VCU_WflagRes19,30,1,,PT_CAN,0x4ac,VCU_WarnMsg,VCU_WflagRes19,30,1,,SCF0
INF4AC3101_PWT4AC3101,Msg,Info_CAN,0x4ac,VCU_WarnMsg,VCU_WflagRes20,31,1,,PT_CAN,0x4ac,VCU_WarnMsg,VCU_WflagRes20,31,1,,SCF0
INF4AC3201_PWT4AC3201,Msg,Info_CAN,0x4ac,VCU_WarnMsg,VCU_WflagRes21,32,1,,PT_CAN,0x4ac,VCU_WarnMsg,VCU_WflagRes21,32,1,,SCF0
INF4AC3301_PWT4AC3301,Msg,Info_CAN,0x4ac,VCU_WarnMsg,VCU_WflagRes22,33,1,,PT_CAN,0x4ac,VCU_WarnMsg,VCU_WflagRes22,33,1,,SCF0
INF4AC3401_PWT4AC3401,Msg,Info_CAN,0x4ac,VCU_WarnMsg,VCU_WflagRes23,34,1,,PT_CAN,0x4ac,VCU_WarnMsg,VCU_WflagRes23,34,1,,SCF0
INF4AC3501_PWT4AC3501,Msg,Info_CAN,0x4ac,VCU_WarnMsg,VCU_WflagRes24,35,1,,PT_CAN,0x4ac,VCU_WarnMsg,VCU_WflagRes24,35,1,,SCF0
INF4AC3601_PWT4AC3601,Msg,Info_CAN,0x4ac,VCU_WarnMsg,VCU_WflagRes25,36,1,,PT_CAN,0x4ac,VCU_WarnMsg,VCU_WflagRes25,36,1,,SCF0
INF4AC3701_PWT4AC3701,Msg,Info_CAN,0x4ac,VCU_WarnMsg,VCU_WflagRes26,37,1,,PT_CAN,0x4ac,VCU_WarnMsg,VCU_WflagRes26,37,1,,SCF0
INF4AC3801_PWT4AC3801,Msg,Info_CAN,0x4ac,VCU_WarnMsg,VCU_WflagRes27,38,1,,PT_CAN,0x4ac,VCU_WarnMsg,VCU_WflagRes27,38,1,,SCF0
INF4AC3901_PWT4AC3901,Msg,Info_CAN,0x4ac,VCU_WarnMsg,VCU_SuperFastCharge_longer,39,1,,PT_CAN,0x4ac,VCU_WarnMsg,VCU_SuperFastCharge_longer,39,1,,SCF0
INF4AC4708_PWT4AC4708,Msg,Info_CAN,0x4ac,VCU_WarnMsg,VCU_Reserved_signal1,47,8,,PT_CAN,0x4ac,VCU_WarnMsg,VCU_Reserved_signal1,47,8,,SCF0
INF4AC5508_PWT4AC5508,Msg,Info_CAN,0x4ac,VCU_WarnMsg,VCU_Reserved_signal2,55,8,,PT_CAN,0x4ac,VCU_WarnMsg,VCU_Reserved_signal2,55,8,,SCF0
INF4AC6308_PWT4AC6308,Msg,Info_CAN,0x4ac,VCU_WarnMsg,VCU_Reserved_signal3,63,8,,PT_CAN,0x4ac,VCU_WarnMsg,VCU_Reserved_signal3,63,8,,SCF0
INF4BB0708_BOD4BB0708,Msg,Info_CAN,0x4bb,TRM_WarnMsg,CHSKM_TRM_WarnMsg,7,8,,Body_CAN,0x4bb,TRM_WarnMsg,CHSKM_TRM_WarnMsg,7,8,,SCF0
INF4BB1104_BOD4BB1104,Msg,Info_CAN,0x4bb,TRM_WarnMsg,ALV_TRM_WarnMsg,11,4,,Body_CAN,0x4bb,TRM_WarnMsg,ALV_TRM_WarnMsg,11,4,,SCF0
INF4BB1201_BOD4BB1201,Msg,Info_CAN,0x4bb,TRM_WarnMsg,TRM_LightMalfnc,12,1,,Body_CAN,0x4bb,TRM_WarnMsg,TRM_LightMalfnc,12,1,,SCF0
INF4BB1301_BOD4BB1301,Msg,Info_CAN,0x4bb,TRM_WarnMsg,TRM_TurnLeftMafnc,13,1,,Body_CAN,0x4bb,TRM_WarnMsg,TRM_TurnLeftMafnc,13,1,,SCF0
INF4BB1401_BOD4BB1401,Msg,Info_CAN,0x4bb,TRM_WarnMsg,TRM_TurnRightMafnc,14,1,,Body_CAN,0x4bb,TRM_WarnMsg,TRM_TurnRightMafnc,14,1,,SCF0
INF4BB1501_BOD4BB1501,Msg,Info_CAN,0x4bb,TRM_WarnMsg,TRM_TrailerMalfnc,15,1,,Body_CAN,0x4bb,TRM_WarnMsg,TRM_TrailerMalfnc,15,1,,SCF0
INF4BB1601_BOD4BB1601,Msg,Info_CAN,0x4bb,TRM_WarnMsg,TRM_Warning_Flag_5,16,1,,Body_CAN,0x4bb,TRM_WarnMsg,TRM_Warning_Flag_5,16,1,,SCF0
INF4BB1701_BOD4BB1701,Msg,Info_CAN,0x4bb,TRM_WarnMsg,TRM_Warning_Flag_6,17,1,,Body_CAN,0x4bb,TRM_WarnMsg,TRM_Warning_Flag_6,17,1,,SCF0
INF4BB1801_BOD4BB1801,Msg,Info_CAN,0x4bb,TRM_WarnMsg,TRM_Warning_Flag_7,18,1,,Body_CAN,0x4bb,TRM_WarnMsg,TRM_Warning_Flag_7,18,1,,SCF0
INF4BB1901_BOD4BB1901,Msg,Info_CAN,0x4bb,TRM_WarnMsg,TRM_Warning_Flag_8,19,1,,Body_CAN,0x4bb,TRM_WarnMsg,TRM_Warning_Flag_8,19,1,,SCF0
INF4BB2001_BOD4BB2001,Msg,Info_CAN,0x4bb,TRM_WarnMsg,TRM_Warning_Flag_9,20,1,,Body_CAN,0x4bb,TRM_WarnMsg,TRM_Warning_Flag_9,20,1,,SCF0
INF4BB2101_BOD4BB2101,Msg,Info_CAN,0x4bb,TRM_WarnMsg,TRM_Warning_Flag_10,21,1,,Body_CAN,0x4bb,TRM_WarnMsg,TRM_Warning_Flag_10,21,1,,SCF0
INF4BB2201_BOD4BB2201,Msg,Info_CAN,0x4bb,TRM_WarnMsg,TRM_Warning_Flag_11,22,1,,Body_CAN,0x4bb,TRM_WarnMsg,TRM_Warning_Flag_11,22,1,,SCF0
INF4BB2301_BOD4BB2301,Msg,Info_CAN,0x4bb,TRM_WarnMsg,TRM_Warning_Flag_12,23,1,,Body_CAN,0x4bb,TRM_WarnMsg,TRM_Warning_Flag_12,23,1,,SCF0
INF4BD0708_PWT4BD0708,Msg,Info_CAN,0x4bd,POD_WarnMsg,CHSKM_POD_WarnMsg,7,8,,PT_CAN,0x4bd,POD_WarnMsg,CHSKM_POD_WarnMsg,7,8,,SCF0
INF4BD1104_PWT4BD1104,Msg,Info_CAN,0x4bd,POD_WarnMsg,ALV_POD_WarnMsg,11,4,,PT_CAN,0x4bd,POD_WarnMsg,ALV_POD_WarnMsg,11,4,,SCF0
INF4BD1201_PWT4BD1201,Msg,Info_CAN,0x4bd,POD_WarnMsg,POD_Warning_Flag_1,12,1,,PT_CAN,0x4bd,POD_WarnMsg,POD_Warning_Flag_1,12,1,,SCF0
INF4BD1301_PWT4BD1301,Msg,Info_CAN,0x4bd,POD_WarnMsg,POD_Warning_Flag_2,13,1,,PT_CAN,0x4bd,POD_WarnMsg,POD_Warning_Flag_2,13,1,,SCF0
INF4BD1401_PWT4BD1401,Msg,Info_CAN,0x4bd,POD_WarnMsg,POD_Warning_Flag_3,14,1,,PT_CAN,0x4bd,POD_WarnMsg,POD_Warning_Flag_3,14,1,,SCF0
INF4BD1501_PWT4BD1501,Msg,Info_CAN,0x4bd,POD_WarnMsg,POD_Warning_Flag_4,15,1,,PT_CAN,0x4bd,POD_WarnMsg,POD_Warning_Flag_4,15,1,,SCF0
INF4BD1601_PWT4BD1601,Msg,Info_CAN,0x4bd,POD_WarnMsg,POD_Warning_Flag_5,16,1,,PT_CAN,0x4bd,POD_WarnMsg,POD_Warning_Flag_5,16,1,,SCF0
INF4BD1701_PWT4BD1701,Msg,Info_CAN,0x4bd,POD_WarnMsg,POD_Warning_Flag_6,17,1,,PT_CAN,0x4bd,POD_WarnMsg,POD_Warning_Flag_6,17,1,,SCF0
INF4BD1801_PWT4BD1801,Msg,Info_CAN,0x4bd,POD_WarnMsg,POD_Warning_Flag_7,18,1,,PT_CAN,0x4bd,POD_WarnMsg,POD_Warning_Flag_7,18,1,,SCF0
INF4BD1901_PWT4BD1901,Msg,Info_CAN,0x4bd,POD_WarnMsg,POD_Warning_Flag_8,19,1,,PT_CAN,0x4bd,POD_WarnMsg,POD_Warning_Flag_8,19,1,,SCF0
INF4BD2001_PWT4BD2001,Msg,Info_CAN,0x4bd,POD_WarnMsg,POD_Warning_Flag_9,20,1,,PT_CAN,0x4bd,POD_WarnMsg,POD_Warning_Flag_9,20,1,,SCF0
INF4BD2101_PWT4BD2101,Msg,Info_CAN,0x4bd,POD_WarnMsg,POD_Warning_Flag_10,21,1,,PT_CAN,0x4bd,POD_WarnMsg,POD_Warning_Flag_10,21,1,,SCF0
INF4BD2201_PWT4BD2201,Msg,Info_CAN,0x4bd,POD_WarnMsg,POD_Warning_Flag_11,22,1,,PT_CAN,0x4bd,POD_WarnMsg,POD_Warning_Flag_11,22,1,,SCF0
INF4BD2301_PWT4BD2301,Msg,Info_CAN,0x4bd,POD_WarnMsg,POD_Warning_Flag_12,23,1,,PT_CAN,0x4bd,POD_WarnMsg,POD_Warning_Flag_12,23,1,,SCF0
INF4BD2401_PWT4BD2401,Msg,Info_CAN,0x4bd,POD_WarnMsg,POD_Warning_Flag_13,24,1,,PT_CAN,0x4bd,POD_WarnMsg,POD_Warning_Flag_13,24,1,,SCF0
INF4BD2501_PWT4BD2501,Msg,Info_CAN,0x4bd,POD_WarnMsg,POD_Warning_Flag_14,25,1,,PT_CAN,0x4bd,POD_WarnMsg,POD_Warning_Flag_14,25,1,,SCF0
INF4BD2601_PWT4BD2601,Msg,Info_CAN,0x4bd,POD_WarnMsg,POD_Warning_Flag_15,26,1,,PT_CAN,0x4bd,POD_WarnMsg,POD_Warning_Flag_15,26,1,,SCF0
INF4BD2701_PWT4BD2701,Msg,Info_CAN,0x4bd,POD_WarnMsg,POD_Warning_Flag_16,27,1,,PT_CAN,0x4bd,POD_WarnMsg,POD_Warning_Flag_16,27,1,,SCF0
INF4BD2801_PWT4BD2801,Msg,Info_CAN,0x4bd,POD_WarnMsg,POD_Warning_Flag_17,28,1,,PT_CAN,0x4bd,POD_WarnMsg,POD_Warning_Flag_17,28,1,,SCF0
INF4BD2901_PWT4BD2901,Msg,Info_CAN,0x4bd,POD_WarnMsg,POD_Warning_Flag_18,29,1,,PT_CAN,0x4bd,POD_WarnMsg,POD_Warning_Flag_18,29,1,,SCF0
INF4BD3001_PWT4BD3001,Msg,Info_CAN,0x4bd,POD_WarnMsg,POD_Warning_Flag_19,30,1,,PT_CAN,0x4bd,POD_WarnMsg,POD_Warning_Flag_19,30,1,,SCF0
INF4BD3101_PWT4BD3101,Msg,Info_CAN,0x4bd,POD_WarnMsg,POD_Warning_Flag_20,31,1,,PT_CAN,0x4bd,POD_WarnMsg,POD_Warning_Flag_20,31,1,,SCF0
INF4BD3201_PWT4BD3201,Msg,Info_CAN,0x4bd,POD_WarnMsg,POD_Warning_Flag_21,32,1,,PT_CAN,0x4bd,POD_WarnMsg,POD_Warning_Flag_21,32,1,,SCF0
INF4BD3301_PWT4BD3301,Msg,Info_CAN,0x4bd,POD_WarnMsg,POD_Warning_Flag_22,33,1,,PT_CAN,0x4bd,POD_WarnMsg,POD_Warning_Flag_22,33,1,,SCF0
INF4BD3401_PWT4BD3401,Msg,Info_CAN,0x4bd,POD_WarnMsg,POD_Warning_Flag_23,34,1,,PT_CAN,0x4bd,POD_WarnMsg,POD_Warning_Flag_23,34,1,,SCF0
INF4BD3501_PWT4BD3501,Msg,Info_CAN,0x4bd,POD_WarnMsg,POD_Warning_Flag_24,35,1,,PT_CAN,0x4bd,POD_WarnMsg,POD_Warning_Flag_24,35,1,,SCF0
INF4BD3601_PWT4BD3601,Msg,Info_CAN,0x4bd,POD_WarnMsg,POD_Warning_Flag_25,36,1,,PT_CAN,0x4bd,POD_WarnMsg,POD_Warning_Flag_25,36,1,,SCF0
INF4BD3701_PWT4BD3701,Msg,Info_CAN,0x4bd,POD_WarnMsg,POD_Warning_Flag_26,37,1,,PT_CAN,0x4bd,POD_WarnMsg,POD_Warning_Flag_26,37,1,,SCF0
INF4BD3801_PWT4BD3801,Msg,Info_CAN,0x4bd,POD_WarnMsg,POD_Warning_Flag_27,38,1,,PT_CAN,0x4bd,POD_WarnMsg,POD_Warning_Flag_27,38,1,,SCF0
INF4BD3901_PWT4BD3901,Msg,Info_CAN,0x4bd,POD_WarnMsg,POD_Warning_Flag_28,39,1,,PT_CAN,0x4bd,POD_WarnMsg,POD_Warning_Flag_28,39,1,,SCF0
INF4BD4708_PWT4BD4708,Msg,Info_CAN,0x4bd,POD_WarnMsg,POD_Reserved_signal3,47,8,,PT_CAN,0x4bd,POD_WarnMsg,POD_Reserved_signal3,47,8,,SCF0
INF4BD5508_PWT4BD5508,Msg,Info_CAN,0x4bd,POD_WarnMsg,POD_Reserved_signal4,55,8,,PT_CAN,0x4bd,POD_WarnMsg,POD_Reserved_signal4,55,8,,SCF0
INF4BD6308_PWT4BD6308,Msg,Info_CAN,0x4bd,POD_WarnMsg,POD_Reserved_signal5,63,8,,PT_CAN,0x4bd,POD_WarnMsg,POD_Reserved_signal5,63,8,,SCF0
INF4C10708_BOD4C10708,Msg,Info_CAN,0x4c1,APM_WarnMsg,CHSKM_APM_WarnMsg,7,8,,Body_CAN,0x4c1,APM_WarnMsg,CHSKM_APM_WarnMsg,7,8,,SCF0
INF4C11104_BOD4C11104,Msg,Info_CAN,0x4c1,APM_WarnMsg,ALV_APM_WarnMsg,11,4,,Body_CAN,0x4c1,APM_WarnMsg,ALV_APM_WarnMsg,11,4,,SCF0
INF4C11201_BOD4C11201,Msg,Info_CAN,0x4c1,APM_WarnMsg,APM_Malfunction,12,1,,Body_CAN,0x4c1,APM_WarnMsg,APM_Malfunction,12,1,,SCF0
INF4C11301_BOD4C11301,Msg,Info_CAN,0x4c1,APM_WarnMsg,ChildWindowLockStS,13,1,,Body_CAN,0x4c1,APM_WarnMsg,ChildWindowLockStS,13,1,,SCF0
INF4C11401_BOD4C11401,Msg,Info_CAN,0x4c1,APM_WarnMsg,APM_Warning_Flag_3,14,1,,Body_CAN,0x4c1,APM_WarnMsg,APM_Warning_Flag_3,14,1,,SCF0
INF4C11501_BOD4C11501,Msg,Info_CAN,0x4c1,APM_WarnMsg,APM_Warning_Flag_4,15,1,,Body_CAN,0x4c1,APM_WarnMsg,APM_Warning_Flag_4,15,1,,SCF0
INF4C11601_BOD4C11601,Msg,Info_CAN,0x4c1,APM_WarnMsg,APM_Warning_Flag_5,16,1,,Body_CAN,0x4c1,APM_WarnMsg,APM_Warning_Flag_5,16,1,,SCF0
INF4C11701_BOD4C11701,Msg,Info_CAN,0x4c1,APM_WarnMsg,APM_Warning_Flag_6,17,1,,Body_CAN,0x4c1,APM_WarnMsg,APM_Warning_Flag_6,17,1,,SCF0
INF4C11801_BOD4C11801,Msg,Info_CAN,0x4c1,APM_WarnMsg,APM_Warning_Flag_7,18,1,,Body_CAN,0x4c1,APM_WarnMsg,APM_Warning_Flag_7,18,1,,SCF0
INF4C11901_BOD4C11901,Msg,Info_CAN,0x4c1,APM_WarnMsg,APM_Warning_Flag_8,19,1,,Body_CAN,0x4c1,APM_WarnMsg,APM_Warning_Flag_8,19,1,,SCF0
INF4C12001_BOD4C12001,Msg,Info_CAN,0x4c1,APM_WarnMsg,APM_Warning_Flag_9,20,1,,Body_CAN,0x4c1,APM_WarnMsg,APM_Warning_Flag_9,20,1,,SCF0
INF4C12101_BOD4C12101,Msg,Info_CAN,0x4c1,APM_WarnMsg,APM_Warning_Flag_10,21,1,,Body_CAN,0x4c1,APM_WarnMsg,APM_Warning_Flag_10,21,1,,SCF0
INF4C12201_BOD4C12201,Msg,Info_CAN,0x4c1,APM_WarnMsg,APM_Warning_Flag_11,22,1,,Body_CAN,0x4c1,APM_WarnMsg,APM_Warning_Flag_11,22,1,,SCF0
INF4C12301_BOD4C12301,Msg,Info_CAN,0x4c1,APM_WarnMsg,APM_Warning_Flag_12,23,1,,Body_CAN,0x4c1,APM_WarnMsg,APM_Warning_Flag_12,23,1,,SCF0
INF6010708_BOD6010708,Msg,Info_CAN,0x601,BCM_DiagResp,BCM_DiagRespData0,7,8,,Body_CAN,0x601,BCM_DiagResp,BCM_DiagRespData0,7,8,,SCF0
INF6011508_BOD6011508,Msg,Info_CAN,0x601,BCM_DiagResp,BCM_DiagRespData1,15,8,,Body_CAN,0x601,BCM_DiagResp,BCM_DiagRespData1,15,8,,SCF0
INF6012308_BOD6012308,Msg,Info_CAN,0x601,BCM_DiagResp,BCM_DiagRespData2,23,8,,Body_CAN,0x601,BCM_DiagResp,BCM_DiagRespData2,23,8,,SCF0
INF6013108_BOD6013108,Msg,Info_CAN,0x601,BCM_DiagResp,BCM_DiagRespData3,31,8,,Body_CAN,0x601,BCM_DiagResp,BCM_DiagRespData3,31,8,,SCF0
INF6013908_BOD6013908,Msg,Info_CAN,0x601,BCM_DiagResp,BCM_DiagRespData4,39,8,,Body_CAN,0x601,BCM_DiagResp,BCM_DiagRespData4,39,8,,SCF0
INF6014708_BOD6014708,Msg,Info_CAN,0x601,BCM_DiagResp,BCM_DiagRespData5,47,8,,Body_CAN,0x601,BCM_DiagResp,BCM_DiagRespData5,47,8,,SCF0
INF6015508_BOD6015508,Msg,Info_CAN,0x601,BCM_DiagResp,BCM_DiagRespData6,55,8,,Body_CAN,0x601,BCM_DiagResp,BCM_DiagRespData6,55,8,,SCF0
INF6016308_BOD6016308,Msg,Info_CAN,0x601,BCM_DiagResp,BCM_DiagRespData7,63,8,,Body_CAN,0x601,BCM_DiagResp,BCM_DiagRespData7,63,8,,SCF0
INF6030708_INF62F0708,Msg,Info_CAN,0x603,CPD_rDiagResp,CPD_rDiagRespData0,7,8,,Info_CAN,0x62f,CPD_DiagResp,CPD_DiagRespData0,7,8,,SCF0
INF6031508_INF62F1508,Msg,Info_CAN,0x603,CPD_rDiagResp,CPD_rDiagRespData1,15,8,,Info_CAN,0x62f,CPD_DiagResp,CPD_DiagRespData1,15,8,,SCF0
INF6032308_INF62F2308,Msg,Info_CAN,0x603,CPD_rDiagResp,CPD_rDiagRespData2,23,8,,Info_CAN,0x62f,CPD_DiagResp,CPD_DiagRespData2,23,8,,SCF0
INF6033108_INF62F3108,Msg,Info_CAN,0x603,CPD_rDiagResp,CPD_rDiagRespData3,31,8,,Info_CAN,0x62f,CPD_DiagResp,CPD_DiagRespData3,31,8,,SCF0
INF6033908_INF62F3908,Msg,Info_CAN,0x603,CPD_rDiagResp,CPD_rDiagRespData4,39,8,,Info_CAN,0x62f,CPD_DiagResp,CPD_DiagRespData4,39,8,,SCF0
INF6034708_INF62F4708,Msg,Info_CAN,0x603,CPD_rDiagResp,CPD_rDiagRespData5,47,8,,Info_CAN,0x62f,CPD_DiagResp,CPD_DiagRespData5,47,8,,SCF0
INF6035508_INF62F5508,Msg,Info_CAN,0x603,CPD_rDiagResp,CPD_rDiagRespData6,55,8,,Info_CAN,0x62f,CPD_DiagResp,CPD_DiagRespData6,55,8,,SCF0
INF6036308_INF62F6308,Msg,Info_CAN,0x603,CPD_rDiagResp,CPD_rDiagRespData7,63,8,,Info_CAN,0x62f,CPD_DiagResp,CPD_DiagRespData7,63,8,,SCF0
INF6060708_INF62E0708,Msg,Info_CAN,0x606,EASC_rDiagResp,EASC_rDiagRespData0,7,8,,Info_CAN,0x62e,EASC_DiagResp,EASC_rDiagRespData0,7,8,,SCF0
INF6061508_INF62E1508,Msg,Info_CAN,0x606,EASC_rDiagResp,EASC_rDiagRespData1,15,8,,Info_CAN,0x62e,EASC_DiagResp,EASC_rDiagRespData1,15,8,,SCF0
INF6062308_INF62E2308,Msg,Info_CAN,0x606,EASC_rDiagResp,EASC_rDiagRespData2,23,8,,Info_CAN,0x62e,EASC_DiagResp,EASC_rDiagRespData2,23,8,,SCF0
INF6063108_INF62E3108,Msg,Info_CAN,0x606,EASC_rDiagResp,EASC_rDiagRespData3,31,8,,Info_CAN,0x62e,EASC_DiagResp,EASC_rDiagRespData3,31,8,,SCF0
INF6063908_INF62E3908,Msg,Info_CAN,0x606,EASC_rDiagResp,EASC_rDiagRespData4,39,8,,Info_CAN,0x62e,EASC_DiagResp,EASC_rDiagRespData4,39,8,,SCF0
INF6064708_INF62E4708,Msg,Info_CAN,0x606,EASC_rDiagResp,EASC_rDiagRespData5,47,8,,Info_CAN,0x62e,EASC_DiagResp,EASC_rDiagRespData5,47,8,,SCF0
INF6065508_INF62E5508,Msg,Info_CAN,0x606,EASC_rDiagResp,EASC_rDiagRespData6,55,8,,Info_CAN,0x62e,EASC_DiagResp,EASC_rDiagRespData6,55,8,,SCF0
INF6066308_INF62E6308,Msg,Info_CAN,0x606,EASC_rDiagResp,EASC_rDiagRespData7,63,8,,Info_CAN,0x62e,EASC_DiagResp,EASC_rDiagRespData7,63,8,,SCF0
INF6070708_INF6050708,Msg,Info_CAN,0x607,AMP_rDiagResp,AMP_rDiagRespData0,7,8,,Info_CAN,0x605,AMP_DiagResp,AMP_DiagRespData0,7,8,,SCF0
INF6071508_INF6051508,Msg,Info_CAN,0x607,AMP_rDiagResp,AMP_rDiagRespData1,15,8,,Info_CAN,0x605,AMP_DiagResp,AMP_DiagRespData1,15,8,,SCF0
INF6072308_INF6052308,Msg,Info_CAN,0x607,AMP_rDiagResp,AMP_rDiagRespData2,23,8,,Info_CAN,0x605,AMP_DiagResp,AMP_DiagRespData2,23,8,,SCF0
INF6073108_INF6053108,Msg,Info_CAN,0x607,AMP_rDiagResp,AMP_rDiagRespData3,31,8,,Info_CAN,0x605,AMP_DiagResp,AMP_DiagRespData3,31,8,,SCF0
INF6073908_INF6053908,Msg,Info_CAN,0x607,AMP_rDiagResp,AMP_rDiagRespData4,39,8,,Info_CAN,0x605,AMP_DiagResp,AMP_DiagRespData4,39,8,,SCF0
INF6074708_INF6054708,Msg,Info_CAN,0x607,AMP_rDiagResp,AMP_rDiagRespData5,47,8,,Info_CAN,0x605,AMP_DiagResp,AMP_DiagRespData5,47,8,,SCF0
INF6075508_INF6055508,Msg,Info_CAN,0x607,AMP_rDiagResp,AMP_rDiagRespData6,55,8,,Info_CAN,0x605,AMP_DiagResp,AMP_DiagRespData6,55,8,,SCF0
INF6076308_INF6056308,Msg,Info_CAN,0x607,AMP_rDiagResp,AMP_rDiagRespData7,63,8,,Info_CAN,0x605,AMP_DiagResp,AMP_DiagRespData7,63,8,,SCF0
INF6080708_BOD6080708,Msg,Info_CAN,0x608,ACM_DiagResp,ACM_DiagRespData0,7,8,,Body_CAN,0x608,ACM_DiagResp,ACM_DiagRespData0,7,8,,SCF0
INF6081508_BOD6081508,Msg,Info_CAN,0x608,ACM_DiagResp,ACM_DiagRespData1,15,8,,Body_CAN,0x608,ACM_DiagResp,ACM_DiagRespData1,15,8,,SCF0
INF6082308_BOD6082308,Msg,Info_CAN,0x608,ACM_DiagResp,ACM_DiagRespData2,23,8,,Body_CAN,0x608,ACM_DiagResp,ACM_DiagRespData2,23,8,,SCF0
INF6083108_BOD6083108,Msg,Info_CAN,0x608,ACM_DiagResp,ACM_DiagRespData3,31,8,,Body_CAN,0x608,ACM_DiagResp,ACM_DiagRespData3,31,8,,SCF0
INF6083908_BOD6083908,Msg,Info_CAN,0x608,ACM_DiagResp,ACM_DiagRespData4,39,8,,Body_CAN,0x608,ACM_DiagResp,ACM_DiagRespData4,39,8,,SCF0
INF6084708_BOD6084708,Msg,Info_CAN,0x608,ACM_DiagResp,ACM_DiagRespData5,47,8,,Body_CAN,0x608,ACM_DiagResp,ACM_DiagRespData5,47,8,,SCF0
INF6085508_BOD6085508,Msg,Info_CAN,0x608,ACM_DiagResp,ACM_DiagRespData6,55,8,,Body_CAN,0x608,ACM_DiagResp,ACM_DiagRespData6,55,8,,SCF0
INF6086308_BOD6086308,Msg,Info_CAN,0x608,ACM_DiagResp,ACM_DiagRespData7,63,8,,Body_CAN,0x608,ACM_DiagResp,ACM_DiagRespData7,63,8,,SCF0
INF6090708_BOD6090708,Msg,Info_CAN,0x609,CCUF_DiagResp,CCUF_DiagRespData0,7,8,,Body_CAN,0x609,CCUF_DiagResp,CCUF_DiagRespData0,7,8,,SCF0
INF6091508_BOD6091508,Msg,Info_CAN,0x609,CCUF_DiagResp,CCUF_DiagRespData1,15,8,,Body_CAN,0x609,CCUF_DiagResp,CCUF_DiagRespData1,15,8,,SCF0
INF6092308_BOD6092308,Msg,Info_CAN,0x609,CCUF_DiagResp,CCUF_DiagRespData2,23,8,,Body_CAN,0x609,CCUF_DiagResp,CCUF_DiagRespData2,23,8,,SCF0
INF6093108_BOD6093108,Msg,Info_CAN,0x609,CCUF_DiagResp,CCUF_DiagRespData3,31,8,,Body_CAN,0x609,CCUF_DiagResp,CCUF_DiagRespData3,31,8,,SCF0
INF6093908_BOD6093908,Msg,Info_CAN,0x609,CCUF_DiagResp,CCUF_DiagRespData4,39,8,,Body_CAN,0x609,CCUF_DiagResp,CCUF_DiagRespData4,39,8,,SCF0
INF6094708_BOD6094708,Msg,Info_CAN,0x609,CCUF_DiagResp,CCUF_DiagRespData5,47,8,,Body_CAN,0x609,CCUF_DiagResp,CCUF_DiagRespData5,47,8,,SCF0
INF6095508_BOD6095508,Msg,Info_CAN,0x609,CCUF_DiagResp,CCUF_DiagRespData6,55,8,,Body_CAN,0x609,CCUF_DiagResp,CCUF_DiagRespData6,55,8,,SCF0
INF6096308_BOD6096308,Msg,Info_CAN,0x609,CCUF_DiagResp,CCUF_DiagRespData7,63,8,,Body_CAN,0x609,CCUF_DiagResp,CCUF_DiagRespData7,63,8,,SCF0
INF60B0708_INF60D0708,Msg,Info_CAN,0x60b,HUD_rDiagResp,HUD_rDiagRespData0,7,8,,Info_CAN,0x60d,HUD_DiagResp,HUD_DiagRespData0,7,8,,SCF0
INF60B1508_INF60D1508,Msg,Info_CAN,0x60b,HUD_rDiagResp,HUD_rDiagRespData1,15,8,,Info_CAN,0x60d,HUD_DiagResp,HUD_DiagRespData1,15,8,,SCF0
INF60B2308_INF60D2308,Msg,Info_CAN,0x60b,HUD_rDiagResp,HUD_rDiagRespData2,23,8,,Info_CAN,0x60d,HUD_DiagResp,HUD_DiagRespData2,23,8,,SCF0
INF60B3108_INF60D3108,Msg,Info_CAN,0x60b,HUD_rDiagResp,HUD_rDiagRespData3,31,8,,Info_CAN,0x60d,HUD_DiagResp,HUD_DiagRespData3,31,8,,SCF0
INF60B3908_INF60D3908,Msg,Info_CAN,0x60b,HUD_rDiagResp,HUD_rDiagRespData4,39,8,,Info_CAN,0x60d,HUD_DiagResp,HUD_DiagRespData4,39,8,,SCF0
INF60B4708_INF60D4708,Msg,Info_CAN,0x60b,HUD_rDiagResp,HUD_rDiagRespData5,47,8,,Info_CAN,0x60d,HUD_DiagResp,HUD_DiagRespData5,47,8,,SCF0
INF60B5508_INF60D5508,Msg,Info_CAN,0x60b,HUD_rDiagResp,HUD_rDiagRespData6,55,8,,Info_CAN,0x60d,HUD_DiagResp,HUD_DiagRespData6,55,8,,SCF0
INF60B6308_INF60D6308,Msg,Info_CAN,0x60b,HUD_rDiagResp,HUD_rDiagRespData7,63,8,,Info_CAN,0x60d,HUD_DiagResp,HUD_DiagRespData7,63,8,,SCF0
INF60E0708_BOD60E0708,Msg,Info_CAN,0x60e,ETG_DiagResp,ETG_DiagRespData0,7,8,,Body_CAN,0x60e,ETG_DiagResp,ETG_DiagRespData0,7,8,,SCF0
INF60E1508_BOD60E1508,Msg,Info_CAN,0x60e,ETG_DiagResp,ETG_DiagRespData1,15,8,,Body_CAN,0x60e,ETG_DiagResp,ETG_DiagRespData1,15,8,,SCF0
INF60E2308_BOD60E2308,Msg,Info_CAN,0x60e,ETG_DiagResp,ETG_DiagRespData2,23,8,,Body_CAN,0x60e,ETG_DiagResp,ETG_DiagRespData2,23,8,,SCF0
INF60E3108_BOD60E3108,Msg,Info_CAN,0x60e,ETG_DiagResp,ETG_DiagRespData3,31,8,,Body_CAN,0x60e,ETG_DiagResp,ETG_DiagRespData3,31,8,,SCF0
INF60E3908_BOD60E3908,Msg,Info_CAN,0x60e,ETG_DiagResp,ETG_DiagRespData4,39,8,,Body_CAN,0x60e,ETG_DiagResp,ETG_DiagRespData4,39,8,,SCF0
INF60E4708_BOD60E4708,Msg,Info_CAN,0x60e,ETG_DiagResp,ETG_DiagRespData5,47,8,,Body_CAN,0x60e,ETG_DiagResp,ETG_DiagRespData5,47,8,,SCF0
INF60E5508_BOD60E5508,Msg,Info_CAN,0x60e,ETG_DiagResp,ETG_DiagRespData6,55,8,,Body_CAN,0x60e,ETG_DiagResp,ETG_DiagRespData6,55,8,,SCF0
INF60E6308_BOD60E6308,Msg,Info_CAN,0x60e,ETG_DiagResp,ETG_DiagRespData7,63,8,,Body_CAN,0x60e,ETG_DiagResp,ETG_DiagRespData7,63,8,,SCF0
INF60F0708_CHA60F0708,Msg,Info_CAN,0x60f,YSS_DiagResp,YSS_DiagRespData0,7,8,,Chassis_CAN,0x60f,YSS_DiagResp,YSS_DiagRespData0,7,8,,SCF0
INF60F1508_CHA60F1508,Msg,Info_CAN,0x60f,YSS_DiagResp,YSS_DiagRespData1,15,8,,Chassis_CAN,0x60f,YSS_DiagResp,YSS_DiagRespData1,15,8,,SCF0
INF60F2308_CHA60F2308,Msg,Info_CAN,0x60f,YSS_DiagResp,YSS_DiagRespData2,23,8,,Chassis_CAN,0x60f,YSS_DiagResp,YSS_DiagRespData2,23,8,,SCF0
INF60F3108_CHA60F3108,Msg,Info_CAN,0x60f,YSS_DiagResp,YSS_DiagRespData3,31,8,,Chassis_CAN,0x60f,YSS_DiagResp,YSS_DiagRespData3,31,8,,SCF0
INF60F3908_CHA60F3908,Msg,Info_CAN,0x60f,YSS_DiagResp,YSS_DiagRespData4,39,8,,Chassis_CAN,0x60f,YSS_DiagResp,YSS_DiagRespData4,39,8,,SCF0
INF60F4708_CHA60F4708,Msg,Info_CAN,0x60f,YSS_DiagResp,YSS_DiagRespData5,47,8,,Chassis_CAN,0x60f,YSS_DiagResp,YSS_DiagRespData5,47,8,,SCF0
INF60F5508_CHA60F5508,Msg,Info_CAN,0x60f,YSS_DiagResp,YSS_DiagRespData6,55,8,,Chassis_CAN,0x60f,YSS_DiagResp,YSS_DiagRespData6,55,8,,SCF0
INF60F6308_CHA60F6308,Msg,Info_CAN,0x60f,YSS_DiagResp,YSS_DiagRespData7,63,8,,Chassis_CAN,0x60f,YSS_DiagResp,YSS_DiagRespData7,63,8,,SCF0
INF6100708_PWT6100708,Msg,Info_CAN,0x610,GS_DiagResp,GS_DiagRespData0,7,8,,PT_CAN,0x610,GS_DiagResp,GS_DiagRespData0,7,8,,SCF0
INF6101508_PWT6101508,Msg,Info_CAN,0x610,GS_DiagResp,GS_DiagRespData1,15,8,,PT_CAN,0x610,GS_DiagResp,GS_DiagRespData1,15,8,,SCF0
INF6102308_PWT6102308,Msg,Info_CAN,0x610,GS_DiagResp,GS_DiagRespData2,23,8,,PT_CAN,0x610,GS_DiagResp,GS_DiagRespData2,23,8,,SCF0
INF6103108_PWT6103108,Msg,Info_CAN,0x610,GS_DiagResp,GS_DiagRespData3,31,8,,PT_CAN,0x610,GS_DiagResp,GS_DiagRespData3,31,8,,SCF0
INF6103908_PWT6103908,Msg,Info_CAN,0x610,GS_DiagResp,GS_DiagRespData4,39,8,,PT_CAN,0x610,GS_DiagResp,GS_DiagRespData4,39,8,,SCF0
INF6104708_PWT6104708,Msg,Info_CAN,0x610,GS_DiagResp,GS_DiagRespData5,47,8,,PT_CAN,0x610,GS_DiagResp,GS_DiagRespData5,47,8,,SCF0
INF6105508_PWT6105508,Msg,Info_CAN,0x610,GS_DiagResp,GS_DiagRespData6,55,8,,PT_CAN,0x610,GS_DiagResp,GS_DiagRespData6,55,8,,SCF0
INF6106308_PWT6106308,Msg,Info_CAN,0x610,GS_DiagResp,GS_DiagRespData7,63,8,,PT_CAN,0x610,GS_DiagResp,GS_DiagRespData7,63,8,,SCF0
INF6110708_BOD6110708,Msg,Info_CAN,0x611,ASU_Gateway_rDiagResp,ASU_Gateway_rDiagRespData0,7,8,,Body_CAN,0x611,ASU_Gateway_DiagResp,ASU_Gateway_DiagRespData0,7,8,,SCF0
INF6111508_BOD6111508,Msg,Info_CAN,0x611,ASU_Gateway_rDiagResp,ASU_Gateway_rDiagRespData1,15,8,,Body_CAN,0x611,ASU_Gateway_DiagResp,ASU_Gateway_DiagRespData1,15,8,,SCF0
INF6112308_BOD6112308,Msg,Info_CAN,0x611,ASU_Gateway_rDiagResp,ASU_Gateway_rDiagRespData2,23,8,,Body_CAN,0x611,ASU_Gateway_DiagResp,ASU_Gateway_DiagRespData2,23,8,,SCF0
INF6113108_BOD6113108,Msg,Info_CAN,0x611,ASU_Gateway_rDiagResp,ASU_Gateway_rDiagRespData3,31,8,,Body_CAN,0x611,ASU_Gateway_DiagResp,ASU_Gateway_DiagRespData3,31,8,,SCF0
INF6113908_BOD6113908,Msg,Info_CAN,0x611,ASU_Gateway_rDiagResp,ASU_Gateway_rDiagRespData4,39,8,,Body_CAN,0x611,ASU_Gateway_DiagResp,ASU_Gateway_DiagRespData4,39,8,,SCF0
INF6114708_BOD6114708,Msg,Info_CAN,0x611,ASU_Gateway_rDiagResp,ASU_Gateway_rDiagRespData5,47,8,,Body_CAN,0x611,ASU_Gateway_DiagResp,ASU_Gateway_DiagRespData5,47,8,,SCF0
INF6115508_BOD6115508,Msg,Info_CAN,0x611,ASU_Gateway_rDiagResp,ASU_Gateway_rDiagRespData6,55,8,,Body_CAN,0x611,ASU_Gateway_DiagResp,ASU_Gateway_DiagRespData6,55,8,,SCF0
INF6116308_BOD6116308,Msg,Info_CAN,0x611,ASU_Gateway_rDiagResp,ASU_Gateway_rDiagRespData7,63,8,,Body_CAN,0x611,ASU_Gateway_DiagResp,ASU_Gateway_DiagRespData7,63,8,,SCF0
INF6130708_BAT6130708,Msg,Info_CAN,0x613,BMS_DiagResp,BMS_DiagRespData0,7,8,,BA_CAN,0x613,BMS_DiagResp,BMS_DiagRespData0,7,8,,SCF0
INF6131508_BAT6131508,Msg,Info_CAN,0x613,BMS_DiagResp,BMS_DiagRespData1,15,8,,BA_CAN,0x613,BMS_DiagResp,BMS_DiagRespData1,15,8,,SCF0
INF6132308_BAT6132308,Msg,Info_CAN,0x613,BMS_DiagResp,BMS_DiagRespData2,23,8,,BA_CAN,0x613,BMS_DiagResp,BMS_DiagRespData2,23,8,,SCF0
INF6133108_BAT6133108,Msg,Info_CAN,0x613,BMS_DiagResp,BMS_DiagRespData3,31,8,,BA_CAN,0x613,BMS_DiagResp,BMS_DiagRespData3,31,8,,SCF0
INF6133908_BAT6133908,Msg,Info_CAN,0x613,BMS_DiagResp,BMS_DiagRespData4,39,8,,BA_CAN,0x613,BMS_DiagResp,BMS_DiagRespData4,39,8,,SCF0
INF6134708_BAT6134708,Msg,Info_CAN,0x613,BMS_DiagResp,BMS_DiagRespData5,47,8,,BA_CAN,0x613,BMS_DiagResp,BMS_DiagRespData5,47,8,,SCF0
INF6135508_BAT6135508,Msg,Info_CAN,0x613,BMS_DiagResp,BMS_DiagRespData6,55,8,,BA_CAN,0x613,BMS_DiagResp,BMS_DiagRespData6,55,8,,SCF0
INF6136308_BAT6136308,Msg,Info_CAN,0x613,BMS_DiagResp,BMS_DiagRespData7,63,8,,BA_CAN,0x613,BMS_DiagResp,BMS_DiagRespData7,63,8,,SCF0
INF6140708_BOD6140708,Msg,Info_CAN,0x614,CCUR_DiagResp,CCUR_DiagRespData0,7,8,,Body_CAN,0x614,CCUR_DiagResp,CCUR_DiagRespData0,7,8,,SCF0
INF6141508_BOD6141508,Msg,Info_CAN,0x614,CCUR_DiagResp,CCUR_DiagRespData1,15,8,,Body_CAN,0x614,CCUR_DiagResp,CCUR_DiagRespData1,15,8,,SCF0
INF6142308_BOD6142308,Msg,Info_CAN,0x614,CCUR_DiagResp,CCUR_DiagRespData2,23,8,,Body_CAN,0x614,CCUR_DiagResp,CCUR_DiagRespData2,23,8,,SCF0
INF6143108_BOD6143108,Msg,Info_CAN,0x614,CCUR_DiagResp,CCUR_DiagRespData3,31,8,,Body_CAN,0x614,CCUR_DiagResp,CCUR_DiagRespData3,31,8,,SCF0
INF6143908_BOD6143908,Msg,Info_CAN,0x614,CCUR_DiagResp,CCUR_DiagRespData4,39,8,,Body_CAN,0x614,CCUR_DiagResp,CCUR_DiagRespData4,39,8,,SCF0
INF6144708_BOD6144708,Msg,Info_CAN,0x614,CCUR_DiagResp,CCUR_DiagRespData5,47,8,,Body_CAN,0x614,CCUR_DiagResp,CCUR_DiagRespData5,47,8,,SCF0
INF6145508_BOD6145508,Msg,Info_CAN,0x614,CCUR_DiagResp,CCUR_DiagRespData6,55,8,,Body_CAN,0x614,CCUR_DiagResp,CCUR_DiagRespData6,55,8,,SCF0
INF6146308_BOD6146308,Msg,Info_CAN,0x614,CCUR_DiagResp,CCUR_DiagRespData7,63,8,,Body_CAN,0x614,CCUR_DiagResp,CCUR_DiagRespData7,63,8,,SCF0
INF61A0708_PWT61A0708,Msg,Info_CAN,0x61a,EDS_R_DiagResp,EDS_R_DiagRespData0,7,8,,PT_CAN,0x61a,EDS_R_DiagResp,EDS_R_DiagRespData0,7,8,,SCF0
INF61A1508_PWT61A1508,Msg,Info_CAN,0x61a,EDS_R_DiagResp,EDS_R_DiagRespData1,15,8,,PT_CAN,0x61a,EDS_R_DiagResp,EDS_R_DiagRespData1,15,8,,SCF0
INF61A2308_PWT61A2308,Msg,Info_CAN,0x61a,EDS_R_DiagResp,EDS_R_DiagRespData2,23,8,,PT_CAN,0x61a,EDS_R_DiagResp,EDS_R_DiagRespData2,23,8,,SCF0
INF61A3108_PWT61A3108,Msg,Info_CAN,0x61a,EDS_R_DiagResp,EDS_R_DiagRespData3,31,8,,PT_CAN,0x61a,EDS_R_DiagResp,EDS_R_DiagRespData3,31,8,,SCF0
INF61A3908_PWT61A3908,Msg,Info_CAN,0x61a,EDS_R_DiagResp,EDS_R_DiagRespData4,39,8,,PT_CAN,0x61a,EDS_R_DiagResp,EDS_R_DiagRespData4,39,8,,SCF0
INF61A4708_PWT61A4708,Msg,Info_CAN,0x61a,EDS_R_DiagResp,EDS_R_DiagRespData5,47,8,,PT_CAN,0x61a,EDS_R_DiagResp,EDS_R_DiagRespData5,47,8,,SCF0
INF61A5508_PWT61A5508,Msg,Info_CAN,0x61a,EDS_R_DiagResp,EDS_R_DiagRespData6,55,8,,PT_CAN,0x61a,EDS_R_DiagResp,EDS_R_DiagRespData6,55,8,,SCF0
INF61A6308_PWT61A6308,Msg,Info_CAN,0x61a,EDS_R_DiagResp,EDS_R_DiagRespData7,63,8,,PT_CAN,0x61a,EDS_R_DiagResp,EDS_R_DiagRespData7,63,8,,SCF0
INF61B0708_PWT61B0708,Msg,Info_CAN,0x61b,EDS_F_DiagResp,EDS_F_DiagRespData0,7,8,,PT_CAN,0x61b,EDS_F_DiagResp,EDS_F_DiagRespData0,7,8,,SCF0
INF61B1508_PWT61B1508,Msg,Info_CAN,0x61b,EDS_F_DiagResp,EDS_F_DiagRespData1,15,8,,PT_CAN,0x61b,EDS_F_DiagResp,EDS_F_DiagRespData1,15,8,,SCF0
INF61B2308_PWT61B2308,Msg,Info_CAN,0x61b,EDS_F_DiagResp,EDS_F_DiagRespData2,23,8,,PT_CAN,0x61b,EDS_F_DiagResp,EDS_F_DiagRespData2,23,8,,SCF0
INF61B3108_PWT61B3108,Msg,Info_CAN,0x61b,EDS_F_DiagResp,EDS_F_DiagRespData3,31,8,,PT_CAN,0x61b,EDS_F_DiagResp,EDS_F_DiagRespData3,31,8,,SCF0
INF61B3908_PWT61B3908,Msg,Info_CAN,0x61b,EDS_F_DiagResp,EDS_F_DiagRespData4,39,8,,PT_CAN,0x61b,EDS_F_DiagResp,EDS_F_DiagRespData4,39,8,,SCF0
INF61B4708_PWT61B4708,Msg,Info_CAN,0x61b,EDS_F_DiagResp,EDS_F_DiagRespData5,47,8,,PT_CAN,0x61b,EDS_F_DiagResp,EDS_F_DiagRespData5,47,8,,SCF0
INF61B5508_PWT61B5508,Msg,Info_CAN,0x61b,EDS_F_DiagResp,EDS_F_DiagRespData6,55,8,,PT_CAN,0x61b,EDS_F_DiagResp,EDS_F_DiagRespData6,55,8,,SCF0
INF61B6308_PWT61B6308,Msg,Info_CAN,0x61b,EDS_F_DiagResp,EDS_F_DiagRespData7,63,8,,PT_CAN,0x61b,EDS_F_DiagResp,EDS_F_DiagRespData7,63,8,,SCF0
INF61E0708_BOD61E0708,Msg,Info_CAN,0x61e,PSM_D_DiagResp,PSM_D_DiagRespData0,7,8,,Body_CAN,0x61e,PSM_D_DiagResp,PSM_D_DiagRespData0,7,8,,SCF0
INF61E1508_BOD61E1508,Msg,Info_CAN,0x61e,PSM_D_DiagResp,PSM_D_DiagRespData1,15,8,,Body_CAN,0x61e,PSM_D_DiagResp,PSM_D_DiagRespData1,15,8,,SCF0
INF61E2308_BOD61E2308,Msg,Info_CAN,0x61e,PSM_D_DiagResp,PSM_D_DiagRespData2,23,8,,Body_CAN,0x61e,PSM_D_DiagResp,PSM_D_DiagRespData2,23,8,,SCF0
INF61E3108_BOD61E3108,Msg,Info_CAN,0x61e,PSM_D_DiagResp,PSM_D_DiagRespData3,31,8,,Body_CAN,0x61e,PSM_D_DiagResp,PSM_D_DiagRespData3,31,8,,SCF0
INF61E3908_BOD61E3908,Msg,Info_CAN,0x61e,PSM_D_DiagResp,PSM_D_DiagRespData4,39,8,,Body_CAN,0x61e,PSM_D_DiagResp,PSM_D_DiagRespData4,39,8,,SCF0
INF61E4708_BOD61E4708,Msg,Info_CAN,0x61e,PSM_D_DiagResp,PSM_D_DiagRespData5,47,8,,Body_CAN,0x61e,PSM_D_DiagResp,PSM_D_DiagRespData5,47,8,,SCF0
INF61E5508_BOD61E5508,Msg,Info_CAN,0x61e,PSM_D_DiagResp,PSM_D_DiagRespData6,55,8,,Body_CAN,0x61e,PSM_D_DiagResp,PSM_D_DiagRespData6,55,8,,SCF0
INF61E6308_BOD61E6308,Msg,Info_CAN,0x61e,PSM_D_DiagResp,PSM_D_DiagRespData7,63,8,,Body_CAN,0x61e,PSM_D_DiagResp,PSM_D_DiagRespData7,63,8,,SCF0
INF6250708_CHA6250708,Msg,Info_CAN,0x625,MRGEN_DiagResp,MRGEN_DiagRespData0,7,8,,Chassis_CAN,0x625,MRGEN_DiagResp,MRGEN_DiagRespData0,7,8,,SCF0
INF6251508_CHA6251508,Msg,Info_CAN,0x625,MRGEN_DiagResp,MRGEN_DiagRespData1,15,8,,Chassis_CAN,0x625,MRGEN_DiagResp,MRGEN_DiagRespData1,15,8,,SCF0
INF6252308_CHA6252308,Msg,Info_CAN,0x625,MRGEN_DiagResp,MRGEN_DiagRespData2,23,8,,Chassis_CAN,0x625,MRGEN_DiagResp,MRGEN_DiagRespData2,23,8,,SCF0
INF6253108_CHA6253108,Msg,Info_CAN,0x625,MRGEN_DiagResp,MRGEN_DiagRespData3,31,8,,Chassis_CAN,0x625,MRGEN_DiagResp,MRGEN_DiagRespData3,31,8,,SCF0
INF6253908_CHA6253908,Msg,Info_CAN,0x625,MRGEN_DiagResp,MRGEN_DiagRespData4,39,8,,Chassis_CAN,0x625,MRGEN_DiagResp,MRGEN_DiagRespData4,39,8,,SCF0
INF6254708_CHA6254708,Msg,Info_CAN,0x625,MRGEN_DiagResp,MRGEN_DiagRespData5,47,8,,Chassis_CAN,0x625,MRGEN_DiagResp,MRGEN_DiagRespData5,47,8,,SCF0
INF6255508_CHA6255508,Msg,Info_CAN,0x625,MRGEN_DiagResp,MRGEN_DiagRespData6,55,8,,Chassis_CAN,0x625,MRGEN_DiagResp,MRGEN_DiagRespData6,55,8,,SCF0
INF6256308_CHA6256308,Msg,Info_CAN,0x625,MRGEN_DiagResp,MRGEN_DiagRespData7,63,8,,Chassis_CAN,0x625,MRGEN_DiagResp,MRGEN_DiagRespData7,63,8,,SCF0
INF6260708_CHA6260708,Msg,Info_CAN,0x626,SCAM_DiagResp,SCAM_DiagRespData0,7,8,,Chassis_CAN,0x626,SCAM_DiagResp,SCAM_DiagRespData0,7,8,,SCF0
INF6261508_CHA6261508,Msg,Info_CAN,0x626,SCAM_DiagResp,SCAM_DiagRespData1,15,8,,Chassis_CAN,0x626,SCAM_DiagResp,SCAM_DiagRespData1,15,8,,SCF0
INF6262308_CHA6262308,Msg,Info_CAN,0x626,SCAM_DiagResp,SCAM_DiagRespData2,23,8,,Chassis_CAN,0x626,SCAM_DiagResp,SCAM_DiagRespData2,23,8,,SCF0
INF6263108_CHA6263108,Msg,Info_CAN,0x626,SCAM_DiagResp,SCAM_DiagRespData3,31,8,,Chassis_CAN,0x626,SCAM_DiagResp,SCAM_DiagRespData3,31,8,,SCF0
INF6263908_CHA6263908,Msg,Info_CAN,0x626,SCAM_DiagResp,SCAM_DiagRespData4,39,8,,Chassis_CAN,0x626,SCAM_DiagResp,SCAM_DiagRespData4,39,8,,SCF0
INF6264708_CHA6264708,Msg,Info_CAN,0x626,SCAM_DiagResp,SCAM_DiagRespData5,47,8,,Chassis_CAN,0x626,SCAM_DiagResp,SCAM_DiagRespData5,47,8,,SCF0
INF6265508_CHA6265508,Msg,Info_CAN,0x626,SCAM_DiagResp,SCAM_DiagRespData6,55,8,,Chassis_CAN,0x626,SCAM_DiagResp,SCAM_DiagRespData6,55,8,,SCF0
INF6266308_CHA6266308,Msg,Info_CAN,0x626,SCAM_DiagResp,SCAM_DiagRespData7,63,8,,Chassis_CAN,0x626,SCAM_DiagResp,SCAM_DiagRespData7,63,8,,SCF0
INF6270708_CHA6270708,Msg,Info_CAN,0x627,RCU_DiagResp,RCU_DiagRespData0,7,8,,Chassis_CAN,0x627,RCU_DiagResp,RCU_DiagRespData0,7,8,,SCF0
INF6271508_CHA6271508,Msg,Info_CAN,0x627,RCU_DiagResp,RCU_DiagRespData1,15,8,,Chassis_CAN,0x627,RCU_DiagResp,RCU_DiagRespData1,15,8,,SCF0
INF6272308_CHA6272308,Msg,Info_CAN,0x627,RCU_DiagResp,RCU_DiagRespData2,23,8,,Chassis_CAN,0x627,RCU_DiagResp,RCU_DiagRespData2,23,8,,SCF0
INF6273108_CHA6273108,Msg,Info_CAN,0x627,RCU_DiagResp,RCU_DiagRespData3,31,8,,Chassis_CAN,0x627,RCU_DiagResp,RCU_DiagRespData3,31,8,,SCF0
INF6273908_CHA6273908,Msg,Info_CAN,0x627,RCU_DiagResp,RCU_DiagRespData4,39,8,,Chassis_CAN,0x627,RCU_DiagResp,RCU_DiagRespData4,39,8,,SCF0
INF6274708_CHA6274708,Msg,Info_CAN,0x627,RCU_DiagResp,RCU_DiagRespData5,47,8,,Chassis_CAN,0x627,RCU_DiagResp,RCU_DiagRespData5,47,8,,SCF0
INF6275508_CHA6275508,Msg,Info_CAN,0x627,RCU_DiagResp,RCU_DiagRespData6,55,8,,Chassis_CAN,0x627,RCU_DiagResp,RCU_DiagRespData6,55,8,,SCF0
INF6276308_CHA6276308,Msg,Info_CAN,0x627,RCU_DiagResp,RCU_DiagRespData7,63,8,,Chassis_CAN,0x627,RCU_DiagResp,RCU_DiagRespData7,63,8,,SCF0
INF6280708_CHA6280708,Msg,Info_CAN,0x628,EPS_DiagResp,EPS_DiagRespData0,7,8,,Chassis_CAN,0x628,EPS_DiagResp,EPS_DiagRespData0,7,8,,SCF0
INF6281508_CHA6281508,Msg,Info_CAN,0x628,EPS_DiagResp,EPS_DiagRespData1,15,8,,Chassis_CAN,0x628,EPS_DiagResp,EPS_DiagRespData1,15,8,,SCF0
INF6282308_CHA6282308,Msg,Info_CAN,0x628,EPS_DiagResp,EPS_DiagRespData2,23,8,,Chassis_CAN,0x628,EPS_DiagResp,EPS_DiagRespData2,23,8,,SCF0
INF6283108_CHA6283108,Msg,Info_CAN,0x628,EPS_DiagResp,EPS_DiagRespData3,31,8,,Chassis_CAN,0x628,EPS_DiagResp,EPS_DiagRespData3,31,8,,SCF0
INF6283908_CHA6283908,Msg,Info_CAN,0x628,EPS_DiagResp,EPS_DiagRespData4,39,8,,Chassis_CAN,0x628,EPS_DiagResp,EPS_DiagRespData4,39,8,,SCF0
INF6284708_CHA6284708,Msg,Info_CAN,0x628,EPS_DiagResp,EPS_DiagRespData5,47,8,,Chassis_CAN,0x628,EPS_DiagResp,EPS_DiagRespData5,47,8,,SCF0
INF6285508_CHA6285508,Msg,Info_CAN,0x628,EPS_DiagResp,EPS_DiagRespData6,55,8,,Chassis_CAN,0x628,EPS_DiagResp,EPS_DiagRespData6,55,8,,SCF0
INF6286308_CHA6286308,Msg,Info_CAN,0x628,EPS_DiagResp,EPS_DiagRespData7,63,8,,Chassis_CAN,0x628,EPS_DiagResp,EPS_DiagRespData7,63,8,,SCF0
INF6290708_PWT6290708,Msg,Info_CAN,0x629,IDB_DiagResp,IDB_DiagRespData0,7,8,,PT_CAN,0x629,IDB_DiagResp,IDB_DiagRespData0,7,8,,SCF0
INF6291508_PWT6291508,Msg,Info_CAN,0x629,IDB_DiagResp,IDB_DiagRespData1,15,8,,PT_CAN,0x629,IDB_DiagResp,IDB_DiagRespData1,15,8,,SCF0
INF6292308_PWT6292308,Msg,Info_CAN,0x629,IDB_DiagResp,IDB_DiagRespData2,23,8,,PT_CAN,0x629,IDB_DiagResp,IDB_DiagRespData2,23,8,,SCF0
INF6293108_PWT6293108,Msg,Info_CAN,0x629,IDB_DiagResp,IDB_DiagRespData3,31,8,,PT_CAN,0x629,IDB_DiagResp,IDB_DiagRespData3,31,8,,SCF0
INF6293908_PWT6293908,Msg,Info_CAN,0x629,IDB_DiagResp,IDB_DiagRespData4,39,8,,PT_CAN,0x629,IDB_DiagResp,IDB_DiagRespData4,39,8,,SCF0
INF6294708_PWT6294708,Msg,Info_CAN,0x629,IDB_DiagResp,IDB_DiagRespData5,47,8,,PT_CAN,0x629,IDB_DiagResp,IDB_DiagRespData5,47,8,,SCF0
INF6295508_PWT6295508,Msg,Info_CAN,0x629,IDB_DiagResp,IDB_DiagRespData6,55,8,,PT_CAN,0x629,IDB_DiagResp,IDB_DiagRespData6,55,8,,SCF0
INF6296308_PWT6296308,Msg,Info_CAN,0x629,IDB_DiagResp,IDB_DiagRespData7,63,8,,PT_CAN,0x629,IDB_DiagResp,IDB_DiagRespData7,63,8,,SCF0
INF62A0708_CHA62A0708,Msg,Info_CAN,0x62a,AVAS_DiagResp,AVAS_DiagRespData0,7,8,,Chassis_CAN,0x62a,AVAS_DiagResp,AVAS_DiagRespData0,7,8,,SCF0
INF62A1508_CHA62A1508,Msg,Info_CAN,0x62a,AVAS_DiagResp,AVAS_DiagRespData1,15,8,,Chassis_CAN,0x62a,AVAS_DiagResp,AVAS_DiagRespData1,15,8,,SCF0
INF62A2308_CHA62A2308,Msg,Info_CAN,0x62a,AVAS_DiagResp,AVAS_DiagRespData2,23,8,,Chassis_CAN,0x62a,AVAS_DiagResp,AVAS_DiagRespData2,23,8,,SCF0
INF62A3108_CHA62A3108,Msg,Info_CAN,0x62a,AVAS_DiagResp,AVAS_DiagRespData3,31,8,,Chassis_CAN,0x62a,AVAS_DiagResp,AVAS_DiagRespData3,31,8,,SCF0
INF62A3908_CHA62A3908,Msg,Info_CAN,0x62a,AVAS_DiagResp,AVAS_DiagRespData4,39,8,,Chassis_CAN,0x62a,AVAS_DiagResp,AVAS_DiagRespData4,39,8,,SCF0
INF62A4708_CHA62A4708,Msg,Info_CAN,0x62a,AVAS_DiagResp,AVAS_DiagRespData5,47,8,,Chassis_CAN,0x62a,AVAS_DiagResp,AVAS_DiagRespData5,47,8,,SCF0
INF62A5508_CHA62A5508,Msg,Info_CAN,0x62a,AVAS_DiagResp,AVAS_DiagRespData6,55,8,,Chassis_CAN,0x62a,AVAS_DiagResp,AVAS_DiagRespData6,55,8,,SCF0
INF62A6308_CHA62A6308,Msg,Info_CAN,0x62a,AVAS_DiagResp,AVAS_DiagRespData7,63,8,,Chassis_CAN,0x62a,AVAS_DiagResp,AVAS_DiagRespData7,63,8,,SCF0
INF62B0708_PWT62B0708,Msg,Info_CAN,0x62b,EPS2_DiagResp,EPS2_DiagRespData0,7,8,,PT_CAN,0x62b,EPS2_DiagResp,EPS2_DiagRespData0,7,8,,SCF0
INF62B1508_PWT62B1508,Msg,Info_CAN,0x62b,EPS2_DiagResp,EPS2_DiagRespData1,15,8,,PT_CAN,0x62b,EPS2_DiagResp,EPS2_DiagRespData1,15,8,,SCF0
INF62B2308_PWT62B2308,Msg,Info_CAN,0x62b,EPS2_DiagResp,EPS2_DiagRespData2,23,8,,PT_CAN,0x62b,EPS2_DiagResp,EPS2_DiagRespData2,23,8,,SCF0
INF62B3108_PWT62B3108,Msg,Info_CAN,0x62b,EPS2_DiagResp,EPS2_DiagRespData3,31,8,,PT_CAN,0x62b,EPS2_DiagResp,EPS2_DiagRespData3,31,8,,SCF0
INF62B3908_PWT62B3908,Msg,Info_CAN,0x62b,EPS2_DiagResp,EPS2_DiagRespData4,39,8,,PT_CAN,0x62b,EPS2_DiagResp,EPS2_DiagRespData4,39,8,,SCF0
INF62B4708_PWT62B4708,Msg,Info_CAN,0x62b,EPS2_DiagResp,EPS2_DiagRespData5,47,8,,PT_CAN,0x62b,EPS2_DiagResp,EPS2_DiagRespData5,47,8,,SCF0
INF62B5508_PWT62B5508,Msg,Info_CAN,0x62b,EPS2_DiagResp,EPS2_DiagRespData6,55,8,,PT_CAN,0x62b,EPS2_DiagResp,EPS2_DiagRespData6,55,8,,SCF0
INF62B6308_PWT62B6308,Msg,Info_CAN,0x62b,EPS2_DiagResp,EPS2_DiagRespData7,63,8,,PT_CAN,0x62b,EPS2_DiagResp,EPS2_DiagRespData7,63,8,,SCF0
INF62C0708_PWT62C0708,Msg,Info_CAN,0x62c,VCU_DiagResp,VCU_DiagRespData0,7,8,,PT_CAN,0x62c,VCU_DiagResp,VCU_DiagRespData0,7,8,,SCF0
INF62C1508_PWT62C1508,Msg,Info_CAN,0x62c,VCU_DiagResp,VCU_DiagRespData1,15,8,,PT_CAN,0x62c,VCU_DiagResp,VCU_DiagRespData1,15,8,,SCF0
INF62C2308_PWT62C2308,Msg,Info_CAN,0x62c,VCU_DiagResp,VCU_DiagRespData2,23,8,,PT_CAN,0x62c,VCU_DiagResp,VCU_DiagRespData2,23,8,,SCF0
INF62C3108_PWT62C3108,Msg,Info_CAN,0x62c,VCU_DiagResp,VCU_DiagRespData3,31,8,,PT_CAN,0x62c,VCU_DiagResp,VCU_DiagRespData3,31,8,,SCF0
INF62C3908_PWT62C3908,Msg,Info_CAN,0x62c,VCU_DiagResp,VCU_DiagRespData4,39,8,,PT_CAN,0x62c,VCU_DiagResp,VCU_DiagRespData4,39,8,,SCF0
INF62C4708_PWT62C4708,Msg,Info_CAN,0x62c,VCU_DiagResp,VCU_DiagRespData5,47,8,,PT_CAN,0x62c,VCU_DiagResp,VCU_DiagRespData5,47,8,,SCF0
INF62C5508_PWT62C5508,Msg,Info_CAN,0x62c,VCU_DiagResp,VCU_DiagRespData6,55,8,,PT_CAN,0x62c,VCU_DiagResp,VCU_DiagRespData6,55,8,,SCF0
INF62C6308_PWT62C6308,Msg,Info_CAN,0x62c,VCU_DiagResp,VCU_DiagRespData7,63,8,,PT_CAN,0x62c,VCU_DiagResp,VCU_DiagRespData7,63,8,,SCF0
INF6340708_CHA6340708,Msg,Info_CAN,0x634,SRR_FR_DiagResp,SRR_FR_DiagRespData0,7,8,,Chassis_CAN,0x634,SRR_FR_DiagResp,SRR_FR_DiagRespData0,7,8,,SCF0
INF6341508_CHA6341508,Msg,Info_CAN,0x634,SRR_FR_DiagResp,SRR_FR_DiagRespData1,15,8,,Chassis_CAN,0x634,SRR_FR_DiagResp,SRR_FR_DiagRespData1,15,8,,SCF0
INF6342308_CHA6342308,Msg,Info_CAN,0x634,SRR_FR_DiagResp,SRR_FR_DiagRespData2,23,8,,Chassis_CAN,0x634,SRR_FR_DiagResp,SRR_FR_DiagRespData2,23,8,,SCF0
INF6343108_CHA6343108,Msg,Info_CAN,0x634,SRR_FR_DiagResp,SRR_FR_DiagRespData3,31,8,,Chassis_CAN,0x634,SRR_FR_DiagResp,SRR_FR_DiagRespData3,31,8,,SCF0
INF6343908_CHA6343908,Msg,Info_CAN,0x634,SRR_FR_DiagResp,SRR_FR_DiagRespData4,39,8,,Chassis_CAN,0x634,SRR_FR_DiagResp,SRR_FR_DiagRespData4,39,8,,SCF0
INF6344708_CHA6344708,Msg,Info_CAN,0x634,SRR_FR_DiagResp,SRR_FR_DiagRespData5,47,8,,Chassis_CAN,0x634,SRR_FR_DiagResp,SRR_FR_DiagRespData5,47,8,,SCF0
INF6345508_CHA6345508,Msg,Info_CAN,0x634,SRR_FR_DiagResp,SRR_FR_DiagRespData6,55,8,,Chassis_CAN,0x634,SRR_FR_DiagResp,SRR_FR_DiagRespData6,55,8,,SCF0
INF6346308_CHA6346308,Msg,Info_CAN,0x634,SRR_FR_DiagResp,SRR_FR_DiagRespData7,63,8,,Chassis_CAN,0x634,SRR_FR_DiagResp,SRR_FR_DiagRespData7,63,8,,SCF0
INF6350708_CHA6350708,Msg,Info_CAN,0x635,SRR_FL_DiagResp,SRR_FL_DiagRespData0,7,8,,Chassis_CAN,0x635,SRR_FL_DiagResp,SRR_FL_DiagRespData0,7,8,,SCF0
INF6351508_CHA6351508,Msg,Info_CAN,0x635,SRR_FL_DiagResp,SRR_FL_DiagRespData1,15,8,,Chassis_CAN,0x635,SRR_FL_DiagResp,SRR_FL_DiagRespData1,15,8,,SCF0
INF6352308_CHA6352308,Msg,Info_CAN,0x635,SRR_FL_DiagResp,SRR_FL_DiagRespData2,23,8,,Chassis_CAN,0x635,SRR_FL_DiagResp,SRR_FL_DiagRespData2,23,8,,SCF0
INF6353108_CHA6353108,Msg,Info_CAN,0x635,SRR_FL_DiagResp,SRR_FL_DiagRespData3,31,8,,Chassis_CAN,0x635,SRR_FL_DiagResp,SRR_FL_DiagRespData3,31,8,,SCF0
INF6353908_CHA6353908,Msg,Info_CAN,0x635,SRR_FL_DiagResp,SRR_FL_DiagRespData4,39,8,,Chassis_CAN,0x635,SRR_FL_DiagResp,SRR_FL_DiagRespData4,39,8,,SCF0
INF6354708_CHA6354708,Msg,Info_CAN,0x635,SRR_FL_DiagResp,SRR_FL_DiagRespData5,47,8,,Chassis_CAN,0x635,SRR_FL_DiagResp,SRR_FL_DiagRespData5,47,8,,SCF0
INF6355508_CHA6355508,Msg,Info_CAN,0x635,SRR_FL_DiagResp,SRR_FL_DiagRespData6,55,8,,Chassis_CAN,0x635,SRR_FL_DiagResp,SRR_FL_DiagRespData6,55,8,,SCF0
INF6356308_CHA6356308,Msg,Info_CAN,0x635,SRR_FL_DiagResp,SRR_FL_DiagRespData7,63,8,,Chassis_CAN,0x635,SRR_FL_DiagResp,SRR_FL_DiagRespData7,63,8,,SCF0
INF6360708_CHA6360708,Msg,Info_CAN,0x636,SRR_RR_DiagResp,SRR_RR_DiagRespData0,7,8,,Chassis_CAN,0x636,SRR_RR_DiagResp,SRR_RR_DiagRespData0,7,8,,SCF0
INF6361508_CHA6361508,Msg,Info_CAN,0x636,SRR_RR_DiagResp,SRR_RR_DiagRespData1,15,8,,Chassis_CAN,0x636,SRR_RR_DiagResp,SRR_RR_DiagRespData1,15,8,,SCF0
INF6362308_CHA6362308,Msg,Info_CAN,0x636,SRR_RR_DiagResp,SRR_RR_DiagRespData2,23,8,,Chassis_CAN,0x636,SRR_RR_DiagResp,SRR_RR_DiagRespData2,23,8,,SCF0
INF6363108_CHA6363108,Msg,Info_CAN,0x636,SRR_RR_DiagResp,SRR_RR_DiagRespData3,31,8,,Chassis_CAN,0x636,SRR_RR_DiagResp,SRR_RR_DiagRespData3,31,8,,SCF0
INF6363908_CHA6363908,Msg,Info_CAN,0x636,SRR_RR_DiagResp,SRR_RR_DiagRespData4,39,8,,Chassis_CAN,0x636,SRR_RR_DiagResp,SRR_RR_DiagRespData4,39,8,,SCF0
INF6364708_CHA6364708,Msg,Info_CAN,0x636,SRR_RR_DiagResp,SRR_RR_DiagRespData5,47,8,,Chassis_CAN,0x636,SRR_RR_DiagResp,SRR_RR_DiagRespData5,47,8,,SCF0
INF6365508_CHA6365508,Msg,Info_CAN,0x636,SRR_RR_DiagResp,SRR_RR_DiagRespData6,55,8,,Chassis_CAN,0x636,SRR_RR_DiagResp,SRR_RR_DiagRespData6,55,8,,SCF0
INF6366308_CHA6366308,Msg,Info_CAN,0x636,SRR_RR_DiagResp,SRR_RR_DiagRespData7,63,8,,Chassis_CAN,0x636,SRR_RR_DiagResp,SRR_RR_DiagRespData7,63,8,,SCF0
INF6370708_CHA6370708,Msg,Info_CAN,0x637,SRR_RL_DiagResp,SRR_RL_DiagRespData0,7,8,,Chassis_CAN,0x637,SRR_RL_DiagResp,SRR_RL_DiagRespData0,7,8,,SCF0
INF6371508_CHA6371508,Msg,Info_CAN,0x637,SRR_RL_DiagResp,SRR_RL_DiagRespData1,15,8,,Chassis_CAN,0x637,SRR_RL_DiagResp,SRR_RL_DiagRespData1,15,8,,SCF0
INF6372308_CHA6372308,Msg,Info_CAN,0x637,SRR_RL_DiagResp,SRR_RL_DiagRespData2,23,8,,Chassis_CAN,0x637,SRR_RL_DiagResp,SRR_RL_DiagRespData2,23,8,,SCF0
INF6373108_CHA6373108,Msg,Info_CAN,0x637,SRR_RL_DiagResp,SRR_RL_DiagRespData3,31,8,,Chassis_CAN,0x637,SRR_RL_DiagResp,SRR_RL_DiagRespData3,31,8,,SCF0
INF6373908_CHA6373908,Msg,Info_CAN,0x637,SRR_RL_DiagResp,SRR_RL_DiagRespData4,39,8,,Chassis_CAN,0x637,SRR_RL_DiagResp,SRR_RL_DiagRespData4,39,8,,SCF0
INF6374708_CHA6374708,Msg,Info_CAN,0x637,SRR_RL_DiagResp,SRR_RL_DiagRespData5,47,8,,Chassis_CAN,0x637,SRR_RL_DiagResp,SRR_RL_DiagRespData5,47,8,,SCF0
INF6375508_CHA6375508,Msg,Info_CAN,0x637,SRR_RL_DiagResp,SRR_RL_DiagRespData6,55,8,,Chassis_CAN,0x637,SRR_RL_DiagResp,SRR_RL_DiagRespData6,55,8,,SCF0
INF6376308_CHA6376308,Msg,Info_CAN,0x637,SRR_RL_DiagResp,SRR_RL_DiagRespData7,63,8,,Chassis_CAN,0x637,SRR_RL_DiagResp,SRR_RL_DiagRespData7,63,8,,SCF0
INF6380708_BOD6380708,Msg,Info_CAN,0x638,ASU_DiagResp,ASU_DiagRespData0,7,8,,Body_CAN,0x638,ASU_DiagResp,ASU_DiagRespData0,7,8,,SCF0
INF6381508_BOD6381508,Msg,Info_CAN,0x638,ASU_DiagResp,ASU_DiagRespData1,15,8,,Body_CAN,0x638,ASU_DiagResp,ASU_DiagRespData1,15,8,,SCF0
INF6382308_BOD6382308,Msg,Info_CAN,0x638,ASU_DiagResp,ASU_DiagRespData2,23,8,,Body_CAN,0x638,ASU_DiagResp,ASU_DiagRespData2,23,8,,SCF0
INF6383108_BOD6383108,Msg,Info_CAN,0x638,ASU_DiagResp,ASU_DiagRespData3,31,8,,Body_CAN,0x638,ASU_DiagResp,ASU_DiagRespData3,31,8,,SCF0
INF6383908_BOD6383908,Msg,Info_CAN,0x638,ASU_DiagResp,ASU_DiagRespData4,39,8,,Body_CAN,0x638,ASU_DiagResp,ASU_DiagRespData4,39,8,,SCF0
INF6384708_BOD6384708,Msg,Info_CAN,0x638,ASU_DiagResp,ASU_DiagRespData5,47,8,,Body_CAN,0x638,ASU_DiagResp,ASU_DiagRespData5,47,8,,SCF0
INF6385508_BOD6385508,Msg,Info_CAN,0x638,ASU_DiagResp,ASU_DiagRespData6,55,8,,Body_CAN,0x638,ASU_DiagResp,ASU_DiagRespData6,55,8,,SCF0
INF6386308_BOD6386308,Msg,Info_CAN,0x638,ASU_DiagResp,ASU_DiagRespData7,63,8,,Body_CAN,0x638,ASU_DiagResp,ASU_DiagRespData7,63,8,,SCF0
INF63B0708_BOD63B0708,Msg,Info_CAN,0x63b,TRM_DiagResp,TRM_DiagRespData0,7,8,,Body_CAN,0x63b,TRM_DiagResp,TRM_DiagRespData0,7,8,,SCF0
INF63B1508_BOD63B1508,Msg,Info_CAN,0x63b,TRM_DiagResp,TRM_DiagRespData1,15,8,,Body_CAN,0x63b,TRM_DiagResp,TRM_DiagRespData1,15,8,,SCF0
INF63B2308_BOD63B2308,Msg,Info_CAN,0x63b,TRM_DiagResp,TRM_DiagRespData2,23,8,,Body_CAN,0x63b,TRM_DiagResp,TRM_DiagRespData2,23,8,,SCF0
INF63B3108_BOD63B3108,Msg,Info_CAN,0x63b,TRM_DiagResp,TRM_DiagRespData3,31,8,,Body_CAN,0x63b,TRM_DiagResp,TRM_DiagRespData3,31,8,,SCF0
INF63B3908_BOD63B3908,Msg,Info_CAN,0x63b,TRM_DiagResp,TRM_DiagRespData4,39,8,,Body_CAN,0x63b,TRM_DiagResp,TRM_DiagRespData4,39,8,,SCF0
INF63B4708_BOD63B4708,Msg,Info_CAN,0x63b,TRM_DiagResp,TRM_DiagRespData5,47,8,,Body_CAN,0x63b,TRM_DiagResp,TRM_DiagRespData5,47,8,,SCF0
INF63B5508_BOD63B5508,Msg,Info_CAN,0x63b,TRM_DiagResp,TRM_DiagRespData6,55,8,,Body_CAN,0x63b,TRM_DiagResp,TRM_DiagRespData6,55,8,,SCF0
INF63B6308_BOD63B6308,Msg,Info_CAN,0x63b,TRM_DiagResp,TRM_DiagRespData7,63,8,,Body_CAN,0x63b,TRM_DiagResp,TRM_DiagRespData7,63,8,,SCF0
INF63D0708_PWT63D0708,Msg,Info_CAN,0x63d,POD_DCDC_DiagResp,POD_DCDC_DiagRespData0,7,8,,PT_CAN,0x63d,POD_DCDC_DiagResp,POD_DCDC_DiagRespData0,7,8,,SCF0
INF63D1508_PWT63D1508,Msg,Info_CAN,0x63d,POD_DCDC_DiagResp,POD_DCDC_DiagRespData1,15,8,,PT_CAN,0x63d,POD_DCDC_DiagResp,POD_DCDC_DiagRespData1,15,8,,SCF0
INF63D2308_PWT63D2308,Msg,Info_CAN,0x63d,POD_DCDC_DiagResp,POD_DCDC_DiagRespData2,23,8,,PT_CAN,0x63d,POD_DCDC_DiagResp,POD_DCDC_DiagRespData2,23,8,,SCF0
INF63D3108_PWT63D3108,Msg,Info_CAN,0x63d,POD_DCDC_DiagResp,POD_DCDC_DiagRespData3,31,8,,PT_CAN,0x63d,POD_DCDC_DiagResp,POD_DCDC_DiagRespData3,31,8,,SCF0
INF63D3908_PWT63D3908,Msg,Info_CAN,0x63d,POD_DCDC_DiagResp,POD_DCDC_DiagRespData4,39,8,,PT_CAN,0x63d,POD_DCDC_DiagResp,POD_DCDC_DiagRespData4,39,8,,SCF0
INF63D4708_PWT63D4708,Msg,Info_CAN,0x63d,POD_DCDC_DiagResp,POD_DCDC_DiagRespData5,47,8,,PT_CAN,0x63d,POD_DCDC_DiagResp,POD_DCDC_DiagRespData5,47,8,,SCF0
INF63D5508_PWT63D5508,Msg,Info_CAN,0x63d,POD_DCDC_DiagResp,POD_DCDC_DiagRespData6,55,8,,PT_CAN,0x63d,POD_DCDC_DiagResp,POD_DCDC_DiagRespData6,55,8,,SCF0
INF63D6308_PWT63D6308,Msg,Info_CAN,0x63d,POD_DCDC_DiagResp,POD_DCDC_DiagRespData7,63,8,,PT_CAN,0x63d,POD_DCDC_DiagResp,POD_DCDC_DiagRespData7,63,8,,SCF0
INF63E0708_PWT63E0708,Msg,Info_CAN,0x63e,POD_OBC_DiagResp,POD_OBC_DiagRespData0,7,8,,PT_CAN,0x63e,POD_OBC_DiagResp,POD_OBC_DiagRespData0,7,8,,SCF0
INF63E1508_PWT63E1508,Msg,Info_CAN,0x63e,POD_OBC_DiagResp,POD_OBC_DiagRespData1,15,8,,PT_CAN,0x63e,POD_OBC_DiagResp,POD_OBC_DiagRespData1,15,8,,SCF0
INF63E2308_PWT63E2308,Msg,Info_CAN,0x63e,POD_OBC_DiagResp,POD_OBC_DiagRespData2,23,8,,PT_CAN,0x63e,POD_OBC_DiagResp,POD_OBC_DiagRespData2,23,8,,SCF0
INF63E3108_PWT63E3108,Msg,Info_CAN,0x63e,POD_OBC_DiagResp,POD_OBC_DiagRespData3,31,8,,PT_CAN,0x63e,POD_OBC_DiagResp,POD_OBC_DiagRespData3,31,8,,SCF0
INF63E3908_PWT63E3908,Msg,Info_CAN,0x63e,POD_OBC_DiagResp,POD_OBC_DiagRespData4,39,8,,PT_CAN,0x63e,POD_OBC_DiagResp,POD_OBC_DiagRespData4,39,8,,SCF0
INF63E4708_PWT63E4708,Msg,Info_CAN,0x63e,POD_OBC_DiagResp,POD_OBC_DiagRespData5,47,8,,PT_CAN,0x63e,POD_OBC_DiagResp,POD_OBC_DiagRespData5,47,8,,SCF0
INF63E5508_PWT63E5508,Msg,Info_CAN,0x63e,POD_OBC_DiagResp,POD_OBC_DiagRespData6,55,8,,PT_CAN,0x63e,POD_OBC_DiagResp,POD_OBC_DiagRespData6,55,8,,SCF0
INF63E6308_PWT63E6308,Msg,Info_CAN,0x63e,POD_OBC_DiagResp,POD_OBC_DiagRespData7,63,8,,PT_CAN,0x63e,POD_OBC_DiagResp,POD_OBC_DiagRespData7,63,8,,SCF0
INF63F0708_PWT63F0708,Msg,Info_CAN,0x63f,POD_GW_Response,POD_DiagRespData0,7,8,,PT_CAN,0x63f,POD_GW_Response,POD_DiagRespData0,7,8,,SCF0
INF63F1508_PWT63F1508,Msg,Info_CAN,0x63f,POD_GW_Response,POD_DiagRespData1,15,8,,PT_CAN,0x63f,POD_GW_Response,POD_DiagRespData1,15,8,,SCF0
INF63F2308_PWT63F2308,Msg,Info_CAN,0x63f,POD_GW_Response,POD_DiagRespData2,23,8,,PT_CAN,0x63f,POD_GW_Response,POD_DiagRespData2,23,8,,SCF0
INF63F3108_PWT63F3108,Msg,Info_CAN,0x63f,POD_GW_Response,POD_DiagRespData3,31,8,,PT_CAN,0x63f,POD_GW_Response,POD_DiagRespData3,31,8,,SCF0
INF63F3908_PWT63F3908,Msg,Info_CAN,0x63f,POD_GW_Response,POD_DiagRespData4,39,8,,PT_CAN,0x63f,POD_GW_Response,POD_DiagRespData4,39,8,,SCF0
INF63F4708_PWT63F4708,Msg,Info_CAN,0x63f,POD_GW_Response,POD_DiagRespData5,47,8,,PT_CAN,0x63f,POD_GW_Response,POD_DiagRespData5,47,8,,SCF0
INF63F5508_PWT63F5508,Msg,Info_CAN,0x63f,POD_GW_Response,POD_DiagRespData6,55,8,,PT_CAN,0x63f,POD_GW_Response,POD_DiagRespData6,55,8,,SCF0
INF63F6308_PWT63F6308,Msg,Info_CAN,0x63f,POD_GW_Response,POD_DiagRespData7,63,8,,PT_CAN,0x63f,POD_GW_Response,POD_DiagRespData7,63,8,,SCF0
INF6400708_CHA6400708,Msg,Info_CAN,0x640,ADAS_DiagResp,ADAS_DiagRespData0,7,8,,Chassis_CAN,0x640,ADAS_DiagResp,ADAS_DiagRespData0,7,8,,SCF0
INF6401508_CHA6401508,Msg,Info_CAN,0x640,ADAS_DiagResp,ADAS_DiagRespData1,15,8,,Chassis_CAN,0x640,ADAS_DiagResp,ADAS_DiagRespData1,15,8,,SCF0
INF6402308_CHA6402308,Msg,Info_CAN,0x640,ADAS_DiagResp,ADAS_DiagRespData2,23,8,,Chassis_CAN,0x640,ADAS_DiagResp,ADAS_DiagRespData2,23,8,,SCF0
INF6403108_CHA6403108,Msg,Info_CAN,0x640,ADAS_DiagResp,ADAS_DiagRespData3,31,8,,Chassis_CAN,0x640,ADAS_DiagResp,ADAS_DiagRespData3,31,8,,SCF0
INF6403908_CHA6403908,Msg,Info_CAN,0x640,ADAS_DiagResp,ADAS_DiagRespData4,39,8,,Chassis_CAN,0x640,ADAS_DiagResp,ADAS_DiagRespData4,39,8,,SCF0
INF6404708_CHA6404708,Msg,Info_CAN,0x640,ADAS_DiagResp,ADAS_DiagRespData5,47,8,,Chassis_CAN,0x640,ADAS_DiagResp,ADAS_DiagRespData5,47,8,,SCF0
INF6405508_CHA6405508,Msg,Info_CAN,0x640,ADAS_DiagResp,ADAS_DiagRespData6,55,8,,Chassis_CAN,0x640,ADAS_DiagResp,ADAS_DiagRespData6,55,8,,SCF0
INF6406308_CHA6406308,Msg,Info_CAN,0x640,ADAS_DiagResp,ADAS_DiagRespData7,63,8,,Chassis_CAN,0x640,ADAS_DiagResp,ADAS_DiagRespData7,63,8,,SCF0
INF6410708_BOD6410708,Msg,Info_CAN,0x641,APM_DiagResp,APM_DiagRespData0,7,8,,Body_CAN,0x641,APM_DiagResp,APM_DiagRespData0,7,8,,SCF0
INF6411508_BOD6411508,Msg,Info_CAN,0x641,APM_DiagResp,APM_DiagRespData1,15,8,,Body_CAN,0x641,APM_DiagResp,APM_DiagRespData1,15,8,,SCF0
INF6412308_BOD6412308,Msg,Info_CAN,0x641,APM_DiagResp,APM_DiagRespData2,23,8,,Body_CAN,0x641,APM_DiagResp,APM_DiagRespData2,23,8,,SCF0
INF6413108_BOD6413108,Msg,Info_CAN,0x641,APM_DiagResp,APM_DiagRespData3,31,8,,Body_CAN,0x641,APM_DiagResp,APM_DiagRespData3,31,8,,SCF0
INF6413908_BOD6413908,Msg,Info_CAN,0x641,APM_DiagResp,APM_DiagRespData4,39,8,,Body_CAN,0x641,APM_DiagResp,APM_DiagRespData4,39,8,,SCF0
INF6414708_BOD6414708,Msg,Info_CAN,0x641,APM_DiagResp,APM_DiagRespData5,47,8,,Body_CAN,0x641,APM_DiagResp,APM_DiagRespData5,47,8,,SCF0
INF6415508_BOD6415508,Msg,Info_CAN,0x641,APM_DiagResp,APM_DiagRespData6,55,8,,Body_CAN,0x641,APM_DiagResp,APM_DiagRespData6,55,8,,SCF0
INF6416308_BOD6416308,Msg,Info_CAN,0x641,APM_DiagResp,APM_DiagRespData7,63,8,,Body_CAN,0x641,APM_DiagResp,APM_DiagRespData7,63,8,,SCF0
INF6420708_BOD6420708,Msg,Info_CAN,0x642,SHVU_F_DiagResp,SHVU_F_DiagRespData0,7,8,,Body_CAN,0x642,SHVU_F_DiagResp,SHVU_F_DiagRespData0,7,8,,SCF0
INF6421508_BOD6421508,Msg,Info_CAN,0x642,SHVU_F_DiagResp,SHVU_F_DiagRespData1,15,8,,Body_CAN,0x642,SHVU_F_DiagResp,SHVU_F_DiagRespData1,15,8,,SCF0
INF6422308_BOD6422308,Msg,Info_CAN,0x642,SHVU_F_DiagResp,SHVU_F_DiagRespData2,23,8,,Body_CAN,0x642,SHVU_F_DiagResp,SHVU_F_DiagRespData2,23,8,,SCF0
INF6423108_BOD6423108,Msg,Info_CAN,0x642,SHVU_F_DiagResp,SHVU_F_DiagRespData3,31,8,,Body_CAN,0x642,SHVU_F_DiagResp,SHVU_F_DiagRespData3,31,8,,SCF0
INF6423908_BOD6423908,Msg,Info_CAN,0x642,SHVU_F_DiagResp,SHVU_F_DiagRespData4,39,8,,Body_CAN,0x642,SHVU_F_DiagResp,SHVU_F_DiagRespData4,39,8,,SCF0
INF6424708_BOD6424708,Msg,Info_CAN,0x642,SHVU_F_DiagResp,SHVU_F_DiagRespData5,47,8,,Body_CAN,0x642,SHVU_F_DiagResp,SHVU_F_DiagRespData5,47,8,,SCF0
INF6425508_BOD6425508,Msg,Info_CAN,0x642,SHVU_F_DiagResp,SHVU_F_DiagRespData6,55,8,,Body_CAN,0x642,SHVU_F_DiagResp,SHVU_F_DiagRespData6,55,8,,SCF0
INF6426308_BOD6426308,Msg,Info_CAN,0x642,SHVU_F_DiagResp,SHVU_F_DiagRespData7,63,8,,Body_CAN,0x642,SHVU_F_DiagResp,SHVU_F_DiagRespData7,63,8,,SCF0
INF6430708_BOD6430708,Msg,Info_CAN,0x643,SHVU_R_DiagResp,SHVU_R_DiagRespData0,7,8,,Body_CAN,0x643,SHVU_R_DiagResp,SHVU_R_DiagRespData0,7,8,,SCF0
INF6431508_BOD6431508,Msg,Info_CAN,0x643,SHVU_R_DiagResp,SHVU_R_DiagRespData1,15,8,,Body_CAN,0x643,SHVU_R_DiagResp,SHVU_R_DiagRespData1,15,8,,SCF0
INF6432308_BOD6432308,Msg,Info_CAN,0x643,SHVU_R_DiagResp,SHVU_R_DiagRespData2,23,8,,Body_CAN,0x643,SHVU_R_DiagResp,SHVU_R_DiagRespData2,23,8,,SCF0
INF6433108_BOD6433108,Msg,Info_CAN,0x643,SHVU_R_DiagResp,SHVU_R_DiagRespData3,31,8,,Body_CAN,0x643,SHVU_R_DiagResp,SHVU_R_DiagRespData3,31,8,,SCF0
INF6433908_BOD6433908,Msg,Info_CAN,0x643,SHVU_R_DiagResp,SHVU_R_DiagRespData4,39,8,,Body_CAN,0x643,SHVU_R_DiagResp,SHVU_R_DiagRespData4,39,8,,SCF0
INF6434708_BOD6434708,Msg,Info_CAN,0x643,SHVU_R_DiagResp,SHVU_R_DiagRespData5,47,8,,Body_CAN,0x643,SHVU_R_DiagResp,SHVU_R_DiagRespData5,47,8,,SCF0
INF6435508_BOD6435508,Msg,Info_CAN,0x643,SHVU_R_DiagResp,SHVU_R_DiagRespData6,55,8,,Body_CAN,0x643,SHVU_R_DiagResp,SHVU_R_DiagRespData6,55,8,,SCF0
INF6436308_BOD6436308,Msg,Info_CAN,0x643,SHVU_R_DiagResp,SHVU_R_DiagRespData7,63,8,,Body_CAN,0x643,SHVU_R_DiagResp,SHVU_R_DiagRespData7,63,8,,SCF0
INF6440708_BOD6440708,Msg,Info_CAN,0x644,OCS_P_DiagResp,OCS_P_DiagRespData0,7,8,,Body_CAN,0x644,OCS_P_DiagResp,OCS_P_DiagRespData0,7,8,,SCF0
INF6441508_BOD6441508,Msg,Info_CAN,0x644,OCS_P_DiagResp,OCS_P_DiagRespData1,15,8,,Body_CAN,0x644,OCS_P_DiagResp,OCS_P_DiagRespData1,15,8,,SCF0
INF6442308_BOD6442308,Msg,Info_CAN,0x644,OCS_P_DiagResp,OCS_P_DiagRespData2,23,8,,Body_CAN,0x644,OCS_P_DiagResp,OCS_P_DiagRespData2,23,8,,SCF0
INF6443108_BOD6443108,Msg,Info_CAN,0x644,OCS_P_DiagResp,OCS_P_DiagRespData3,31,8,,Body_CAN,0x644,OCS_P_DiagResp,OCS_P_DiagRespData3,31,8,,SCF0
INF6443908_BOD6443908,Msg,Info_CAN,0x644,OCS_P_DiagResp,OCS_P_DiagRespData4,39,8,,Body_CAN,0x644,OCS_P_DiagResp,OCS_P_DiagRespData4,39,8,,SCF0
INF6444708_BOD6444708,Msg,Info_CAN,0x644,OCS_P_DiagResp,OCS_P_DiagRespData5,47,8,,Body_CAN,0x644,OCS_P_DiagResp,OCS_P_DiagRespData5,47,8,,SCF0
INF6445508_BOD6445508,Msg,Info_CAN,0x644,OCS_P_DiagResp,OCS_P_DiagRespData6,55,8,,Body_CAN,0x644,OCS_P_DiagResp,OCS_P_DiagRespData6,55,8,,SCF0
INF6446308_BOD6446308,Msg,Info_CAN,0x644,OCS_P_DiagResp,OCS_P_DiagRespData7,63,8,,Body_CAN,0x644,OCS_P_DiagResp,OCS_P_DiagRespData7,63,8,,SCF0
INF6490708_BOD6490708,Msg,Info_CAN,0x649,LDM_L_DiagResp,LDM_L_DiagRespData0,7,8,,Body_CAN,0x649,LDM_L_DiagResp,LDM_L_DiagRespData0,7,8,,SCF0
INF6491508_BOD6491508,Msg,Info_CAN,0x649,LDM_L_DiagResp,LDM_L_DiagRespData1,15,8,,Body_CAN,0x649,LDM_L_DiagResp,LDM_L_DiagRespData1,15,8,,SCF0
INF6492308_BOD6492308,Msg,Info_CAN,0x649,LDM_L_DiagResp,LDM_L_DiagRespData2,23,8,,Body_CAN,0x649,LDM_L_DiagResp,LDM_L_DiagRespData2,23,8,,SCF0
INF6493108_BOD6493108,Msg,Info_CAN,0x649,LDM_L_DiagResp,LDM_L_DiagRespData3,31,8,,Body_CAN,0x649,LDM_L_DiagResp,LDM_L_DiagRespData3,31,8,,SCF0
INF6493908_BOD6493908,Msg,Info_CAN,0x649,LDM_L_DiagResp,LDM_L_DiagRespData4,39,8,,Body_CAN,0x649,LDM_L_DiagResp,LDM_L_DiagRespData4,39,8,,SCF0
INF6494708_BOD6494708,Msg,Info_CAN,0x649,LDM_L_DiagResp,LDM_L_DiagRespData5,47,8,,Body_CAN,0x649,LDM_L_DiagResp,LDM_L_DiagRespData5,47,8,,SCF0
INF6495508_BOD6495508,Msg,Info_CAN,0x649,LDM_L_DiagResp,LDM_L_DiagRespData6,55,8,,Body_CAN,0x649,LDM_L_DiagResp,LDM_L_DiagRespData6,55,8,,SCF0
INF6496308_BOD6496308,Msg,Info_CAN,0x649,LDM_L_DiagResp,LDM_L_DiagRespData7,63,8,,Body_CAN,0x649,LDM_L_DiagResp,LDM_L_DiagRespData7,63,8,,SCF0
INF64A0708_BOD64A0708,Msg,Info_CAN,0x64a,LDM_R_DiagResp,LDM_R_DiagRespData0,7,8,,Body_CAN,0x64a,LDM_R_DiagResp,LDM_R_DiagRespData0,7,8,,SCF0
INF64A1508_BOD64A1508,Msg,Info_CAN,0x64a,LDM_R_DiagResp,LDM_R_DiagRespData1,15,8,,Body_CAN,0x64a,LDM_R_DiagResp,LDM_R_DiagRespData1,15,8,,SCF0
INF64A2308_BOD64A2308,Msg,Info_CAN,0x64a,LDM_R_DiagResp,LDM_R_DiagRespData2,23,8,,Body_CAN,0x64a,LDM_R_DiagResp,LDM_R_DiagRespData2,23,8,,SCF0
INF64A3108_BOD64A3108,Msg,Info_CAN,0x64a,LDM_R_DiagResp,LDM_R_DiagRespData3,31,8,,Body_CAN,0x64a,LDM_R_DiagResp,LDM_R_DiagRespData3,31,8,,SCF0
INF64A3908_BOD64A3908,Msg,Info_CAN,0x64a,LDM_R_DiagResp,LDM_R_DiagRespData4,39,8,,Body_CAN,0x64a,LDM_R_DiagResp,LDM_R_DiagRespData4,39,8,,SCF0
INF64A4708_BOD64A4708,Msg,Info_CAN,0x64a,LDM_R_DiagResp,LDM_R_DiagRespData5,47,8,,Body_CAN,0x64a,LDM_R_DiagResp,LDM_R_DiagRespData5,47,8,,SCF0
INF64A5508_BOD64A5508,Msg,Info_CAN,0x64a,LDM_R_DiagResp,LDM_R_DiagRespData6,55,8,,Body_CAN,0x64a,LDM_R_DiagResp,LDM_R_DiagRespData6,55,8,,SCF0
INF64A6308_BOD64A6308,Msg,Info_CAN,0x64a,LDM_R_DiagResp,LDM_R_DiagRespData7,63,8,,Body_CAN,0x64a,LDM_R_DiagResp,LDM_R_DiagRespData7,63,8,,SCF0
INF6640708_BOD6640708,Msg,Info_CAN,0x664,DCM_APM_DiagResp,DCM_APM_DiagRespData0,7,8,,Body_CAN,0x664,DCM_APM_DiagResp,DCM_APM_DiagRespData0,7,8,,SCF0
INF6641508_BOD6641508,Msg,Info_CAN,0x664,DCM_APM_DiagResp,DCM_APM_DiagRespData1,15,8,,Body_CAN,0x664,DCM_APM_DiagResp,DCM_APM_DiagRespData1,15,8,,SCF0
INF6642308_BOD6642308,Msg,Info_CAN,0x664,DCM_APM_DiagResp,DCM_APM_DiagRespData2,23,8,,Body_CAN,0x664,DCM_APM_DiagResp,DCM_APM_DiagRespData2,23,8,,SCF0
INF6643108_BOD6643108,Msg,Info_CAN,0x664,DCM_APM_DiagResp,DCM_APM_DiagRespData3,31,8,,Body_CAN,0x664,DCM_APM_DiagResp,DCM_APM_DiagRespData3,31,8,,SCF0
INF6643908_BOD6643908,Msg,Info_CAN,0x664,DCM_APM_DiagResp,DCM_APM_DiagRespData4,39,8,,Body_CAN,0x664,DCM_APM_DiagResp,DCM_APM_DiagRespData4,39,8,,SCF0
INF6644708_BOD6644708,Msg,Info_CAN,0x664,DCM_APM_DiagResp,DCM_APM_DiagRespData5,47,8,,Body_CAN,0x664,DCM_APM_DiagResp,DCM_APM_DiagRespData5,47,8,,SCF0
INF6645508_BOD6645508,Msg,Info_CAN,0x664,DCM_APM_DiagResp,DCM_APM_DiagRespData6,55,8,,Body_CAN,0x664,DCM_APM_DiagResp,DCM_APM_DiagRespData6,55,8,,SCF0
INF6646308_BOD6646308,Msg,Info_CAN,0x664,DCM_APM_DiagResp,DCM_APM_DiagRespData7,63,8,,Body_CAN,0x664,DCM_APM_DiagResp,DCM_APM_DiagRespData7,63,8,,SCF0
INF67B0708_BOD67B0708,Msg,Info_CAN,0x67b,BCM_BPM_DiagResp,BCM_BPM_DiagRespData0,7,8,,Body_CAN,0x67b,BCM_BPM_DiagResp,BCM_BPM_DiagRespData0,7,8,,SCF0
INF67B1508_BOD67B1508,Msg,Info_CAN,0x67b,BCM_BPM_DiagResp,BCM_BPM_DiagRespData1,15,8,,Body_CAN,0x67b,BCM_BPM_DiagResp,BCM_BPM_DiagRespData1,15,8,,SCF0
INF67B2308_BOD67B2308,Msg,Info_CAN,0x67b,BCM_BPM_DiagResp,BCM_BPM_DiagRespData2,23,8,,Body_CAN,0x67b,BCM_BPM_DiagResp,BCM_BPM_DiagRespData2,23,8,,SCF0
INF67B3108_BOD67B3108,Msg,Info_CAN,0x67b,BCM_BPM_DiagResp,BCM_BPM_DiagRespData3,31,8,,Body_CAN,0x67b,BCM_BPM_DiagResp,BCM_BPM_DiagRespData3,31,8,,SCF0
INF67B3908_BOD67B3908,Msg,Info_CAN,0x67b,BCM_BPM_DiagResp,BCM_BPM_DiagRespData4,39,8,,Body_CAN,0x67b,BCM_BPM_DiagResp,BCM_BPM_DiagRespData4,39,8,,SCF0
INF67B4708_BOD67B4708,Msg,Info_CAN,0x67b,BCM_BPM_DiagResp,BCM_BPM_DiagRespData5,47,8,,Body_CAN,0x67b,BCM_BPM_DiagResp,BCM_BPM_DiagRespData5,47,8,,SCF0
INF67B5508_BOD67B5508,Msg,Info_CAN,0x67b,BCM_BPM_DiagResp,BCM_BPM_DiagRespData6,55,8,,Body_CAN,0x67b,BCM_BPM_DiagResp,BCM_BPM_DiagRespData6,55,8,,SCF0
INF67B6308_BOD67B6308,Msg,Info_CAN,0x67b,BCM_BPM_DiagResp,BCM_BPM_DiagRespData7,63,8,,Body_CAN,0x67b,BCM_BPM_DiagResp,BCM_BPM_DiagRespData7,63,8,,SCF0
INF6840708_DIA6840708,Msg,Info_CAN,0x684,MHU_DiagReq,MHU_DiagReqData0,7,8,,Diag_CAN,0x684,MHU_DiagReq,MHU_DiagReqData0,7,8,,SCF0
INF6841508_DIA6841508,Msg,Info_CAN,0x684,MHU_DiagReq,MHU_DiagReqData1,15,8,,Diag_CAN,0x684,MHU_DiagReq,MHU_DiagReqData1,15,8,,SCF0
INF6842308_DIA6842308,Msg,Info_CAN,0x684,MHU_DiagReq,MHU_DiagReqData2,23,8,,Diag_CAN,0x684,MHU_DiagReq,MHU_DiagReqData2,23,8,,SCF0
INF6843108_DIA6843108,Msg,Info_CAN,0x684,MHU_DiagReq,MHU_DiagReqData3,31,8,,Diag_CAN,0x684,MHU_DiagReq,MHU_DiagReqData3,31,8,,SCF0
INF6843908_DIA6843908,Msg,Info_CAN,0x684,MHU_DiagReq,MHU_DiagReqData4,39,8,,Diag_CAN,0x684,MHU_DiagReq,MHU_DiagReqData4,39,8,,SCF0
INF6844708_DIA6844708,Msg,Info_CAN,0x684,MHU_DiagReq,MHU_DiagReqData5,47,8,,Diag_CAN,0x684,MHU_DiagReq,MHU_DiagReqData5,47,8,,SCF0
INF6845508_DIA6845508,Msg,Info_CAN,0x684,MHU_DiagReq,MHU_DiagReqData6,55,8,,Diag_CAN,0x684,MHU_DiagReq,MHU_DiagReqData6,55,8,,SCF0
INF6846308_DIA6846308,Msg,Info_CAN,0x684,MHU_DiagReq,MHU_DiagReqData7,63,8,,Diag_CAN,0x684,MHU_DiagReq,MHU_DiagReqData7,63,8,,SCF0
INF6850708_DIA6850708,Msg,Info_CAN,0x685,AMP_DiagReq,AMP_DiagReqData0,7,8,,Diag_CAN,0x685,AMP_DiagReq,AMP_DiagReqData0,7,8,,SCF0
INF6850708_INF6870708,Msg,Info_CAN,0x685,AMP_DiagReq,AMP_DiagReqData0,7,8,,Info_CAN,0x687,AMP_rDiagReq,AMP_rDiagReqData0,7,8,,SCF0
INF6851508_DIA6851508,Msg,Info_CAN,0x685,AMP_DiagReq,AMP_DiagReqData1,15,8,,Diag_CAN,0x685,AMP_DiagReq,AMP_DiagReqData1,15,8,,SCF0
INF6851508_INF6871508,Msg,Info_CAN,0x685,AMP_DiagReq,AMP_DiagReqData1,15,8,,Info_CAN,0x687,AMP_rDiagReq,AMP_rDiagReqData1,15,8,,SCF0
INF6852308_DIA6852308,Msg,Info_CAN,0x685,AMP_DiagReq,AMP_DiagReqData2,23,8,,Diag_CAN,0x685,AMP_DiagReq,AMP_DiagReqData2,23,8,,SCF0
INF6852308_INF6872308,Msg,Info_CAN,0x685,AMP_DiagReq,AMP_DiagReqData2,23,8,,Info_CAN,0x687,AMP_rDiagReq,AMP_rDiagReqData2,23,8,,SCF0
INF6853108_DIA6853108,Msg,Info_CAN,0x685,AMP_DiagReq,AMP_DiagReqData3,31,8,,Diag_CAN,0x685,AMP_DiagReq,AMP_DiagReqData3,31,8,,SCF0
INF6853108_INF6873108,Msg,Info_CAN,0x685,AMP_DiagReq,AMP_DiagReqData3,31,8,,Info_CAN,0x687,AMP_rDiagReq,AMP_rDiagReqData3,31,8,,SCF0
INF6853908_DIA6853908,Msg,Info_CAN,0x685,AMP_DiagReq,AMP_DiagReqData4,39,8,,Diag_CAN,0x685,AMP_DiagReq,AMP_DiagReqData4,39,8,,SCF0
INF6853908_INF6873908,Msg,Info_CAN,0x685,AMP_DiagReq,AMP_DiagReqData4,39,8,,Info_CAN,0x687,AMP_rDiagReq,AMP_rDiagReqData4,39,8,,SCF0
INF6854708_DIA6854708,Msg,Info_CAN,0x685,AMP_DiagReq,AMP_DiagReqData5,47,8,,Diag_CAN,0x685,AMP_DiagReq,AMP_DiagReqData5,47,8,,SCF0
INF6854708_INF6874708,Msg,Info_CAN,0x685,AMP_DiagReq,AMP_DiagReqData5,47,8,,Info_CAN,0x687,AMP_rDiagReq,AMP_rDiagReqData5,47,8,,SCF0
INF6855508_DIA6855508,Msg,Info_CAN,0x685,AMP_DiagReq,AMP_DiagReqData6,55,8,,Diag_CAN,0x685,AMP_DiagReq,AMP_DiagReqData6,55,8,,SCF0
INF6855508_INF6875508,Msg,Info_CAN,0x685,AMP_DiagReq,AMP_DiagReqData6,55,8,,Info_CAN,0x687,AMP_rDiagReq,AMP_rDiagReqData6,55,8,,SCF0
INF6856308_DIA6856308,Msg,Info_CAN,0x685,AMP_DiagReq,AMP_DiagReqData7,63,8,,Diag_CAN,0x685,AMP_DiagReq,AMP_DiagReqData7,63,8,,SCF0
INF6856308_INF6876308,Msg,Info_CAN,0x685,AMP_DiagReq,AMP_DiagReqData7,63,8,,Info_CAN,0x687,AMP_rDiagReq,AMP_rDiagReqData7,63,8,,SCF0
INF68D0708_DIA68D0708,Msg,Info_CAN,0x68d,HUD_DiagReq,HUD_DiagReqData0,7,8,,Diag_CAN,0x68d,HUD_DiagReq,HUD_DiagReqData0,7,8,,SCF0
INF68D0708_INF68B0708,Msg,Info_CAN,0x68d,HUD_DiagReq,HUD_DiagReqData0,7,8,,Info_CAN,0x68b,HUD_rDiagReq,HUD_rDiagReqData0,7,8,,SCF0
INF68D1508_DIA68D1508,Msg,Info_CAN,0x68d,HUD_DiagReq,HUD_DiagReqData1,15,8,,Diag_CAN,0x68d,HUD_DiagReq,HUD_DiagReqData1,15,8,,SCF0
INF68D1508_INF68B1508,Msg,Info_CAN,0x68d,HUD_DiagReq,HUD_DiagReqData1,15,8,,Info_CAN,0x68b,HUD_rDiagReq,HUD_rDiagReqData1,15,8,,SCF0
INF68D2308_DIA68D2308,Msg,Info_CAN,0x68d,HUD_DiagReq,HUD_DiagReqData2,23,8,,Diag_CAN,0x68d,HUD_DiagReq,HUD_DiagReqData2,23,8,,SCF0
INF68D2308_INF68B2308,Msg,Info_CAN,0x68d,HUD_DiagReq,HUD_DiagReqData2,23,8,,Info_CAN,0x68b,HUD_rDiagReq,HUD_rDiagReqData2,23,8,,SCF0
INF68D3108_DIA68D3108,Msg,Info_CAN,0x68d,HUD_DiagReq,HUD_DiagReqData3,31,8,,Diag_CAN,0x68d,HUD_DiagReq,HUD_DiagReqData3,31,8,,SCF0
INF68D3108_INF68B3108,Msg,Info_CAN,0x68d,HUD_DiagReq,HUD_DiagReqData3,31,8,,Info_CAN,0x68b,HUD_rDiagReq,HUD_rDiagReqData3,31,8,,SCF0
INF68D3908_DIA68D3908,Msg,Info_CAN,0x68d,HUD_DiagReq,HUD_DiagReqData4,39,8,,Diag_CAN,0x68d,HUD_DiagReq,HUD_DiagReqData4,39,8,,SCF0
INF68D3908_INF68B3908,Msg,Info_CAN,0x68d,HUD_DiagReq,HUD_DiagReqData4,39,8,,Info_CAN,0x68b,HUD_rDiagReq,HUD_rDiagReqData4,39,8,,SCF0
INF68D4708_DIA68D4708,Msg,Info_CAN,0x68d,HUD_DiagReq,HUD_DiagReqData5,47,8,,Diag_CAN,0x68d,HUD_DiagReq,HUD_DiagReqData5,47,8,,SCF0
INF68D4708_INF68B4708,Msg,Info_CAN,0x68d,HUD_DiagReq,HUD_DiagReqData5,47,8,,Info_CAN,0x68b,HUD_rDiagReq,HUD_rDiagReqData5,47,8,,SCF0
INF68D5508_DIA68D5508,Msg,Info_CAN,0x68d,HUD_DiagReq,HUD_DiagReqData6,55,8,,Diag_CAN,0x68d,HUD_DiagReq,HUD_DiagReqData6,55,8,,SCF0
INF68D5508_INF68B5508,Msg,Info_CAN,0x68d,HUD_DiagReq,HUD_DiagReqData6,55,8,,Info_CAN,0x68b,HUD_rDiagReq,HUD_rDiagReqData6,55,8,,SCF0
INF68D6308_DIA68D6308,Msg,Info_CAN,0x68d,HUD_DiagReq,HUD_DiagReqData7,63,8,,Diag_CAN,0x68d,HUD_DiagReq,HUD_DiagReqData7,63,8,,SCF0
INF68D6308_INF68B6308,Msg,Info_CAN,0x68d,HUD_DiagReq,HUD_DiagReqData7,63,8,,Info_CAN,0x68b,HUD_rDiagReq,HUD_rDiagReqData7,63,8,,SCF0
INF6AE0708_DIA6AE0708,Msg,Info_CAN,0x6ae,EASC_DiagReq,EASC_DiagReqData0,7,8,,Diag_CAN,0x6ae,EASC_DiagReq,EASC_DiagReqData0,7,8,,SCF0
INF6AE0708_INF6860708,Msg,Info_CAN,0x6ae,EASC_DiagReq,EASC_DiagReqData0,7,8,,Info_CAN,0x686,EASC_rDiagReq,EASC_rDiagReqData0,7,8,,SCF0
INF6AE1508_DIA6AE1508,Msg,Info_CAN,0x6ae,EASC_DiagReq,EASC_DiagReqData1,15,8,,Diag_CAN,0x6ae,EASC_DiagReq,EASC_DiagReqData1,15,8,,SCF0
INF6AE1508_INF6861508,Msg,Info_CAN,0x6ae,EASC_DiagReq,EASC_DiagReqData1,15,8,,Info_CAN,0x686,EASC_rDiagReq,EASC_rDiagReqData1,15,8,,SCF0
INF6AE2308_DIA6AE2308,Msg,Info_CAN,0x6ae,EASC_DiagReq,EASC_DiagReqData2,23,8,,Diag_CAN,0x6ae,EASC_DiagReq,EASC_DiagReqData2,23,8,,SCF0
INF6AE2308_INF6862308,Msg,Info_CAN,0x6ae,EASC_DiagReq,EASC_DiagReqData2,23,8,,Info_CAN,0x686,EASC_rDiagReq,EASC_rDiagReqData2,23,8,,SCF0
INF6AE3108_DIA6AE3108,Msg,Info_CAN,0x6ae,EASC_DiagReq,EASC_DiagReqData3,31,8,,Diag_CAN,0x6ae,EASC_DiagReq,EASC_DiagReqData3,31,8,,SCF0
INF6AE3108_INF6863108,Msg,Info_CAN,0x6ae,EASC_DiagReq,EASC_DiagReqData3,31,8,,Info_CAN,0x686,EASC_rDiagReq,EASC_rDiagReqData3,31,8,,SCF0
INF6AE3908_DIA6AE3908,Msg,Info_CAN,0x6ae,EASC_DiagReq,EASC_DiagReqData4,39,8,,Diag_CAN,0x6ae,EASC_DiagReq,EASC_DiagReqData4,39,8,,SCF0
INF6AE3908_INF6863908,Msg,Info_CAN,0x6ae,EASC_DiagReq,EASC_DiagReqData4,39,8,,Info_CAN,0x686,EASC_rDiagReq,EASC_rDiagReqData4,39,8,,SCF0
INF6AE4708_DIA6AE4708,Msg,Info_CAN,0x6ae,EASC_DiagReq,EASC_DiagReqData5,47,8,,Diag_CAN,0x6ae,EASC_DiagReq,EASC_DiagReqData5,47,8,,SCF0
INF6AE4708_INF6864708,Msg,Info_CAN,0x6ae,EASC_DiagReq,EASC_DiagReqData5,47,8,,Info_CAN,0x686,EASC_rDiagReq,EASC_rDiagReqData5,47,8,,SCF0
INF6AE5508_DIA6AE5508,Msg,Info_CAN,0x6ae,EASC_DiagReq,EASC_DiagReqData6,55,8,,Diag_CAN,0x6ae,EASC_DiagReq,EASC_DiagReqData6,55,8,,SCF0
INF6AE5508_INF6865508,Msg,Info_CAN,0x6ae,EASC_DiagReq,EASC_DiagReqData6,55,8,,Info_CAN,0x686,EASC_rDiagReq,EASC_rDiagReqData6,55,8,,SCF0
INF6AE6308_DIA6AE6308,Msg,Info_CAN,0x6ae,EASC_DiagReq,EASC_DiagReqData7,63,8,,Diag_CAN,0x6ae,EASC_DiagReq,EASC_DiagReqData7,63,8,,SCF0
INF6AE6308_INF6866308,Msg,Info_CAN,0x6ae,EASC_DiagReq,EASC_DiagReqData7,63,8,,Info_CAN,0x686,EASC_rDiagReq,EASC_rDiagReqData7,63,8,,SCF0
INF6AF0708_DIA6AF0708,Msg,Info_CAN,0x6af,CPD_DiagReq,CPD_DiagReqData0,7,8,,Diag_CAN,0x6af,CPD_DiagReq,CPD_DiagReqData0,7,8,,SCF0
INF6AF0708_INF6830708,Msg,Info_CAN,0x6af,CPD_DiagReq,CPD_DiagReqData0,7,8,,Info_CAN,0x683,CPD_rDiagReq,CPD_rDiagReqData0,7,8,,SCF0
INF6AF1508_DIA6AF1508,Msg,Info_CAN,0x6af,CPD_DiagReq,CPD_DiagReqData1,15,8,,Diag_CAN,0x6af,CPD_DiagReq,CPD_DiagReqData1,15,8,,SCF0
INF6AF1508_INF6831508,Msg,Info_CAN,0x6af,CPD_DiagReq,CPD_DiagReqData1,15,8,,Info_CAN,0x683,CPD_rDiagReq,CPD_rDiagReqData1,15,8,,SCF0
INF6AF2308_DIA6AF2308,Msg,Info_CAN,0x6af,CPD_DiagReq,CPD_DiagReqData2,23,8,,Diag_CAN,0x6af,CPD_DiagReq,CPD_DiagReqData2,23,8,,SCF0
INF6AF2308_INF6832308,Msg,Info_CAN,0x6af,CPD_DiagReq,CPD_DiagReqData2,23,8,,Info_CAN,0x683,CPD_rDiagReq,CPD_rDiagReqData2,23,8,,SCF0
INF6AF3108_DIA6AF3108,Msg,Info_CAN,0x6af,CPD_DiagReq,CPD_DiagReqData3,31,8,,Diag_CAN,0x6af,CPD_DiagReq,CPD_DiagReqData3,31,8,,SCF0
INF6AF3108_INF6833108,Msg,Info_CAN,0x6af,CPD_DiagReq,CPD_DiagReqData3,31,8,,Info_CAN,0x683,CPD_rDiagReq,CPD_rDiagReqData3,31,8,,SCF0
INF6AF3908_DIA6AF3908,Msg,Info_CAN,0x6af,CPD_DiagReq,CPD_DiagReqData4,39,8,,Diag_CAN,0x6af,CPD_DiagReq,CPD_DiagReqData4,39,8,,SCF0
INF6AF3908_INF6833908,Msg,Info_CAN,0x6af,CPD_DiagReq,CPD_DiagReqData4,39,8,,Info_CAN,0x683,CPD_rDiagReq,CPD_rDiagReqData4,39,8,,SCF0
INF6AF4708_DIA6AF4708,Msg,Info_CAN,0x6af,CPD_DiagReq,CPD_DiagReqData5,47,8,,Diag_CAN,0x6af,CPD_DiagReq,CPD_DiagReqData5,47,8,,SCF0
INF6AF4708_INF6834708,Msg,Info_CAN,0x6af,CPD_DiagReq,CPD_DiagReqData5,47,8,,Info_CAN,0x683,CPD_rDiagReq,CPD_rDiagReqData5,47,8,,SCF0
INF6AF5508_DIA6AF5508,Msg,Info_CAN,0x6af,CPD_DiagReq,CPD_DiagReqData6,55,8,,Diag_CAN,0x6af,CPD_DiagReq,CPD_DiagReqData6,55,8,,SCF0
INF6AF5508_INF6835508,Msg,Info_CAN,0x6af,CPD_DiagReq,CPD_DiagReqData6,55,8,,Info_CAN,0x683,CPD_rDiagReq,CPD_rDiagReqData6,55,8,,SCF0
INF6AF6308_DIA6AF6308,Msg,Info_CAN,0x6af,CPD_DiagReq,CPD_DiagReqData7,63,8,,Diag_CAN,0x6af,CPD_DiagReq,CPD_DiagReqData7,63,8,,SCF0
INF6AF6308_INF6836308,Msg,Info_CAN,0x6af,CPD_DiagReq,CPD_DiagReqData7,63,8,,Info_CAN,0x683,CPD_rDiagReq,CPD_rDiagReqData7,63,8,,SCF0
INF6EF0708_DIA6EF0708,Msg,Info_CAN,0x6ef,DIAG_Req_All_CAN,DiagReqAllCANData0,7,8,,Diag_CAN,0x6ef,DIAG_Req_All_CAN,DiagReqAllCANData0,7,8,,SCF0
INF6EF1508_DIA6EF1508,Msg,Info_CAN,0x6ef,DIAG_Req_All_CAN,DiagReqAllCANData1,15,8,,Diag_CAN,0x6ef,DIAG_Req_All_CAN,DiagReqAllCANData1,15,8,,SCF0
INF6EF2308_DIA6EF2308,Msg,Info_CAN,0x6ef,DIAG_Req_All_CAN,DiagReqAllCANData2,23,8,,Diag_CAN,0x6ef,DIAG_Req_All_CAN,DiagReqAllCANData2,23,8,,SCF0
INF6EF3108_DIA6EF3108,Msg,Info_CAN,0x6ef,DIAG_Req_All_CAN,DiagReqAllCANData3,31,8,,Diag_CAN,0x6ef,DIAG_Req_All_CAN,DiagReqAllCANData3,31,8,,SCF0
INF6EF3908_DIA6EF3908,Msg,Info_CAN,0x6ef,DIAG_Req_All_CAN,DiagReqAllCANData4,39,8,,Diag_CAN,0x6ef,DIAG_Req_All_CAN,DiagReqAllCANData4,39,8,,SCF0
INF6EF4708_DIA6EF4708,Msg,Info_CAN,0x6ef,DIAG_Req_All_CAN,DiagReqAllCANData5,47,8,,Diag_CAN,0x6ef,DIAG_Req_All_CAN,DiagReqAllCANData5,47,8,,SCF0
INF6EF5508_DIA6EF5508,Msg,Info_CAN,0x6ef,DIAG_Req_All_CAN,DiagReqAllCANData6,55,8,,Diag_CAN,0x6ef,DIAG_Req_All_CAN,DiagReqAllCANData6,55,8,,SCF0
INF6EF6308_DIA6EF6308,Msg,Info_CAN,0x6ef,DIAG_Req_All_CAN,DiagReqAllCANData7,63,8,,Diag_CAN,0x6ef,DIAG_Req_All_CAN,DiagReqAllCANData7,63,8,,SCF0
INF6FF0708_DIA6FF0708,Msg,Info_CAN,0x6ff,DIAG_Req_All_Ecu,DiagReqAllEcuData0,7,8,,Diag_CAN,0x6ff,DIAG_Req_All_Ecu,DiagReqAllEcuData0,7,8,,SCF0
INF6FF0708_INF6EE0708,Msg,Info_CAN,0x6ff,DIAG_Req_All_Ecu,DiagReqAllEcuData0,7,8,,Info_CAN,0x6ee,MHU_FOTA_ReqAll,MHU_FOTA_ReqAll_00,7,8,,SCF0
INF6FF1508_DIA6FF1508,Msg,Info_CAN,0x6ff,DIAG_Req_All_Ecu,DiagReqAllEcuData1,15,8,,Diag_CAN,0x6ff,DIAG_Req_All_Ecu,DiagReqAllEcuData1,15,8,,SCF0
INF6FF1508_INF6EE1508,Msg,Info_CAN,0x6ff,DIAG_Req_All_Ecu,DiagReqAllEcuData1,15,8,,Info_CAN,0x6ee,MHU_FOTA_ReqAll,MHU_FOTA_ReqAll_01,15,8,,SCF0
INF6FF2308_DIA6FF2308,Msg,Info_CAN,0x6ff,DIAG_Req_All_Ecu,DiagReqAllEcuData2,23,8,,Diag_CAN,0x6ff,DIAG_Req_All_Ecu,DiagReqAllEcuData2,23,8,,SCF0
INF6FF2308_INF6EE2308,Msg,Info_CAN,0x6ff,DIAG_Req_All_Ecu,DiagReqAllEcuData2,23,8,,Info_CAN,0x6ee,MHU_FOTA_ReqAll,MHU_FOTA_ReqAll_02,23,8,,SCF0
INF6FF3108_DIA6FF3108,Msg,Info_CAN,0x6ff,DIAG_Req_All_Ecu,DiagReqAllEcuData3,31,8,,Diag_CAN,0x6ff,DIAG_Req_All_Ecu,DiagReqAllEcuData3,31,8,,SCF0
INF6FF3108_INF6EE3108,Msg,Info_CAN,0x6ff,DIAG_Req_All_Ecu,DiagReqAllEcuData3,31,8,,Info_CAN,0x6ee,MHU_FOTA_ReqAll,MHU_FOTA_ReqAll_03,31,8,,SCF0
INF6FF3908_DIA6FF3908,Msg,Info_CAN,0x6ff,DIAG_Req_All_Ecu,DiagReqAllEcuData4,39,8,,Diag_CAN,0x6ff,DIAG_Req_All_Ecu,DiagReqAllEcuData4,39,8,,SCF0
INF6FF3908_INF6EE3908,Msg,Info_CAN,0x6ff,DIAG_Req_All_Ecu,DiagReqAllEcuData4,39,8,,Info_CAN,0x6ee,MHU_FOTA_ReqAll,MHU_FOTA_ReqAll_04,39,8,,SCF0
INF6FF4708_DIA6FF4708,Msg,Info_CAN,0x6ff,DIAG_Req_All_Ecu,DiagReqAllEcuData5,47,8,,Diag_CAN,0x6ff,DIAG_Req_All_Ecu,DiagReqAllEcuData5,47,8,,SCF0
INF6FF4708_INF6EE4708,Msg,Info_CAN,0x6ff,DIAG_Req_All_Ecu,DiagReqAllEcuData5,47,8,,Info_CAN,0x6ee,MHU_FOTA_ReqAll,MHU_FOTA_ReqAll_05,47,8,,SCF0
INF6FF5508_DIA6FF5508,Msg,Info_CAN,0x6ff,DIAG_Req_All_Ecu,DiagReqAllEcuData6,55,8,,Diag_CAN,0x6ff,DIAG_Req_All_Ecu,DiagReqAllEcuData6,55,8,,SCF0
INF6FF5508_INF6EE5508,Msg,Info_CAN,0x6ff,DIAG_Req_All_Ecu,DiagReqAllEcuData6,55,8,,Info_CAN,0x6ee,MHU_FOTA_ReqAll,MHU_FOTA_ReqAll_06,55,8,,SCF0
INF6FF6308_DIA6FF6308,Msg,Info_CAN,0x6ff,DIAG_Req_All_Ecu,DiagReqAllEcuData7,63,8,,Diag_CAN,0x6ff,DIAG_Req_All_Ecu,DiagReqAllEcuData7,63,8,,SCF0
INF6FF6308_INF6EE6308,Msg,Info_CAN,0x6ff,DIAG_Req_All_Ecu,DiagReqAllEcuData7,63,8,,Info_CAN,0x6ee,MHU_FOTA_ReqAll,MHU_FOTA_ReqAll_07,63,8,,SCF0
INF70B0764_BOD70B0764,Msg,Info_CAN,0x70b,SEED_CAN_Req6_BCM,SEED_CAN_Req6,7,64,,Body_CAN,0x70b,SEED_CAN_Req6_BCM,SEED_CAN_Req6,7,64,,SCF0
INF70D0764_PWT70D0764,Msg,Info_CAN,0x70d,SEED_CAN_Req7_VCU_PT,SEED_CAN_Req7,7,64,,PT_CAN,0x70d,SEED_CAN_Req7_VCU_PT,SEED_CAN_Req7,7,64,,SCF0
INF7370764_BOD7370764,Msg,Info_CAN,0x737,SEED_CAN_Req21_ETG,SEED_CAN_Req21,7,64,,Body_CAN,0x737,SEED_CAN_Req21_ETG,SEED_CAN_Req21,7,64,,SCF0
INF7510403_PWT7510403,Msg,Info_CAN,0x751,VCU_DebugDiag,VCU_DebugDiag2,4,3,,PT_CAN,0x751,VCU_DebugDiag,VCU_DebugDiag2,4,3,,SCF0
INF7510703_INF7510703,Msg,Info_CAN,0x751,VCU_DebugDiag,VCU_DebugDiag1,7,3,,Info_CAN,0x751,VCU_DebugDiag,VCU_DebugDiag1,7,3,,SCF0
INF7510903_PWT7510903,Msg,Info_CAN,0x751,VCU_DebugDiag,VCU_DebugDiag5,9,3,,PT_CAN,0x751,VCU_DebugDiag,VCU_DebugDiag5,9,3,,SCF0
INF7511203_PWT7511203,Msg,Info_CAN,0x751,VCU_DebugDiag,VCU_DebugDiag4,12,3,,PT_CAN,0x751,VCU_DebugDiag,VCU_DebugDiag4,12,3,,SCF0
INF7511503_PWT7511503,Msg,Info_CAN,0x751,VCU_DebugDiag,VCU_DebugDiag3,15,3,,PT_CAN,0x751,VCU_DebugDiag,VCU_DebugDiag3,15,3,,SCF0
INF7511603_PWT7511603,Msg,Info_CAN,0x751,VCU_DebugDiag,VCU_DebugDiag8,16,3,,PT_CAN,0x751,VCU_DebugDiag,VCU_DebugDiag8,16,3,,SCF0
INF7511903_PWT7511903,Msg,Info_CAN,0x751,VCU_DebugDiag,VCU_DebugDiag7,19,3,,PT_CAN,0x751,VCU_DebugDiag,VCU_DebugDiag7,19,3,,SCF0
INF7512203_PWT7512203,Msg,Info_CAN,0x751,VCU_DebugDiag,VCU_DebugDiag6,22,3,,PT_CAN,0x751,VCU_DebugDiag,VCU_DebugDiag6,22,3,,SCF0
INF7512603_PWT7512603,Msg,Info_CAN,0x751,VCU_DebugDiag,VCU_DebugDiag10,26,3,,PT_CAN,0x751,VCU_DebugDiag,VCU_DebugDiag10,26,3,,SCF0
INF7512903_PWT7512903,Msg,Info_CAN,0x751,VCU_DebugDiag,VCU_DebugDiag9,29,3,,PT_CAN,0x751,VCU_DebugDiag,VCU_DebugDiag9,29,3,,SCF0
INF7513303_PWT7513303,Msg,Info_CAN,0x751,VCU_DebugDiag,VCU_DebugDiag13,33,3,,PT_CAN,0x751,VCU_DebugDiag,VCU_DebugDiag13,33,3,,SCF0
INF7513603_PWT7513603,Msg,Info_CAN,0x751,VCU_DebugDiag,VCU_DebugDiag12,36,3,,PT_CAN,0x751,VCU_DebugDiag,VCU_DebugDiag12,36,3,,SCF0
INF7513903_PWT7513903,Msg,Info_CAN,0x751,VCU_DebugDiag,VCU_DebugDiag11,39,3,,PT_CAN,0x751,VCU_DebugDiag,VCU_DebugDiag11,39,3,,SCF0
INF7514003_PWT7514003,Msg,Info_CAN,0x751,VCU_DebugDiag,VCU_DebugDiag16,40,3,,PT_CAN,0x751,VCU_DebugDiag,VCU_DebugDiag16,40,3,,SCF0
INF7514303_PWT7514303,Msg,Info_CAN,0x751,VCU_DebugDiag,VCU_DebugDiag15,43,3,,PT_CAN,0x751,VCU_DebugDiag,VCU_DebugDiag15,43,3,,SCF0
INF7514603_PWT7514603,Msg,Info_CAN,0x751,VCU_DebugDiag,VCU_DebugDiag14,46,3,,PT_CAN,0x751,VCU_DebugDiag,VCU_DebugDiag14,46,3,,SCF0
INF7515003_PWT7515003,Msg,Info_CAN,0x751,VCU_DebugDiag,VCU_DebugDiag18,50,3,,PT_CAN,0x751,VCU_DebugDiag,VCU_DebugDiag18,50,3,,SCF0
INF7515303_PWT7515303,Msg,Info_CAN,0x751,VCU_DebugDiag,VCU_DebugDiag17,53,3,,PT_CAN,0x751,VCU_DebugDiag,VCU_DebugDiag17,53,3,,SCF0
INF7516003_PWT7516003,Msg,Info_CAN,0x751,VCU_DebugDiag,VCU_DebugDiag20,60,3,,PT_CAN,0x751,VCU_DebugDiag,VCU_DebugDiag20,60,3,,SCF0
INF7516303_PWT7516303,Msg,Info_CAN,0x751,VCU_DebugDiag,VCU_DebugDiag19,63,3,,PT_CAN,0x751,VCU_DebugDiag,VCU_DebugDiag19,63,3,,SCF0
INF7DF0708_DIA6FF0708,Msg,Info_CAN,0x7df,Diag_Request_ECU,Diag_Request_ECU_Data0,7,8,,Diag_CAN,0x6ff,DIAG_Req_All_Ecu,DiagReqAllEcuData0,7,8,,SCF0
INF7DF0708_INF6EE0708,Msg,Info_CAN,0x7df,Diag_Request_ECU,Diag_Request_ECU_Data0,7,8,,Info_CAN,0x6ee,MHU_FOTA_ReqAll,MHU_FOTA_ReqAll_00,7,8,,SCF0
INF7DF1508_DIA6FF1508,Msg,Info_CAN,0x7df,Diag_Request_ECU,Diag_Request_ECU_Data1,15,8,,Diag_CAN,0x6ff,DIAG_Req_All_Ecu,DiagReqAllEcuData1,15,8,,SCF0
INF7DF1508_INF6EE1508,Msg,Info_CAN,0x7df,Diag_Request_ECU,Diag_Request_ECU_Data1,15,8,,Info_CAN,0x6ee,MHU_FOTA_ReqAll,MHU_FOTA_ReqAll_01,15,8,,SCF0
INF7DF2308_DIA6FF2308,Msg,Info_CAN,0x7df,Diag_Request_ECU,Diag_Request_ECU_Data2,23,8,,Diag_CAN,0x6ff,DIAG_Req_All_Ecu,DiagReqAllEcuData2,23,8,,SCF0
INF7DF2308_INF6EE2308,Msg,Info_CAN,0x7df,Diag_Request_ECU,Diag_Request_ECU_Data2,23,8,,Info_CAN,0x6ee,MHU_FOTA_ReqAll,MHU_FOTA_ReqAll_02,23,8,,SCF0
INF7DF3108_DIA6FF3108,Msg,Info_CAN,0x7df,Diag_Request_ECU,Diag_Request_ECU_Data3,31,8,,Diag_CAN,0x6ff,DIAG_Req_All_Ecu,DiagReqAllEcuData3,31,8,,SCF0
INF7DF3108_INF6EE3108,Msg,Info_CAN,0x7df,Diag_Request_ECU,Diag_Request_ECU_Data3,31,8,,Info_CAN,0x6ee,MHU_FOTA_ReqAll,MHU_FOTA_ReqAll_03,31,8,,SCF0
INF7DF3908_DIA6FF3908,Msg,Info_CAN,0x7df,Diag_Request_ECU,Diag_Request_ECU_Data4,39,8,,Diag_CAN,0x6ff,DIAG_Req_All_Ecu,DiagReqAllEcuData4,39,8,,SCF0
INF7DF3908_INF6EE3908,Msg,Info_CAN,0x7df,Diag_Request_ECU,Diag_Request_ECU_Data4,39,8,,Info_CAN,0x6ee,MHU_FOTA_ReqAll,MHU_FOTA_ReqAll_04,39,8,,SCF0
INF7DF4708_DIA6FF4708,Msg,Info_CAN,0x7df,Diag_Request_ECU,Diag_Request_ECU_Data5,47,8,,Diag_CAN,0x6ff,DIAG_Req_All_Ecu,DiagReqAllEcuData5,47,8,,SCF0
INF7DF4708_INF6EE4708,Msg,Info_CAN,0x7df,Diag_Request_ECU,Diag_Request_ECU_Data5,47,8,,Info_CAN,0x6ee,MHU_FOTA_ReqAll,MHU_FOTA_ReqAll_05,47,8,,SCF0
INF7DF5508_DIA6FF5508,Msg,Info_CAN,0x7df,Diag_Request_ECU,Diag_Request_ECU_Data6,55,8,,Diag_CAN,0x6ff,DIAG_Req_All_Ecu,DiagReqAllEcuData6,55,8,,SCF0
INF7DF5508_INF6EE5508,Msg,Info_CAN,0x7df,Diag_Request_ECU,Diag_Request_ECU_Data6,55,8,,Info_CAN,0x6ee,MHU_FOTA_ReqAll,MHU_FOTA_ReqAll_06,55,8,,SCF0
INF7DF6308_DIA6FF6308,Msg,Info_CAN,0x7df,Diag_Request_ECU,Diag_Request_ECU_Data7,63,8,,Diag_CAN,0x6ff,DIAG_Req_All_Ecu,DiagReqAllEcuData7,63,8,,SCF0
INF7DF6308_INF6EE6308,Msg,Info_CAN,0x7df,Diag_Request_ECU,Diag_Request_ECU_Data7,63,8,,Info_CAN,0x6ee,MHU_FOTA_ReqAll,MHU_FOTA_ReqAll_07,63,8,,SCF0
